ID,Rating,Review,word_count
,1,very worst experience,3
,1,waste of money,3
,1,its very much thin waste of money,7
,1,waste of money very bad taste installation not good cheating,10
,1,leakage of water,3
,1,very bad quality,3
,1,not at all workingvery poor quality and bad product,9
,1,very bad quality,3
,1,not good at all,4
,1,heating very much,3
,1,very low lighting,3
,1,hrx support is very bad,5
,1,cheap material not worth for money,6
,1,adjust problem hook not locking very cheap strap,8
,1,its not ok,3
,1,very small in size,4
,1,data transfer speed is very slow,6
,1,useless please dont buy this seeds,6
,1,very bad quality,3
,1,vary bad fan no speed no air,7
,1,bad sound quality,3
,1,waste of money,3
,1,poor sound quality,3
,1,best dslr for starting one in 19990rs good,8
,1,not good after wash faded,5
,1,waste of money and time very bad product,8
,1,very poor quality,3
,1,dont waste ur money quality is not good,8
,1,waste of money ðði am disappointed,6
,1,dont waste your money,4
,1,product is not good,4
,1,colour not same,3
,1,stopped working after 15 month,5
,1,not support of prime videos,5
,1,not good product,3
,1,terrible customer support just dont buy this product,8
,1,size is very small,4
,1,too small in size,4
,1,dont give the demo,4
,1,very disappointed not at all smash well,7
,1,heat not holding even 30 minutes also,7
,1,quality is very bad after 15 days is cloth holes,10
1719.0,1,the motor became jam in 20 days,7
,1,bakwaas products plz dont buy m caffeine product,8
,1,broken platesðð but good quality,5
,1,not worth it totally a waste of money,8
,1,received faulty cartridgeprinter not detecting the same,7
,1,it is okbut not worthfull comparing with product price,9
,1,leakage by auto cut butten from bottom,7
,1,worst experience this product is overpriced,6
,1,hitting problem and smoll filter not extra filter,8
,1,worst football like any thing flip kart is cheaters,9
,1,totaly waste of money,4
,1,dont waste ur money øæ,5
,1,quality not good,3
,1,range is very poor not even 10 meters,8
,1,very bad product,3
,1,very bad product dont buy it,6
,1,very bad prodect,3
,1,not so good,3
,1,poor quality no spire available pin broken in three days,10
,1,very poor product,3
,1,worst producthated itt,3
,1,worst product it was not work with in 2months,9
,1,aquagrand product is very good,5
,1,wifi not working,3
,1,its very bad cloth is not good,7
,1,poor quality vary bad product ðð,6
,1,doesnt match at all with add shown in app,9
,1,3rd class quality,3
,1,so light weight not good,5
,1,broken in just 3 days,5
,1,quality bad cloth not good,5
,1,very bad to warest,4
,1,very poor matrial quality and color feel very vwry bad,10
,1,recieved broken piece,3
,1,not user friendly useless to me want to return,9
,1,very worst product dont be west your money,8
,1,heavy heat produce in motor,5
,1,dont buy this tv worst display,6
,1,very very wrost product,4
,1,very slow moving fan,4
,1,very bad quality,3
,1,waste of money its not vermicompost,6
,1,âââââââââââvery badthey fool customers by good reviews,7
,1,dont buy damge products not working,6
,1,this product is really extremely worst product,7
1742.0,1,dont purchase this smartphone,4
,1,this product is not goodplease dont take it here,9
,1,very very very worst product,5
176.0,1,dont buy this phone it has bad camera quality,9
,1,weight lesscloth not stiff,4
,1,after the first wash its slightly discoloured has been noticed,10
,1,very worst quality print brightness low,6
,1,in a month the joints have come apart,8
,1,very bad product,3
,1,meterial is very poor qualityð,5
,1,not so good dont buy,5
,1,very poor product,3
,1,not good quality flipkart service not good,7
,1,fan is vibrating not god,5
,1,2 hours for cocking time dont busy this product,9
,1,useless bcz of paper,4
,1,its very heavy wall screw is very short,8
,1,motor is not working,4
,1,dont waste your money,4
,1,quality not soo gooodd waste of money ðððð,8
,1,torn after first use itself,5
,1,very small and immature plant,5
,1,dont purchase major side effects hai iske,7
,1,dont waste your money,4
,1,madar chud company its too bad device,7
,1,very bad product,3
,1,55 inch hight men not feet,6
,1,not good quality,3
,1,very poor quality,3
,1,very bad deliverynot good product,5
,1,not good very low,4
,1,not bed sees but seeds not for grow,8
,1,properly not working this products very worst,7
,1,worst performance evernot durable dont buy at alll,8
,1,not good quality,3
,1,quality of the product is too poor,7
,1,product quality very poor,4
,1,very bad quality dont purchase,5
,1,waste of money cheap,4
,1,very worst design,3
,1,very small size,3
,1,ok ok qualityno grip when you walkingwest of money ý,10
,1,looking smart but not good working,6
,1,not good itam,3
,1,so bad dont wast your moneyi,6
,1,hp 46 black ink prints only 650 pages,8
,1,veri poor quality item,4
,1,dont purchase this item irritating stuff,6
,1,wast of maney,3
,1,so so so bad,4
,1,no purchase this oven very bad experience ever,8
,1,not as expected,3
,1,stopped working after 20 days no good customer support,9
,1,poor quality turn remort button not avail,7
,1,dont buy waste of money,5
,1,wrost shoes ever dont buy,5
,1,poor quality not able to return also,7
,1,product stopped working after one week,6
,1,my product is not working,5
,1,very dirty online flipkart product i never seen,8
,1,very bad products,3
,1,product qualiti is not good product finishing very bed,9
,1,transfer speed not good,4
,1,very poor item,3
,1,quality good but size very small 4x5,7
,1,it is small and not comfortable,6
,1,bulb fuse in a month,5
,1,this product was dead,4
,1,not bad product,3
,1,water not heating its damaged,5
,1,bad experience no worth of this,6
,1,waste of money,3
,1,clock stop working after few days,6
,1,charging issuesonly one 500mah battery includedplaying time 15 only minutes,10
,1,too bad unwancise,3
,1,dont buy this product ððððððð,5
,1,very bad and very poor quality dont buy this product,10
,1,chitar selar only 5kg and soil mix product,8
,1,poor quality not satisfied not for heavy cold,8
,1,quality is not good as shown,6
,1,waste of product,3
,1,very bad product pls dont purchase,6
,1,not good very poor quality,5
,1,very bad experience with this dont buy,7
,1,very bad celling fan,4
,1,every few days connecting problem,5
,1,waste of money,3
,1,waste power bankit will not working after few days,9
,1,missing product and small,4
,1,dont buy totally wasteuseless engineer who made thischeating flipcart,9
,1,not working properly,3
,1,quality is not good,4
,1,motar is very loud noise bad product,7
,1,not working only,3
,1,its shaking rods are coming out,6
,1,item brand other,3
,1,third classworst qualitydont buy,4
,1,worst product dont waste your money,6
,1,worst product waste of money,5
,1,not good ð,3
,1,received a defective productmotor does not start,7
,1,spoiled my watch by this charger,6
,1,worst dont waste money,4
3111.0,1,bad very bad,3
,1,not worthy product,3
,1,very bed products in flipkart,5
,1,product is goodbut there is no sizes option,8
,1,very bad and dirty evn broken,6
,1,fabric quality very poor,4
,1,the table clock is not working,6
,1,worsted product all ready replacement not working bass ððð,9
,1,bad product money vest,4
,1,poor and unclean fabric material and smells dirty,8
,1,quality very low,3
,1,very worst experience it only 3 kg,7
,1,toooooo small size,3
,1,picture quality is very dull,5
,1,very tight not satisfied,4
,1,size very small and price so high,7
,1,size no fit,3
,1,not good product,3
,1,bad product side effects problem,5
984.0,1,camera working not sertify,4
,1,dont buy this one worst product,6
,1,quality is very low,4
,1,i am not satisfied,4
,1,the product had poor quality had broken hinges,8
,1,lights not working well,4
,1,product is very very bad quality,6
,1,very bad quality and size,5
,1,very bad product do not buy any one purchase d,10
,1,weight was not okvery disappointing,5
,1,very low product,3
,1,its not working waste product and ur rejected the replacement,10
,1,very bad product,3
,1,product is damaged,3
,1,waste of money,3
,1,not good for dough making also acc are not useful,10
,1,worst product dont buy this,5
,1,product is not so good,5
,1,very bad quality it is lake a basketball,8
,1,poor in quality,3
,1,build quality is very bad it has rusted screws,9
,1,very bad quality,3
,1,noise level is high,4
,1,very poor my money is totally waste in this product,10
,1,this is only a waste not fertilizer,7
,1,only two day used colour shades ª,7
,1,freezercool is not controlled it was very cool,8
,1,worrest product no use,4
,1,after wash is colour shade,5
,1,got broken pack bowls were broken,6
,1,no proper holes to assemble,5
,1,not like cloth quality not good,6
,1,very bad sht and not worthy,6
,1,not good quality,3
,1,switch no on off,4
,1,very poor quality worst product,5
,1,not working please dont waste your money,7
,1,waste of money temperature doesnt remain for more than 1hr,10
,1,very worst product,3
1436.0,1,very bad performancephone is hangtime to time,7
,1,vibrator motor runs repeatedly,4
,1,small in size 2pcs damage,5
,1,please dont buy,3
,1,nice product but size is not right size,8
,1,very bad table not stable at all,7
,1,not worth of money,4
,1,defective product received,3
,1,bad product l am purchased,5
630.0,1,not that good that mentioned,5
,1,size is not perfect,4
,1,very worst product,3
,1,not good this product order please,6
,1,very bad toy,3
1400.0,1,flipkart is always dispointed me,5
,1,material is not strong not value for money,8
,1,product is the not good,5
,1,very bad quality niddle broken so easily,7
,1,very bad quality blanket,4
,1,only for office use not for regular use,8
,1,not good product,3
,1,it causes pimples to my faceand dont get absorbed,9
65.0,1,very bad experience,3
,1,very low quality,3
,1,waste of money n product is transparency,7
,1,otg connection issue,3
,1,cheap material not worth for money,6
,1,money waste product,3
,1,worsted qualitylot of air leakages,5
,1,this is not good,4
,1,bad very bad dont parchese this,6
,1,matters very poor,3
,1,not good dont buy,4
,1,very bad quality plz do not purchase this product,9
,1,product is not working properly not useful product,8
,1,plates or bowl small size,5
,1,too much poor qualitynot working,5
,1,data storage to hard disk not working failure this product,10
,1,worst product cheated me,4
,1,not worth buying difficult to use,6
,1,dont buy bad shoes,4
,1,very bad product dont buy it,6
,1,waste of moneynot good not strong,6
,1,not good ðð¾,3
,1,too much noisy n not working properly,7
,1,very smallthis is dinner setððð,5
,1,size is too small,4
,1,nobody came for installation even after 2 weeks,8
,1,instillation is very bad,4
,1,jar not available,3
,1,very bad product,3
,1,very poor quality waste of money,6
,1,worstdont waste your money,4
,1,not a good quality products torn in a few days,10
,1,i m not satisfying this tablet,6
,1,jar cap not closing,4
,1,slow cook time taking,4
,1,money waste very worst,4
,1,uncomfortable wrost product,3
,1,cartridge is bad,3
,1,not operate properly,3
,1,nice product can use,4
,1,wast of money,3
,1,worst products in 100 pages,5
,1,it s not good,4
,1,poor fabric quality,3
,1,its not heating fast dont buy please,7
,1,i purchased it for ma bro back wheel not working,10
,1,39 seeds onlywaste of moneyseeds not good,7
,1,very small in size15gm,4
,1,not best product,3
,1,the worst fans,3
,1,dont buy it waste of money,6
,1,very cheap and poor quality very very poor quality,9
,1,very poor quality,3
,1,no faast charger,3
,1,smaller than expected,3
,1,quality is very bad,4
,1,mic is extremely poor,4
,1,quality is very poor,4
,1,verest product is not coming,5
,1,the charger stopped working in its warranty period,8
,1,waste of money,3
,1,quality is worsestop working within 1 day,7
,1,not good products,3
,1,not value for money,4
,1,very bed experience,3
,1,iron not heating,3
,1,very bad experience very bad very bad,7
,1,not working proper,3
,1,very bad quality,3
,1,it is to bad,4
,1,this is bad product,4
,1,very small size,3
,1,this laptop is only for coding and programming,8
793.0,1,very big and very worst performance total money waste,9
,1,very small size,3
,1,handle and the brush separated immediately,6
,1,very poor qualitycompare with price bad quality,7
2039.0,1,waste of money,3
,1,not good no speed,4
,1,dont buy this settop box waste product,7
,1,very bad product sandal damaged even in one day usage,10
,1,bad qulity donât buy,4
,1,tactically problem with this router unable to setup this router,10
,1,very bad quality,3
,1,i received non working product,5
,1,very thin cloth,3
,1,dont purchase this product defective item received very bad experience,10
,1,very bad quality and worst fitting,6
,1,its not loud,3
,1,i dont like this product,5
,1,very bad quality,3
,1,very disappointed with this product ink cartridge was empty,9
,1,very bad quality,3
,1,third class products,3
,1,really badsoooo hard,3
1620.0,1,very bad mobile phone and flipkart service very very bad,10
,1,worst experience with flipkart,4
,1,issue with not worked asking for replacement too bad,9
,1,bad prdouct stik is very dificult to use dont buy,10
,1,quality is low,3
2003.0,1,motor sound very high,4
,1,ery bad quilty porduct,4
,1,otg is not working,4
,1,product is damage,3
,1,worst pillow ever bad quality and packing,7
,1,its not working properly,4
,1,not good candecen,3
,1,blanket is too thin,4
,1,waste of moneydont buy this product battery was very poor,10
,1,product is very bad quality iam not happy,8
,1,voice not clearvery pooràtotal west of money please dont buy,10
,1,material is not good,4
,1,waste product within two days colour has been gone,9
,1,very small in size,4
,1,brake broke in 2 days,5
,1,product is the quality is the low,7
,1,very bad quality,3
,1,jar blade quality is not good,6
,1,heating not maintain long time,5
,1,worst productdont buywithin one month its gone,7
,1,bad its not good,4
,1,bad quantity and material,4
,1,died within four days,4
,1,waste of money,3
,1,waste of money,3
,1,seed cannot germination plzz dont buy this is poor quality,10
,1,waste of money very bad product,6
,1,it is not working,4
,1,battery full charge 60 minat chala,6
,1,pathetic product quality,3
,1,i dont think its effective,5
,1,soundcamera display quality are very bad waste of money,9
,1,pls replesment my product product probalam,6
,1,very small plant so dont waste your money,8
,1,worst productwaste of money,4
,1,stopped working within 2 weeks,5
,1,it is very bad quality,5
,1,veri bad item,3
,1,this is waste of money battery is not working properly,10
,1,very poor quality it will not worth for the price,10
,1,size not good,3
,1,to hard not comfortable to use,6
,1,very very bad oooooii,4
,1,product is not good,4
,1,not satisfied with fabric,4
,1,very bad product dont believe this,6
,1,worst product dont buy it,5
,1,very bad like road side clothes,6
,1,waste of money,3
,1,worst product remote not worked helicopter automatically runned,8
,1,very smallnot bad product but too small,7
,1,wastage of money,3
,1,very poor product,3
,1,very bad quality,3
,1,worst product camera is not working after just 1 month,10
,1,its not opening apps hangout low performance,7
,1,bad ink quality,3
,1,bad quality material totally not worth the price,8
,1,waste of money,3
,1,poor quality dont buy no return policy,7
,1,no one seed germinated waste product,6
,1,bedsheet is too thin ie tc is very less,9
,1,very poor qualitynot recommended to buy,6
,1,quality is 3 class,4
,1,one bowl was broken,4
,1,very bad quality cotton,4
,1,dont purchase not worthy,4
,1,quality is not good,4
,1,worst quality of the product,5
,1,very bad product,3
1238.0,1,phone is hacking problem,4
,1,wasted of money,3
,1,very bad product,3
,1,more sense are not growing on these packet,8
,1,hight is very less,4
,1,remote not working after 20 days of purchase,8
,1,43pcs balloons ð,3
,1,very poor product quality wise,5
,1,such a worse product waste of money,7
,1,note charging not backup only one month under defeated,9
,1,dont buy this product,4
,1,the sticker started coming out from the date of delivery,10
,1,very bad product,3
,1,too worst quality,3
,1,wast of money plz dont buy,6
,1,if u r buying by looking wifi its horrible,9
,1,very chip quality,3
,1,waste of money,3
,1,not working stoping every half n hour,7
,1,material quality is so bad,5
,1,very small size,3
,1,not sure for oil skin,5
,1,waste of money it working only 20days money waste,9
,1,cheap quality product,3
,1,so for good so for bad,6
,1,very bad quality,3
,1,bad ð quality,3
,1,very poor quality,3
,1,its not good ðº,4
,1,cadridge not working,3
,1,soo much good nhi,4
,1,just ok product not worthy cant see any difference,9
,1,very bad quality,3
,1,product is very small dont buy waste of money,9
,1,bad product bad,3
,1,very poor product,3
,1,very bed quality,3
,1,hair loss problemgastic problemi think waste of money,8
,1,very bad poor quality,4
,1,waste of moneynot good not strong,6
,1,worst product worked only 15 days,6
,1,worst quality and they not taken back pls dont buy,10
,1,dont buy very very bad,5
,1,wast of money worst product wast of time,8
,1,i not happy thismottor is not work,7
,1,found a defective piece bad packing no option for replacement,10
,1,no download update and wireless display problem,7
,1,its not working,3
,1,very small no refund burning smell,6
,1,i am not happy with camera,6
,1,worst everno fittingseems like trouser of 1980s,7
,1,its not only,3
,1,worst product my data has been lost completely,8
,1,very nice so good,4
,1,when i received any call them automatically call end,9
,1,very bad product dont buy,5
,1,it not fixed properly,4
,1,very small size and breakable easily,6
,1,size is very very small,5
,1,very bad product,3
,1,very aprailpool and quality is low,6
,1,lens are blur unexpected product,5
,1,vary bad quantity,3
,1,wast of money,3
3174.0,1,disappointed with the product,4
,1,very worest product,3
,1,not working after 1 year from date of purchase,9
,1,wrost quality product,3
,1,superb i love it nice quality,6
,1,havells service is very bad dont buy any havells productððð,10
,1,quality not gud,3
,1,bad product money wastejars leaking on lid,7
,1,its bad product and i will advice not to purchase,10
,1,cant even keep the water hot for 5 hours,9
,1,it is also bad product west your money,8
,1,very large size not fit in pocket,7
,1,poor quality colour drop,4
,1,very duplicate it broke before one month,7
,1,very bad quality,3
2498.0,1,worst quality waste of money,5
3190.0,1,product really wasted its not wardrobe its like shoe rack,10
,1,very poor quality,3
,1,very bad quality,3
,1,this is not a quality product i hate this,9
,1,not worth for cost,4
3065.0,1,no enough equipment,3
,1,poor quality damaged in very short time,7
,1,very bad product,3
2199.0,1,hdmi cable very poor quality,5
,1,very poor brake not worth for money,7
,1,products not good,3
,1,not performing task properly,4
,1,wrost prod fabric got deteriorated within 2 wash,8
,1,fabric quality bad not as expected,6
,1,the quality of the product is not good,8
,1,never ever buy this product quality was not good,9
,1,very local phone very very bad,6
,1,this is not good,4
,1,not good product very bed peking very slow dilivry,9
,1,not worth for money,4
,1,poor quality wast of money touch button not working,9
,1,after two month use the device didnt bootopen,8
,1,bleu collor bad,3
,1,product quality not better,4
,1,its too small unexpected,4
,1,colour of dullbedsheet cotton but not good colour,8
,1,full damage protect,3
,1,material is not good n no soft,7
,1,worst quality items,3
,1,not good its faltuðð³,4
,1,no bettery back up not work well,7
,1,very bad product and very very bad for his service,10
,1,suction is very low dont buy it,7
,1,very bad fan,3
,1,nor good as described,4
,1,not buying this product,4
,1,very very bad quality,4
,1,i hate this product,4
,1,it is not working after 10 days of purchas,9
,1,the product is useless and waste of money,8
,1,no1 thirt class product dont buy hdmi not connected arc,10
,1,useless and pricey,3
,1,dont buy this product it does not wash properly,9
,1,it is not large just making foolvery costly,8
,1,very small product waste of money,6
,1,not that good not happy,5
,1,speeker not support,3
,1,very poor product,3
,1,its very bad,3
,1,my keyboard isnt workin so disappointedvery bad flipkart,8
,1,battery backup is very low worst product,7
3232.0,1,very bad product,3
,1,very poor quality dont buy this,6
,1,very low quality,3
,1,very slow rpm speed very bad in this cast,9
,1,its not good quality,4
,1,not a good product,4
,1,quality is too bad at the price mentioned,8
,1,not as expected,3
,1,stitching is not good torn in one wash,8
,1,bad product very bad 6hrs letter internet connection off continue,10
,1,not good in quality,4
,1,so cheep quality and product not working,7
,1,not best quality,3
,1,product is good but received damaged,6
,1,size not fit,3
,1,very bad ð,3
,1,too small size,3
,1,not as per expectations,4
,1,too much noise,3
,1,dont buy this is made in china,7
,1,not goodpoor quality and defective pieces sold,7
,1,product packing damaged,3
,1,itâs not that much good,5
,1,sensors are not working my helicopter fly away,8
,1,very baid product,3
,1,very good item spend of the cost,7
,1,amazing goes inside even small spaces,6
,1,product quantity is low during cycling the peddle got out,10
,1,poor quality dont bay waist of money,7
,1,not fit for outdoor camera,5
,1,very bad quality and so much dispointed this product,9
,1,doesnt get connected to many wifi connections,7
,1,worst after wash,3
,1,wast product plz dont by this,6
,1,poor quailty product,3
,1,not good this product,4
,1,not working in first day,5
,1,air flow is not good,5
,1,i got tv with display complaint,6
,1,the painting of tshirt was removing,6
,1,it not detects wifi,4
,1,not working properly easily slip from one place to another,10
,1,worst quality dont buy it,5
,1,quality is bad,3
,1,slow process and over heating,5
,1,worst product my data has been lost completely,8
,1,please dont buy not working,5
,1,very bad quality cotton,4
,1,bad product after 3 month blinking display,7
,1,very bad quality,3
,1,bad very bad,3
,1,very poor quality,3
,1,very very bad,3
,1,not connected to more than one device,7
,1,the product is not good poor quality,7
421.0,1,send damage product dont buy,5
,1,in a word not satisfied,5
,1,product just lasted 1 month with very minimal use,9
,1,product not working at all,5
,1,very poor quality waste of money,6
,1,it is very bad product,5
,1,feeling more sleepy after having it,6
,1,extremely poor product not of good quality,7
,1,very bad fan no policy return,6
,1,dont buy poor quality,4
,1,worst product ever dissappoint with flipkart,6
,1,very very bad product dont buy,6
,1,remote is very delicate,4
,1,useless product broke soon,4
,1,not able to connect,4
,1,it is defective can not use want to return,9
,1,no change in taste,4
,1,not comfortable at all,4
,1,not workingonly worked 3days,4
,1,after installing the cartridge ink level is showing as zero,10
,1,low sound and not good very bad item dont choose,10
,1,very small size not for value,6
,1,very worst moisturizer lots of oily effect,7
,1,poor in quality,3
,1,its not working west my mony,6
,1,not bad but not so soft quality not so good,10
,1,cardbord material bad quality,4
,1,very bad quality,3
,1,local chaap product labour quality,5
,1,material is not good,4
,1,very cheap quality,3
,1,very bad product very chip kind of quality used,9
,1,no water proof,3
,1,dont buy this ball 100 too bad ball,8
,1,very low quality product only very bad product,8
,1,product is not good,4
,1,waste product not hot,4
1050.0,1,grill is not good,4
,1,got broken piece,3
,1,inverter is not charged my battery inverter is not working,10
,1,not strong very delicate,4
,1,waste of money bad quality,5
,1,very small size,3
,1,sound quality is not good,5
,1,product quality is very bad,5
,1,not worth the money after 3 months not working,9
,1,overal product not wow product just ok ok product,9
,1,cook and warm buttons not working properly,7
,1,not detecting files in tv,5
,1,poco c31 not good mobile,5
,1,very bad products battery backup very low,7
,1,very bad product totally wastage of money,7
,1,waste of money dont buy,5
,1,dont buy this productwaste of money,6
,1,dont buy ever from flipkart,5
,1,waste of money,3
,1,dont best your monny this is verry bad proudect,9
,1,this products 6 size is oversized worst experience,8
,1,dont buy very cheap product,5
,1,casting not properly supported like video and images,8
,1,poor product look like old,5
,1,the prise is very high,5
,1,quality is not good,4
,1,it was very bad,4
,1,50 seed germination,3
,1,good but not satisfied this product ðððð,7
,1,very poor quality and printing is missingthreads are missing,9
,1,not properly quality,3
,1,worst product i will never seen in flipkart,8
,1,not fitted properly in other mop rod,7
,1,great deal best price,4
,1,very dad product,3
,1,bad stitchingover size,3
,1,very bad product,3
,1,waste of money like was not perfectpoor quality,8
,1,third classno pressure,3
,1,price is too highnot worth it,6
,1,sending poor products,3
,1,not work waest of money,5
1422.0,1,not working properly after 1 month,6
,1,dont buy this item colour fade in one wash,9
,1,worst worstit is automatically off while charging amobile,8
,1,price drop too noice produce,5
,1,this product is very low quality,6
,1,after clean frist time the colour is not good,9
,1,the plants were so crushed ðð,6
,1,very bad product charge not charge watch dont buy,9
,1,low qualitybaad product,3
,1,very bad dont purchase guys,5
,1,it stopped working after 3 months of useits pathetic,9
,1,very poor not good quality,5
,1,third class product,3
,1,very bad product not grinding properly making over noice,9
,1,very bad product,3
,1,donât buy it,3
,1,this product is not a good for running,8
,1,5 gh wifi range is very low,7
,1,fabric quality not good,4
1560.0,1,phone is value for maney but camera is bad condition,10
,1,waste of money,3
,1,quality not good,3
,1,cloth and stick is low quality,6
,1,poor quality and very small in size,7
,1,nice but clothes is not so good very thin clothe,10
,1,poor quality and does not work properly,7
,1,sensor not working waste of money,6
,1,very low quality product,4
,1,dombest this i ever buy,5
,1,very bad quality and size problem small size,8
,1,very poor quality,3
,1,laptop get hanged while connecting not that much good experience,10
,1,bad quality please dont buy,5
,1,very slow rpm speed very bad in this cast,9
,1,please do not buy this product,6
,1,waste itom just two days working after dead,8
,1,worst quality ever,3
,1,bad quality not recommended,4
,1,its very bad,3
,1,best best best best best bestbest best best,8
,1,it is waste of money,5
,1,very bad do not buy,5
,1,low quality blanket,3
,1,worst productâ colour fadedam very disappointed,6
,1,not expected size,3
,1,hanging more when it is old,6
,1,price is more and meter is small,7
,1,quality not good as like only bad product,8
,1,its not good,3
1145.0,1,worst product dont buy,4
,1,very bad because calling function is not support,8
,1,worest quality and look like cheep rubber products,8
,1,not good quality,3
,1,waste quality very poor jars are not grinding properly,9
3092.0,1,very small in size,4
,1,bed creaks upper side,4
,1,worst product ÿ,3
,1,this is not cotton microfiber clothes,6
,1,fitting is not good,4
,1,material quality is so bad,5
,1,product is not good as u shown,7
,1,freezer is not working properly,5
,1,bought corner broken after 1 day of delivery date,9
,1,causal and not so good battery ð backup is worst,10
,1,itâs waste of money never go for it,8
,1,not good light weight,4
,1,best moneybad quality and missing items,6
,1,its not working waste of money,6
,1,no centre sponge hate my baby,6
,1,low quality waste money,4
,1,very poor and bad,4
,1,quality is low of clothes,5
,1,25mbps file transfer is very low,6
,1,so poorcheap quality,3
,1,only five aero seeds varieties of flowers dont buy,9
,1,bad prodct ðð,3
,1,the built of the body of this tab is worst,10
,1,bahut havy hh tutne ka chance v h,8
,1,bad quality durability is very low,6
,1,product is goodbut two plates broken,6
,1,it was so small ððððð,5
,1,worost product once charge after not switching on,8
,1,grind not well,3
,1,the glass big jar not working,6
,1,worst quality and not working,5
2094.0,1,dont buy this product because installation is very hard,9
,1,very poor quality please dont purchase this item,8
1058.0,1,worst phone damn damn heavy and camera quality is worst,10
,1,worst product ive ever seen before,6
,1,very poor quality in this budget,6
,1,dont by it doesnt work properly after 56 days,9
,1,not worth it did not work as specified,8
,1,very low quality,3
,1,bad paper type material,4
,1,very bad quality,3
,1,after 2month damagedâworst product dont buy it,7
,1,inadequate performanceneed to scrub all the vessels before loading,9
,1,dont buy poor quality,4
,1,ok type product range is too less,7
,1,very small in size,4
,1,worstleaves are loose,3
,1,very bad dont buy this,5
,1,dont buy dont work properly,5
,1,can not take tea for more than one hour,9
,1,its not working,3
,1,waste of money,3
,1,qualti is not good,4
,1,light is too low and remote not working well,9
,1,very poor quality money is wasted 20 days after that,10
,1,very bad quality product,4
,1,worst product with in one month remote not working,9
,1,i found my item as not running condition,8
,1,not good product,3
1423.0,1,very humid bad purchase poor quality total money waste,9
,1,broken piece sent,3
,1,produt no best,3
,1,waste quality lights are missing,5
,1,no assembly support will be provided,6
,1,that is no good product,5
,1,not good very small height shelf,6
,1,at this range the product is not best,8
,1,very poor quality,3
,1,size not slim fit and clothe no quality,8
,1,most bad quality in the world,6
,1,very bad qualityfaded in one wash,6
,1,waste of money no battery backup,6
,1,hdmi not supporting,3
,1,voor poor quality,3
,1,no quality waste proudect two legs not standarded,8
,1,very bad quality just sand,5
,1,normal product ha,3
,1,not working after 2 weeks,5
,1,third class quality i didnt expect from flipkart fully disappointed,10
,1,this watch is very much useless dont buy itð,9
,1,dont buy this product worthless,5
,1,buy mi router instead no range at all,8
,1,no assembly support will be provided,6
,1,pure bed product,3
,1,it doesnt workworst thing pls do not purchase,8
,1,product is low,3
,1,sound breaks at loud volume,5
,1,low quality totally disappointed,4
,1,worst and very bad product,5
,1,bad camera qualitydiplay quality also very badhang problem,8
,1,this is worst camera please dont buy,7
2885.0,1,poor quality bat not bed colour not same,8
,1,itâs quality is very bad,5
,1,battery backup is not good,5
,1,item is worst,3
,1,got this error several times ð,6
,1,very bad not able to grinde properly,7
,1,worst product within use of 6 months it broke,9
,1,wast for money ð,4
,1,very poor quality,3
,1,very bad quality,3
,1,product is not good quality,5
,1,this product is waste,4
,1,very poor quality,3
,1,worst product always needed a device to cast not recommended,10
,1,it makes high noise and give off motor burnt smell,10
,1,very bad paisa vasul local sound,6
,1,very poor and third class quality ð,7
,1,one is torn very bad,5
,1,quality is very bad broken while eating,7
,1,very poor quality this product,5
,1,its not connecting properly,4
3025.0,1,demo size 109 cm but this product is too smaller,10
,1,worst productworst product,3
,1,quality not good material is low quality,7
,1,very bad productwaste of mony,5
,1,very bad shoes dont buy,5
,1,within 3 months water heating stop,6
,1,waste of money,3
,1,not good flipkart no retan palisi,6
,1,finishing of the product is not satisfactory,7
,1,worst plz dont buy its really costally,7
1043.0,1,quality is not good,4
,1,very bad quality,3
,1,size is too small,4
,1,dont buy this product it stop working within a month,10
,1,very bad product,3
,1,it is broken while opening,5
,1,waste of money,3
,1,3rd class product with 3ed class service,7
,1,leakage within 4daysnot repairable,4
,1,its not good,3
,1,it ll not wash properly,5
,1,very cheap product,3
,1,verry very bad pls dont buy this butterfly750w,8
,1,after 10dy home theatre extra sound center speaker demage,9
,1,quality is not as expected not foldable and adjustable,9
,1,ved product hit capicati is only 12 hour,8
,1,quality not good poor finishing,5
,1,material not comfortable at all,5
,1,stopped working in 1 month,5
,1,low quality and bad fitting,5
,1,very poor products,3
,1,quality bagaleduvery bad smell,4
,1,dont waste of money,4
,1,quality is not good,4
,1,very bad stb and tubicast app not connected,8
,1,worst product dont buy anyone,5
,1,dead set no function,4
,1,bowls are really small good quality but small,8
,1,low quilitty scratch prodect,4
,1,donot buy this product black brodor,6
,1,very low quality,3
,1,not good it is taken time for hot water,9
,1,useless product worth it cheap product,6
,1,with one wash product damage,5
934.0,1,worst phone damn damn heavy and camera quality is worst,10
,1,very bad quality products,4
,1,it doesnt look like velvet,5
,1,bad product iron box is not working,7
,1,bowls are too small not worth overall,7
,1,poor quality packing damaged product received,6
,1,not good quality,3
,1,manufacturer defect product i hate it ð,7
,1,very poor quality for this high price,7
,1,dont buy this product ððððððð,5
,1,slow heating issues,3
,1,food is not workingvery bad product delivered,7
,1,worst product dont buy doesnt have return option also,9
,1,very bad not able to grinde properly,7
,1,open box and old remote,5
,1,waste of money,3
,1,foot ball quality is good,5
,1,its not working properly,4
,1,product quality is good but poor fitting,7
,1,this is much expensiveðð,4
,1,not gud very bad quality,5
,1,very bad quality,3
,1,product is not good,4
,1,very bad quality,3
,1,very poor product,3
,1,the product is too bad to be a car,9
,1,when this ball delivered i play the third day steard,10
,1,inbulit heater is not working,5
,1,quality is not upto the mark,6
,1,worst product dont go for it,6
,1,very very very very bad quality of balloons,8
,1,product is very bad,4
,1,verest product is not coming,5
,1,not good ð,3
,1,bad qlty prodect,3
,1,how chip products i dont like this,7
,1,this product is not good,5
,1,poor qualityno strong,3
,1,very bad bat,3
,1,no grip very bad,4
,1,clearty so bad,3
,1,battery backup not good,4
,1,simply waste of money,4
,1,not good this is worst of money,7
,1,very bad quality,3
,1,not good quality,3
,1,very poor quality,3
,1,its a big size and not prefect cloth,8
,1,dont buy because camera quality very bad,7
2056.0,1,cloth quality is not good zippe had brakon after using,10
,1,cheap quality febric,3
,1,bad product not functional,4
,1,stopped working completely after 3 days total waste of money,10
,1,worst cycle not recommend,4
,1,this is not working sd card very bad,8
,1,sound quality was not good ð,6
,1,cheap quality chinese product overpriced didnt like,7
,1,bad product ð,3
,1,very bad quality,3
,1,gyrinder stone not properly paste,5
,1,this is a waste product money is los,8
,1,drum problem with in 20 days,6
,1,waste product no heating,4
,1,worst product ever,3
,1,quality is poor please consider some other cushions than this,10
,1,lens or headphone missing,4
,1,handle is bending while ironing,5
,1,wast of money,3
,1,worst product quality is very low i hate it,9
,1,first size issue second cloth material not good,8
,1,please dont waste your moneyvery very hopeless product,8
,1,not good quality ballwait 50 gm,6
,1,get a bad quality bamboo tree,6
,1,very bad dont buy it,5
,1,not good defective and used protect recive,7
,1,one time wash product color is damege,7
,1,very bad flipkart,3
,1,its bad quellity colour faled,5
,1,quality is so bad,4
,1,quality wise good but the size is small,8
,1,its not good plz dont waste money,7
,1,worest it will take 30mnts to heat the water,9
,1,poor item package no light inside cheat it disappointments ð,10
,1,itâs waste of money never go for it,8
,1,please dont buy always charging problem,6
,1,color not much,3
,1,this is very small,4
,1,not good in quality,4
,1,very bad quality and color,5
,1,very very bad quality,4
,1,one of the bad phone with bad performance,8
,1,quality is not good,4
,1,very bad quality,3
,1,very badbroken product,3
,1,it didnt work on my printerjust useless,7
,1,really bad product flifcart should have to ban this product,10
,1,just two days worked,4
1337.0,1,wast of moneyair through below 5 feetdont buy,8
,1,bad product ðð,3
,1,item was very bad bad products,6
,1,product quality is very very poor,6
,1,not responding properly to the commands,6
,1,there is no quality dont take these type product,9
,1,worst productdeserve 0 star ratingvery disappointing,6
,1,very bad product,3
,1,its very heavy wall screw is very short,8
,1,the product is not expected,5
,1,i hat dis product,4
,1,dont buy totally wasteuseless engineer who made thischeating flipcart,9
,1,without shoulder pad its blunder drawback,6
,1,very bad product only can take 100copies,7
,1,not good very thin,4
,1,waste of money,3
,1,very bad cloth,3
,1,very bad product,3
,1,waste of money,3
,1,very bad and west money,5
,1,very bad quality,3
,1,very very bad quality,4
,1,this produced worst for performance,5
2822.0,1,very cheap quality plz dnt buy,6
,1,very bad quality,3
,1,very bad quality use only two days,7
,1,bad product please do not buy ðð,7
,1,very low quality,3
,1,not worked on my face,5
,1,dont buy this item realy bad item,7
,1,not bad its ok,4
,1,waste of money,3
,1,doesnt support 5g wifi,4
,1,car plastic is ok types,5
,1,very very very bad quality,5
,1,pathetic build quality waste of money,6
,1,waste of money,3
,1,2 times retune still not working money gone,8
,1,just ok ok m not happy,6
,1,damaged productnever buy this,4
,1,smooth like butterhigh quality,4
,1,please dont buy any hindware product service is very bad,10
,1,very poor in quality,4
,1,dont waste money,3
,1,waste of money dont buy this product ªªª,8
,1,one of the worst product,5
,1,very bad quality,3
,1,not good quality or no working properly,7
,1,nor working properly waste of my money,7
,1,its very poor ph,4
,1,dont buy it quality is very poor,7
,1,worst productnever buy from flipkart,5
,1,quality is very bad,4
,1,two times damage piece,4
,1,sound quality is very poorout of expectation,7
,1,no proper range to tihis product,6
,1,product quality not good some painting issue,7
,1,not good product,3
,1,low quality â¹ï,3
,1,bad material in fliap cart,5
,1,no light inside,3
,1,worst material with worst fitting,5
,1,bad product ðððð,3
,1,service was not goodheating is very poor,7
,1,brakes poor qualitytyres poor quality waste of money,8
,1,quality is too bad,4
,1,i dont like not upto gud,6
,1,worest product very disappointed,4
,1,very bad quality,3
,1,destroyed in 5 months,4
,1,product quality is poor,4
,1,i received a defected product,5
,1,heating issue coming means iam saying also not responding worst,10
,1,very poor quality,3
,1,worst qualityworst productcheap cloth,4
,1,after 2 hrs hot water going to clod,8
,1,very poor cloth,3
,1,very very bad product ð,5
,1,wrost camera and wrost seller,5
,1,bad product quality very bad,5
,1,very bad quality dont buy it,6
,1,simply uselessnot worth of buying it,6
,1,its not a sinewave inverter,5
,1,not connect 2135 very disappointment,5
,1,not grinding perfectly,3
,1,container is no at all,5
,1,ok product cant expect more sound quality is really pathetic,10
,1,bass is very low,4
,1,dont buy its really waste of money,7
,1,not a useful product,4
,1,its vry hrd,3
,1,its note a shock proof,5
,1,not good quality tables legs are improper,7
,1,wastage of moneyð,3
,1,stopped working on the sixth day bad product not recommended,10
,1,not good found some air leak,6
,1,dont buy waste of money,5
,1,vey poor qualityi dont like this productvery baddont buy,9
,1,worst product ever dont buy this product,7
,1,very thin not protect from winter,6
,1,very poor quality,3
,1,take too much time in haeting waste of money,9
,1,waste of money,3
,1,mixer sound is very loud,5
,1,water is not warm,4
,1,low quality bed experience,4
,1,in image is good but provided shorter size,8
,1,product not soo goodone slight defective delivery good,8
,1,dont buy it wasted of money,6
,1,worst items i have purchased on flipcart,7
,1,ita very small,3
,1,worst product its damaged and heating within 10 mins,9
,1,very nice product good quality and good delivery boy,9
,1,this is very poor clothes and product,7
,1,very worest dont buy it,5
,1,very bad quality,3
,1,waste of money,3
,1,its not in working condition,5
,1,very big size maybe itll fit on monsters hands,9
,1,very cheap product money waste,5
,1,cracks appeared on bat after first time playing,8
,1,waste product not worthy,4
,1,worst product waste of money,5
,1,very bad quality,3
,1,not a good item,4
,1,keyboard not working 1 st day,6
,1,worst productdont buy it,4
,1,light ok but quality not good,6
,1,worrest prodact waste of money,5
,1,good product but mop is bad,6
,1,no order very bad praduct,5
,1,filter are not available and heating and too much loud,10
,1,audio jack is not workinglap is hanging for simple operations,10
,1,worst product2 plates cracked with in a week,8
,1,this products was lost item,5
,1,very chief quality,3
,1,after one month it stopped fast charging,7
,1,low quality one time washing after colour shading and shrinkage,10
,1,very bad quality worst money,5
,1,very very bad sound quality,5
,1,very slow charging,3
,1,not harble bad quality bad productðð,6
,1,damaged good for nothing product,5
,1,disappointedð volume was too small,5
,1,not true to size uneven stitching,6
,1,very bad product,3
,1,getting bad smell just after installation of 14 says,9
145.0,1,this cooler is not not cooling the room,8
,1,got damage products,3
,1,very much discomfort to wearing cheap rubber quality dont buy,10
,1,the fabric quality is very poor,6
,1,not as expected very poor quality dad after two weeks,10
,1,very very bad product mi power bank,7
,1,quality is very bad,4
,1,good original real charger apple yeah,6
,1,waste product dont buy,4
,1,real its to small than showing,6
,1,worst product dont buy this,5
,1,west product dont buy friends not good looking worst,9
,1,its very heavy wall screw is very short,8
,1,worst productdont waste your money,5
,1,electric earthing problem while charging,5
,1,bad quality ðððððððð,3
,1,worst product money waste,4
,1,very bad product,3
,1,worst mixer it stopped working in just 3 months,9
,1,waste material cloth are not good,6
,1,worst product dont buy just waste of money,8
,1,damage used product,3
,1,quality is not better,4
,1,dont buy online heavy price electronicsthis model is too old,10
,1,very small size in mat,5
,1,not good fan,3
,1,very bad product with poor qualityvery disappointed with cello,9
,1,worst product didnt last even 10 day,7
,1,product is damged,3
,1,very very very very very bed products,7
,1,very very poor quality and service in aquagrand skyland products,10
,1,waste of money,3
,1,very bad material,3
,1,its a bad item dont purchase,6
,1,smoke came after 2 months of usage,7
,1,very bad product plz dont purchase,6
,1,cloth quality exachange very bad,5
,1,very bad not workingnot flying,5
,1,defective product dent on it,5
,1,the sound is very low,5
,1,bakwas product and service also,5
,1,worst product do not buy it very cheap quality,9
,1,speed is so slow,4
,1,not well wetpoor quality,4
,1,not much bettet,3
,1,not so good,3
,1,its isnt working,3
,1,very poor product dont buy it,6
,1,size was not comfortable,4
,1,only two blades very noisy and inefficient,7
,1,not as expected,3
,1,very bad quality,3
,1,waste of money not warking,5
,1,quality is not good dont buy this,7
,1,not worth it did not work as specified,8
,1,looking only goodfor three jars same bladesdont go for look,10
,1,very bad quality,3
,1,im not happy,3
,1,item shortage not proper assembled,5
,1,blade not sharpe bad,4
,1,very bad producttttt,3
,1,size is too small,4
,1,hate it lid not proper work,6
,1,very bad product,3
,1,this product very bad ððð,5
,1,verd badly pigeon mixturecustomer is rudely behaviour,7
,1,worst experience quality is very bad dont buy,8
,1,quality is very poor,4
,1,verry badno return policy,4
,1,very poor not so puffy,5
,1,very very wrost product,4
,1,stopped working after 1 day,5
,1,this is a chinese product stoped working within a month,10
,1,fabric is not good as expected,6
,1,this is very thin,4
2884.0,1,quality is very bed product,5
,1,no a good product legs are not alligned,8
,1,toooo small in size,4
,1,cable is too bad,4
,1,none of seeds grew into plants,6
,1,waste of money ð,4
,1,not properly working,3
,1,remote is so lite,4
,1,usb charger cable very small ð,6
,1,verry bad product,3
,1,dont go for this quality is not good,8
,1,its getting loose day by day,6
,1,very bad quality,3
,1,not good not buy waste of money,7
,1,dont buy this,3
,1,very bad stuff,3
,1,very soft qualitydont buy,4
,1,very very bad small size for clock ððð,8
,1,color fade away after one wash not recommended at all,10
,1,size is short,3
2440.0,1,very poor quality nd small size dont buy this,9
,1,it is not a study table it shakes while writing,10
,1,product is not satisfied ðð,5
,1,taste is very bad like medicine,6
2608.0,1,very bad product,3
,1,quality is very poor,4
,1,quality is not good,4
,1,very bad quality product,4
,1,very poor quality material,4
,1,very bad please dont purchase,5
,1,it was not workingworst product,5
,1,within one month the adaptor has stopped working,8
,1,third class item and very bad advertising,7
,1,water leaks out of the tank,6
,1,very bad product,3
,1,after one week so loose,5
,1,very bad product,3
156.0,1,not satisfied with the cooling very bad cooling,8
,1,please dont buy this one,5
,1,very small size,3
,1,wrost product dont buy this,5
,1,waste of money,3
,1,seat does not fit,4
,1,heating is big issue with jar,6
,1,waste of money very worst product,6
,1,air leacage problem,3
,1,look is very nice,4
,1,third class product,3
,1,this is not a good product totally money waste,9
,1,please dont go for this product not at all valauble,10
,1,weast products ofter one month use,6
,1,waste of money,3
,1,waste of money,3
,1,had bought big its too small,6
,1,not good west of money,5
,1,very bad product,3
,1,some features are not functioning properly like find phonesp02,9
,1,very bad this product,4
,1,verry verry baad products,4
,1,not fulfill my expectations,4
,1,bad quality of product,4
,1,not happy dont order waste of money,7
,1,not good quality,3
,1,worst some parts were missing,5
,1,not working properly after 10 months,6
,1,poor quality tree,3
,1,very bad quality,3
,1,bad very bad product,4
,1,worst product i have received dont buy it,8
2815.0,1,very cheap product feeling waste of money,7
,1,this is small quality is very poor,7
,1,very very bad product do not purches,7
,1,worst qualitynot satisfied for 10 also,6
,1,very cheap quality,3
,1,very nice pad,3
,1,plant too small,3
,1,waste of money,3
,1,not support to charge,4
,1,this item not perform better,5
,1,it was okay okay not good,6
,1,not good not stitched properly poor packaging,7
,1,not a good product,4
,1,bad saund quality,3
,1,worst product ever,3
,1,my money and time westu,5
,1,i am not satisfied because it is very small,9
,1,very cheap productlow quality fabric,5
,1,bogus not running properly stops time and again,8
,1,worst products small one looting,5
973.0,1,worst mobile getting hanged everyday not user friendly,8
,1,vest money dont buy,4
,1,product is not working properly,5
,1,very bad product,3
,1,very poor color quality dont buy it,7
,1,button not working properly 2nd time i ordered same problem,10
,1,low quality pls take it back,6
,1,quality is bed,3
1737.0,1,not a good product from realmeplease dont buy this,9
,1,dont take this company pants,5
,1,bad product sendcharging time is very low,7
,1,its a bad app,4
,1,not good please do not purchase,6
,1,cost is not reasonable,4
,1,it is not working,4
,1,print no clear,3
,1,coconut scraper inside fitting hole was closed with plastic,9
,1,its not shock proof,4
,1,poor quality looking badtime wast money wast,7
,1,image quality very poor,4
,1,fabric quality is poor,4
,1,not fit for my printer hp 2130 series,8
,1,do not buy the balloon explodes too quickly,8
,1,bass not good,3
,1,bad product not working,4
,1,this product is very bad west for money,8
,1,not worth of money,4
,1,making abnormal sound in a week,6
,1,motor over heat,3
,1,bad product west money,4
,1,not up to standard,4
,1,product is very bad quality,5
,1,very pour quality,3
,1,very poor quality it didnt last two days also,9
,1,sound is too highqwality is now okay,7
,1,i got the damaged plates,5
,1,very poor product,3
,1,the rice plate is very smallbut good thing,8
,1,very cheap quality i am not happy ðð,8
,1,wheel not working,3
,1,camera was not clear,4
,1,very poor producttaking much time to heat anything,8
,1,sitz almost very bad,4
,1,material was not good and jar is small,8
,1,voice quality is not too good,6
,1,not at all good at taste and purification,8
,1,very small in size not worth for money,8
,1,size is very small,4
,1,bad product no one should buy it,7
,1,it noy work,3
,1,not good ððð,3
,1,very poor in built quality,5
,1,not wast your money,4
,1,not a good quality grip was ok,7
,1,cloth quality and finishing are very cheapest,7
,1,no fast charger,3
,1,i hate this product ð,5
,1,worst productsoul is very hard not even walk properly,9
,1,very poor quality,3
,1,very small size,3
,1,worst productwe cant fixed correctly,5
,1,poor quality products,3
,1,review edited after 4 weeks colour fade after 4 washes,10
,1,product was uncomplicated and cheap material used,7
,1,damage pic send by flip cark but bat is good,10
,1,too bad to find a broken item,7
,1,poor finish and fitting,4
,1,the product has a dent in side part really disappointing,10
,1,wifi not connect picture quality is very bad,8
,1,not use not suported,4
,1,battery backup is not good,5
,1,fabric not good,3
,1,horrible dont buy this product,5
,1,clear sound quality i m so happy,7
,1,not good product,3
,1,motor burnt on 1st use,5
,1,its not working,3
,1,waist of money,3
,1,dont waste your moneyÿ,4
,1,very bad qualityðððð,3
,1,rice not working,3
,1,quality not good,3
,1,i am not at all satisfied,6
,1,not at par quality,4
,1,waste material colour feding prblm,5
,1,not received a good quality product,6
,1,worst quality ever,3
,1,waste of moneyvery bad product,5
,1,one side speaker are not working,6
,1,very large ððlook like larger than a dishðð,8
,1,not good luck,3
,1,im having network issue with this product,7
,1,very very chip dont like to product,7
,1,top cover not enough fit,5
,1,worst quality of material never go for it,8
,1,t zone of the face got dried very much,9
,1,not good product,3
,1,quality is not firm its poor,6
,1,waste of time and money,5
,1,not fitting fully its also old model looking,8
,1,after one monty not working,5
,1,only working 1month no warrennty,5
,1,thats not best product,4
,1,nice but auto cut is not available,7
,1,very bad product please dont buy,6
,1,extremely bad product even they cannot provide return for me,10
,1,very poor quality for the glass,6
,1,not good like another brand e kettle,7
,1,bed quality l product,4
,1,quality is not good waste of money,7
,1,worstno light was therecheap,4
,1,wire is not too good,5
,1,wifi connect but tubio app not playing video,8
,1,never buy this product it was dead in two days,10
,1,worst product and flipkart can not change the product,9
,1,not pure cotton,3
,1,detective peace received,3
,1,very nice product in lowest price,6
,1,very very bad,3
,1,dinner plates size is small,5
,1,poor quality of plastic,4
,1,waste of money,3
,1,quality not good had to return the product,8
,1,bad qualities shoes,3
,1,useless not worth dhoka,4
,1,very tight poor quality,4
,1,not good product,3
,1,very poor product,3
,1,purely worst product never can expect from mi,8
,1,very low quality,3
,1,very bad product wastage of money,6
,1,very bad bass tunning and overall sound is also worse,10
,1,quality is very poor,4
,1,lights are not working very poor quality remining are ok,10
,1,will faded after 15 mins,5
,1,this one now not working we need to replace this,10
,1,poor quality dont waste your money,6
,1,its not workingi want to replace the order,8
,1,it can not hold hot or cold for more time,10
,1,bad product ðððð,3
,1,very bad quality please dont buy,6
,1,wont be recommending to anyone cheap quality worst shelve,9
,1,needle problems ð,3
,1,very badwithin one month not workingvery bad,7
,1,very worst consistentwaste money,4
,1,very bad quality,3
,1,poor quality uses product is very bad product flipkart,9
2217.0,1,superb i love it nice quality,6
,1,very bad quality,3
,1,not good quality,3
,1,very bad product dont buy it,6
,1,not proper sizei am not satisfied,6
,1,not better but price high,5
,1,wifi network problem,3
,1,not good product,3
,1,quality is very bad,4
,1,very bad product,3
,1,it doesnt keep warm for even 12 hours,8
,1,i dont like,3
,1,very bad products,3
,1,the clothes are a little light,6
,1,calls are unbelievable contacting bluetooth calls,6
,1,very versatile poor battery,4
,1,ok ok product,3
,1,its too smalll,3
,1,milton product is good but my bottle was not good,10
,1,waste of moneyfirst wash all colour gone,7
,1,dont bay low quality and very noise,7
,1,only for smart tv it worksnot for all tv,9
,1,stopped working after usage of 2 months,7
1040.0,1,waste mobile over heating,4
,1,it is giving current shock,5
,1,dont buy this product ð,5
,1,proparly note working,3
,1,the table not strong,4
,1,if u bye that u will deal shy to ware,10
,1,not good but not bad this product,7
2045.0,1,totallyy wastage of money my suggestion dont buy this,9
,1,not good low material use,5
,1,worst than worst,3
,1,worst assembled very cheap quality,5
,1,not able to connect,4
,1,very cheap product total money waste,6
,1,quality is not good,4
,1,very bad sht and not worthy,6
,1,no work it is of no use,7
,1,this price range good product not products,7
,1,waste of money,3
2496.0,1,very very small,3
,1,very bad quality,3
,1,wast of money dont buy this product,7
,1,very bad product ðð,4
,1,very very very poor product,5
,1,i got bad product,4
,1,very bad product,3
,1,not as expected ð,4
,1,after two months my charger dampednot taking charge now,9
,1,remote stopped working after 10 days use,7
,1,useless product no alarm system dont waste your money,9
,1,waste of money,3
,1,not use ful,3
,1,not same from compare to picture,6
,1,they get heating very fast,5
,1,wrost product even 1 day is not working properly,9
,1,bad quality elasticity is very bad,6
,1,very bad due to colour changed,6
,1,not good ink,3
,1,very poor item,3
,1,dont buy this product,4
,1,dont purchase this product waste of money,7
,1,its not working dont buy this,6
,1,no installation demo,3
,1,very very bad,3
,1,dont deserve any rating useless equipment,6
,1,sewing is very bad,4
,1,very bad product,3
,1,useless not working after 3 days,6
,1,waste of money,3
,1,not quality very worst items,5
,1,dont buy this product,4
,1,veey bad quality product,4
,1,it is very very very small cant use,8
,1,quality is not so good,5
,1,worst one dint purchase,4
,1,good condition but cmaera and not good,7
,1,worst worst product please dont buy,6
,1,very crafted product very very bed product,7
,1,my product is very bad,5
,1,its not cotton waste of money,6
,1,pocket problem and fitting problem,5
,1,very very i do not like this,7
,1,worst product and worst service dont buy,7
,1,one leg is small irritated sometime when studying on it,10
,1,worst and cheap one,4
,1,very bad product very bad service dont buy it,9
,1,raining suddenly stop automatically running this problem,7
,1,bad product and very bad quality febric,7
,1,very small size,3
,1,not that effective,3
,1,bad productnow not working,4
,1,good product ð,3
,1,worst producti hated it,4
,1,size small and not comfort,5
,1,not good enough,3
,1,it is worst fan ð dont by this fan,9
,1,not suitable for samsung,4
,1,very poor dont buy waste of money,7
,1,very bad product,3
,1,terrible fabric quality even caught fire,6
,1,lost of money,3
,1,not good working,3
,1,so much small,3
,1,its very worst productplz dont buy this item,8
,1,not good quality,3
,1,harvey noise bad products,4
,1,not a good product,4
,1,best clothe material unbelive to this prize,7
,1,with in 4 month it will get problemsworst product,9
,1,worest pradoct full damaged,4
,1,difficult to assemble,3
,1,very bad product,3
,1,100 page only,3
,1,very worst product,3
,1,not as advertised,3
,1,very bad experience with flipcart,5
,1,waste of moneyover heating all jars are smaller size,9
,1,not as well as strongpoor product,6
,1,clothing not good,3
,1,hot food broke the plate,5
,1,nice picture quality,3
,1,very bad services and bad product ðð,7
,1,very bad product very low qualityððmony vest,7
,1,very bad qualities,3
,1,waste of money,3
,1,they sent me worst quality of trees,7
,1,football have puncheredvery bad product ð,6
,1,product is note right,4
,1,edges were broken,3
3117.0,1,very bad meterial,3
,1,very bad do not buy this product,7
,1,bad quality very very bad quality dont buy,8
,1,battery dragged very fast,4
,1,very bad false storage automatic delete files,7
,1,this adapter suddenly stopped working on my phone,8
,1,plant is best but paiking is not good,8
,1,bad sir wifi doenot work,5
,1,worst quality ever,3
,1,it was to tight,4
,1,dont buy i got used product,6
2975.0,1,waist product very small size waist product and waist money,10
,1,very bad very bad,4
,1,very badun expectable,3
,1,varey bad and poor product,5
,1,not so bad but ok,5
,1,not get expected one,4
,1,not working at all,4
,1,after using for a week the watch got damaged,9
,1,hindware products useless,3
,1,quality v bad,3
,1,very bad product it is not working after 23 use,10
,1,worst product heating of kettle is very poor,8
,1,seeds not germinating avoid,4
,1,i dont like,3
,1,quantity was very little finished in 30 days,8
,1,products quality is too much low,6
,1,low quality product,3
,1,work not properly,3
,1,your item is very bad,5
1538.0,1,within one year speed decreased,5
,1,not working movie,3
,1,the product damagedno replacement option,5
,1,very bad product just a waste of money,8
,1,product was not enough,4
,1,its very bad,3
,1,not good quality very bad,5
1206.0,1,water pump and swing is not working properly,8
,1,this products are too faltu,5
,1,dont buy this producti m not satisfied with the product,10
,1,bad productfan spreed is too loweveryone not buying this product,10
,1,size or quality is too worst,6
,1,color fade after first wash,5
,1,it is a bad product please dont take it,9
,1,not working properly,3
,1,very dirty and loss,4
,1,very bad product,3
,1,small and thin metal,4
,1,very bed product and very bed paking,7
,1,very low qualty,3
,1,fabric quality not good,4
,1,quality not good,3
,1,very very bad tree my money vest,7
,1,damaged product all plates nd bowls r broken so disappointed,10
,1,sound quality is very poor,5
,1,price is so hai but quality bad,7
,1,very bad product,3
,1,very poor material,3
,1,bed sheet defective,3
,1,sujata powermatic 900 w juicer,5
,1,poor quality money is west,5
,1,poor packinä poor material,4
,1,not cleaning properly,3
361.0,1,phone is value for maney but camera is bad condition,10
1173.0,1,cooling not proper,3
,1,so bad quality not a good product,7
,1,very bad quality cushion never buy this,7
,1,while using a program machine became over heat totally unexpected,10
,1,worst experience i through it,5
,1,im not happy fipkart,4
,1,very bad quality,3
,1,very rough damaged saplings not good very poor quality,9
1495.0,1,dont buy this phone it has bad camera quality,9
,1,not working not connecting to bluetooth or wifi,8
,1,plastic table not fitting properly,5
,1,not working in our area,5
,1,very bad voice is not coming please dont buy,9
,1,black colour not good,4
,1,dont waste your money,4
,1,this product is very bad dont waste your money,9
,1,very bad quality plz dont buy thisð,7
,1,very low quality product,4
,1,worst product dont buy,4
,1,very very very badððððððððð,4
,1,waste of spending amount to this machine,7
,1,quality is bad,3
,1,very bad performance never buy this product,7
,1,it was bad experience,4
,1,charger not proper working,4
,1,very poor sound and connectivity service also very bad,9
,1,very poor quality,3
,1,very small size,3
,1,very small product,3
,1,not good quality,3
,1,quality is not accepted,4
,1,shoes are not good wrost product,6
,1,products not working,3
,1,not good product use less product,6
,1,worst of money,3
,1,color is going fad in single wash,7
,1,water leackge from tank,4
,1,th3 fairy light didnt even work,6
,1,only up mode not down mode,6
,1,cant connect wifi,3
,1,installation issue still waiting,4
,1,third class products dont buy this products hate it,9
,1,product quality not best æ,5
,1,not as expectation,3
,1,quality is not good like as used,7
,1,very bad quality chair broke within 2 days,8
,1,product quality bad,3
,1,there is no battery,4
,1,it was broken when came to us vaste product,9
,1,very bad product ðits smell like ponds cream ð,9
,1,bad product and bad serviceðð,5
,1,dont connect tv dont buy,5
,1,display quality is worst dont buy asus laptop,8
,1,not recommend if youre a daily gamer,7
,1,very poor product,3
,1,till now no one came for the demo,8
,1,wastage money clock not warking,5
,1,its so small for human,5
,1,soundbar is only 40watt not 100waatbut bass is good,9
,1,quality no more gd,4
,1,money is wasted,3
,1,bad product doesnt perceive,4
,1,in 34 use its get very bad condition,8
,1,very bad product,3
,1,dont buyit breaks with in few days,7
,1,v bad product,3
,1,material not good,3
,1,damage just only 10 days,5
2587.0,1,length very small than image very disappointed with product,9
,1,water is leaking from flask,5
,1,not working properly,3
,1,bad watch never buy it,5
,1,very poor qualitysingle only,4
,1,waste cycle from one word waste my money,8
,1,it is not good very bad,6
,1,waste productsimmediately repare camedont buy,5
,1,very bad product only last for 6 months,8
,1,its too bad,3
,1,size normal price high,4
,1,very bad and very small product,6
,1,low quality products,3
,1,damaged product not satisfied,4
,1,this is very cheap quality product,6
,1,very bad in quality,4
,1,very slow process,3
,1,not a good charger,4
,1,very bad not good,4
,1,verry poor product waste money,5
,1,product not working error showing 168a,6
,1,dont take not good thermosteel logo not there,8
,1,very bad quality shorts,4
,1,product doesnt work properly worst product doesnt purchase it,9
,1,dont go for this product,5
,1,waste of money,3
,1,very bad item,3
,1,not good product it get colourless in 15 days,9
,1,oil bottle and zig zag foot is missing,8
,1,oven is not heating the food,6
,1,very very good product,4
,1,very poor quality dont buy,5
,1,its very poor quality please return my money,8
,1,sticker not ok and chip product west of mony,9
,1,very bad waste of money,5
,1,waste of time and money,5
,1,very very bad qulity,4
,1,no installation at all useless tv,6
,1,too much heating,3
,1,i like to return the product not working,8
,1,display is very poor and picture quality is very poor,10
,1,heating too much,3
,1,very bad product,3
,1,very bad qualityand waste product,5
,1,very very bad ªªªªªªªªªªª,4
,1,remote is very delicate,4
,1,waste of money,3
,1,too much sand no good,5
,1,waste amount display not working,5
,1,very bad product,3
,1,sound quality very poor,4
,1,3rd grade quality dont buy any one,7
,1,bad quality dont buy,4
,1,very very very bad,4
,1,totally waste of money product camera quality very poorlagging problem,10
,1,mobile cannot be hold steadily,5
,1,nice ek number power bank,5
,1,not a good,3
,1,very bad quality,3
,1,pless dont bye its so bad product in my life,10
,1,bad product waste money,4
,1,yield is very less waste of money,7
,1,damage piece send,3
,1,router not working,3
,1,water is coming to clogs please dont buy,8
,1,waist of money,3
,1,pidol right side not properly set ððð,7
,1,size fit but quality is not good as expected,9
,1,not suitable for mosambi fruit,5
,1,water leakage problm very worst dnt buy this,8
,1,color not good,3
,1,this charger is damaged quickly,5
,1,very very bad products,4
,1,product quality not good like material,6
,1,with in two days itâs got damaged,7
,1,very very bad product dont buy,6
,1,this shoes inner soel quality is so bad,8
,1,i got damaged one,4
,1,item stand have spherical thread that losing material,8
,1,not usb operated,3
,1,very poor and unsatisfactory product worst,6
,1,quality is very bad,4
,1,very bad quality,3
,1,horrible low quality,3
,1,lens quality is very poor,5
,1,the inner tub is very small,6
,1,waste of money high price and low productnever buy,9
,1,size is not perfect,4
,1,not grinding well noice is coming and it is irritating,10
,1,with one wash the color faded,6
,1,very bad product plz people not choose this product,9
,1,noise while running not good,5
,1,screen mirroring connectivity problem dont buy this tv,8
,1,not so good,3
,1,no quality pipe,3
,1,very bad product dont waste money,6
,1,received poor quality manure,4
,1,quality is poor,3
,1,very bad ð,3
,1,waste and i wont recommend this product,7
,1,i hate this product waste of money,7
,1,low quality product only 10day service,6
,1,nyc water bottle,3
,1,poor quality product,3
,1,this is small quality is very poor,7
,1,bat quality is worst,4
,1,worst just print to 20 papers only,7
,1,cloth vary bad,3
,1,wrorst product sound quality not worth waste product,8
,1,waste of money,3
,1,no free installation heating time is approx 30 minworst product,10
,1,worst product bottle got damaged in 4 months only,9
,1,very very thin this products,5
,1,value for money,3
,1,low quality metal steel,4
,1,very useful product thank you upc,6
,1,veri bad item,3
,1,very bad products,3
,1,weast for moneynoy expected,4
,1,lose of money,3
,1,worst never purchase it,4
,1,finger side is ok but back is full loose,9
,1,not good for sensitive skin,5
,1,absolutely disgusted receive a damaged goods do not buy this,10
,1,not working within 20 days poor product,7
,1,not good wheels are not rotating property,7
,1,very bad product and service by company,7
,1,wash very bad cloth wash time not increase and decrease,10
,1,very difficult to assemble the hole is too small,9
,1,product was not good disply clarity not good,8
,1,guys please dont waste your money buy thisvery poor quality,10
,1,letters are blast,3
,1,this is very bad product,5
,1,it was broken,3
,1,beekaar product only paisa waste,5
,1,very bad product dont try anybody,6
,1,this is not a original dth remote,7
,1,very bad quality,3
,1,no use this product,4
,1,something is not good,4
,1,very tight fittings not at all comfortable,7
,1,fabric is very thin quality,5
,1,dont buy this pure soil and no vermicompost,8
,1,battery backup not good,4
,1,did not suit my skin,5
,1,not good jam issue,4
,1,not comfortable its making red mark on my feet,9
,1,not good product chief materials,5
,1,not so bad,3
,1,worst of product,3
,1,i am nothing like,4
,1,small size for double bed,5
,1,not up to the mark,5
,1,its very bad dont buy its not constitute record,9
,1,its waste off money and not good product,8
,1,worse itemand worse packing,4
,1,only two day used colour shades ª,7
,1,not g00d colors,3
,1,mixer sound is more than other mixers,7
,1,dont buy this all angles are same,7
,1,faulty product received,3
,1,dont buy this,3
,1,vest and bad experience,4
,1,to worest no one is installed tv till now,9
,1,range not as expected,4
,1,received a defective piece had to return back,8
,1,its so small not a value for money,8
,1,stand not proper stand after 15 days,7
,1,more thinner than previous and rings got iron,8
,1,use only one month n out of order,8
,1,no seed grow,3
,1,very poor quality of the product,6
,1,worst of money,3
,1,its too small,3
,1,third class quality very bed service vry vry poorð,9
,1,totally waste productsdont buy it please ð,7
1465.0,1,dont buy this phone it has bad camera quality,9
,1,dont buy this product,4
,1,bad product worst,3
3172.0,1,very bad product,3
,1,kadio quartz is not working only 1 month,8
3086.0,1,the product is vary low quality price is vary high,10
,1,its not even okaywaste of money,6
,1,3rd class product,3
,1,it very small,3
,1,not working well evey day no signal issuesoftware issue,9
2668.0,1,poor quality cloth,3
,1,febric quality is bad and colour miss print,8
,1,very ðð bad,3
,1,not so bad ok ok type,6
,1,very bad product dont purchase it,6
,1,very bad quality,3
,1,size to short,3
,1,damage pic we got,4
,1,very bad product,3
,1,product is lite small bt quality is good,8
,1,very poor product,3
,1,heating time is too late,5
,1,very bad product i have recieve,6
,1,very bad product it is a complete waste of money,10
,1,very bad product,3
,1,product was good but i received broken pieces,8
,1,not upto thae mark,4
,1,material not good sandal life only one month,8
,1,very bad product,3
,1,do not have any recharge battery,6
,1,quality best but flipkart delivery bad,6
,1,back side water 3 days once fill,7
,1,bad fabrick and simple design,5
,1,product quality is not satisfactory and over priced,8
,1,dont buy its not water leakage proof,7
,1,dont buyquality is worst,4
1803.0,1,bad quality bad performance,4
,1,this product is worth like 50 dont buy this product,10
,1,mic is not working,4
,1,small qnd worst quality item,5
,1,very bad experience very bad product,6
,1,not good material,3
,1,torn in middle,3
,1,local quality very poor,4
,1,wasting money very bad sound quality,6
,1,waste your money,3
,1,heat cut off is more than 4mins,7
,1,its too small,3
,1,looks good but bulb is not functional,7
,1,get irritation when applied on face,6
,1,poor quality product,3
,1,not satisfied faltu itom,4
,1,its fully loaded with dust dust dustfully disappointment,8
,1,very bad product not good,5
,1,sensor not working,3
2864.0,1,very bad ð,3
,1,very bad quality product dont buy it,7
,1,low quality good product,4
,1,its very bad and chiper clothes please dont buy,9
,1,very bad quality,3
,1,over heating unable to hold,5
,1,very poor quality,3
,1,very poor product quality wise,5
,1,fitting prblm low quality synthetic,5
,1,good product but installationis very bad by jeevees,8
,1,dont buy anyone worst product service also very very bad,10
,1,date cable not for c type,6
,1,very poor quality,3
,1,its not good bad because its damage,7
,1,very worst product,3
,1,not working waste of money zero result product,8
,1,very cheap product,3
,1,worked only for 1 year,5
2932.0,1,worst product i have seen full plastic and low quality,10
,1,very poor profomence,3
,1,cheap quality by seller,4
,1,wow verry nicemy mom is verry happy,7
,1,the quality is very worst teared in one week,9
,1,its not running,3
,1,lot of noise,3
,1,bad quality and bad product,5
,1,worst product ever i suggest it not to buy,9
,1,it is rubber ball,4
,1,great shoes but teh front side q little big,9
2793.0,1,worst experience from flipkart,4
,1,it a very bad prodect,5
,1,very bad product,3
,1,not working this product,4
,1,very poor quality,3
,1,dented product dont buy,4
,1,worst qualityby flipkart,3
,2,cheap quality and not satisfied,5
,2,dont buy very bad product,5
,2,after one wash colour has been faded,7
,2,very light leg of study table,6
,2,two plates are brokendisappointing,4
,2,battery life is very poor,5
,2,item very bad,3
,2,fabric is not good,4
,2,very low material use,4
,2,too small n quantity also,5
,2,ok product micro fibre threads dosenot work,7
,2,so bad clothes,3
,2,slow transfer rate,3
,2,riperig karva mate,3
,2,not as same as shown in picture so bad quality,10
,2,no colour mach,3
,2,not a cotton material its hard not absorbing water,9
,2,small in size quality is just ok,7
,2,directly mobile streaming of video in tv running very poor,10
,2,so transparent ð,3
,2,battery is not good,4
,2,very small very delicate,4
,2,quality not good use can use maxbone month,8
,2,range is not good,4
,2,not water tight,3
2001.0,2,heavy vibrations taking too much time,6
,2,quality is cheap,3
,2,quallity is very poorvery small in sizewaste of money,9
,2,bass quality is not very good,6
,2,its waste not showing wifi network l will exchange,9
,2,after first wash colour fade so very bad,8
3240.0,2,its very small waste of money,6
,2,poor sound qualitydid not liked that product,7
,2,product quality i dont like it,6
,2,not upton the mark just okay quality wise worst,9
,2,some plates print was not proper,6
,2,weighted shoes not finishing properly,5
,2,my expectations dont fullfill,4
,2,not good what i expected,5
,2,didnt got a last plastic piece,6
,2,product is not good,4
,2,nothing is provided fr installation,5
,2,very small size,3
,2,color faded after 1st wash,5
,2,very bad qualityim very disappointed,5
,2,better to purchase some other brands charger,7
,2,low class material,3
,2,its hurting on left side of the right feet,9
,2,bad quality product,3
,2,bettery is getting discharge on an immediate basis,8
,2,sounds quality is poor,4
,2,dont buy waste of money not working product,8
,2,poor qualitymy money lost,4
,2,the mop quality is not good,6
,2,its not good fabric,4
,2,very bad ðððð,3
,2,chrome cast and connectivity is very slow,7
,2,display damage sensor is not working properly,7
,2,it is not made of woodjust a plastic sheet inside,10
,2,given in very less quantity too smallð,7
,2,bamboo plant not goodð,4
,2,very less quantity,3
,2,not withstanding heat for 3 hrs,6
,2,football was not what we wanted â¹ï,7
,2,lifespan is lessif punctured cant be repaired,7
,2,2 hrs more than heating storage,6
,2,poor quality only could be used for light shirts,9
,2,not like expected,3
,2,small size nd low quality rod,6
,2,products is running very slow,5
,2,not same as given pictures vry thin clothes,8
,2,its not correct product,4
,2,not thats much good,4
,2,the side hooks are very delicate,6
,2,very bad product,3
,2,7 in 1 auto function ðð,6
,2,body are not stainless steel it is magnetic,8
,2,waste of moneyðð,3
,2,broken materials in side,4
,2,good as electrically not good for use,7
,2,omg5 pillows compressed and it viewed as one pillowpoor quality,10
,2,producing too much heat,4
,2,bad quality its not comfortable,5
,2,poor quality very poor,4
,2,looking not well,3
,2,heating time of water is very very slow,8
,2,not good for oily skin,5
,2,very small plates dont buy not worthy,7
,2,very bad product anyone dont buy this product,8
,2,average just look like ac room blankets,7
,2,prodact is change,3
,2,quality less product,3
,2,one wash disclosure,3
,2,grinding capacity is not good,5
,2,not too good,3
,2,nice but lens will no clarity,6
,2,plates are very small dont buy,6
,2,this seeds can not be gurminate please do not purchase,10
,2,connectors are leakage,3
,2,ok but not good,4
,2,writing speed is very low 2550 mb,7
,2,product is not good,4
,2,expected a bigger size,4
,2,not a steel product its only iron in coating steel,10
,2,battery is not good,4
1883.0,2,not cooling that much,4
,2,it just ok,3
2409.0,2,very small in size quality is not to goodpoor quality,10
,2,aux not working ð,4
,2,good quality but the mouth is leaking,7
,2,quality is not good,4
,2,very very small,3
,2,not so useful its not smooth to flour tuch,9
,2,speed is not up to the mark,7
1941.0,2,still not attended by crompton for demo n installation,9
,2,connectivity of wifi is slow,5
,2,colour was faded,3
,2,wire is to short,4
,2,nice but it like a rock,6
,2,its not good,3
,2,not fit in size fo duble bed,7
,2,below average product,3
,2,lower ink was product,4
,2,too soft to support the back,6
,2,its not cotton hard microfiber polyester type,7
2502.0,2,cloth quality and stitching is rubbish,6
1412.0,2,too big and noisy,4
,2,thermostatswitch for cut off disconnection is not working properly,9
,2,kettle is leaking from the first day,7
,2,very small watch,3
,2,colour fading after wash,4
,2,not good air not pass,5
,2,material is not good,4
,2,very bad cak,3
,2,fabric is too thin,4
,2,not so good,3
,2,not worthy in this price range,6
,2,product was damaged,3
,2,type c into iphone is not working,7
,2,not as expected quality,4
,2,quality is ok ok,4
,2,item not good,3
,2,stitching is now working,4
,2,very nice product,3
,2,mony is west,3
,2,not the besti feel a little oily,7
,2,not good enough,3
,2,only good not better,4
,2,nt much good,3
,2,plates starting breaking when food served,6
,2,very nice product,3
,2,replacement issue and fitting issue,5
,2,the bottle cap is bad,5
2601.0,2,do not buy after 3 month joints are break it,10
,2,bad quality west money,4
,2,ok but current bill is coming high,7
,2,worst ð products,3
,2,cottonso soft value for money,5
,2,nice but size is small,5
1507.0,2,worst product dont buy,4
,2,package good but item internal damage,6
,2,installation to let dont take this products dont west money,10
,2,its not worth during day time cant oppose sunlight,9
,2,quality and stitching is of low quality,7
,2,tot of noise this product,5
,2,not fitting well rubbish item,5
,2,quality is very bed,4
,2,bad quality waste of money,5
,2,dish is small but nice,5
,2,no aplic bed cover and dont cover 67 bed,9
,2,not recommended to buy,4
183.0,2,very bad quality,3
,2,very bad quality go l of wood,7
,2,the battery capacity is wrost,5
,2,not too good low quality,5
,2,lid is not good very bad quality,7
,2,cheap price and cheap product,5
,2,this item is not working,5
,2,packet quality is so bad,5
,2,for kids not for adults,5
,2,after wash colour is dull,5
,2,not good as expected,4
1112.0,2,after 1 month of usage pump stopped working,8
,2,item was goodbut quality of cloth not good,8
,2,network coverage is not good,5
1431.0,2,battery drain very fast,4
3070.0,2,1 nos pipe shortage,4
,2,wifi connectivity irregular,3
,2,doesnt show the refluection like the one in the picture,10
,2,after a wash bedsheet colour has gone waste of money,10
,2,average product not good what we expected,7
,2,verry verry bad product ðððððð,5
,2,dont buy any hindware products service is very horrible,9
,2,very low speeddont buy this item,6
,2,its not working 24 hourits working 8 hour,8
,2,not as expected,3
,2,i got already damaged product i am not asatisfied,9
,2,not squeezing properly,3
,2,its vry oily its nor suitable for oily skin,9
,2,product not good quality,4
,2,not good ð ð ð,5
,2,bad product this product touch screen not working,8
,2,quality wise not good,4
,2,small strikebending material,3
,2,very poor quality,3
,2,cheap quality it is not a fast charger,8
,2,quality not better,3
,2,size and quality not good,5
,2,not so good regarding its price,6
,2,very small size,3
,2,quality is bad sole quality is poor,7
,2,not worked nicely becoming hot very soon,7
,2,borders of big plates are broken into small pieces,9
,2,color after gone by washing 100,6
,2,very thin no wait,4
,2,the colour fainted,3
,2,the lights go off too soon,6
,2,very bad charger,3
,2,no best quality in bedsheet,5
,2,the car is very slow,5
,2,every seeds is not grown up,6
,2,light is not shining,4
,2,very small but very cute,5
,2,its very thin,3
,2,good product but cord is short,6
,2,very bad product,3
,2,not much quality within one month cloth got holes,9
,2,not at all satisfactery,4
,2,quality is not good not advisable to buy,8
,2,very bad product,3
,2,very small watch,3
,2,broke in just 1 fall,5
,2,quality not that good,4
,2,not power full bank,4
,2,i received a defective product,5
,2,good but not as expected,5
,2,quantity is very less very disappointed,6
,2,pad is tored down after 1 day of usage,9
,2,got damaged product,3
,2,poor buil quality,3
,2,low quality dont like very thin nd small size,9
,2,not worthy for the money,5
,2,very bad qualityit did not fluffef as it was expectedwaste,10
,2,fabric not good,3
,2,un satisfied with the size of rice cooker,8
,2,bad no use no quality this my money loss,9
,2,product is not working,4
,2,thay give only one battery 175w only,7
,2,colour nice but neak size small not fitting neak properly,10
,2,this is very bad product do not buy this,9
,2,too much noise,3
,2,quality is very thin,4
,2,stiching is not good,4
,2,very very bad quality,4
,2,product is not as expected,5
,2,its not working,3
,2,very small size,3
,2,very small dnt purchase,4
,2,not soo good,3
,2,mobile holder is so tight,5
,2,grinding is not fine as nice,6
,2,poor quality material feels cheap,5
,2,makes so much noise gets heated quickly,7
,2,this is very small size please mention size your ad,10
,2,quality is very poor,4
,2,after 1st wash its useless piece of cloth,8
,2,product was not a fresh one,6
,2,didnt connect at all with the tv hdmi nor rca,10
,2,product was not up to the mark,7
,2,one bottle cork is not working,6
,2,not 24hrs its 12hrs so far,6
,2,not good over heat combatant,5
,2,have an issue with the product,6
,2,good fabric but not fitting,5
,2,third class product,3
,2,nice product ð and balt quality is badð,8
,2,its just show piece it will not handle any weight,10
,2,no match products,3
,2,downtime is on issues,4
,2,two plates were while iam eating waste product,8
,2,very bad product ð,4
,2,cable is to small,4
,2,quality good but size vry small,6
,2,back support is not good,5
,2,it is a damage product,5
,2,its soo small waste of money,6
,2,not that much comfortable in a pocket very hard material,10
,2,quality very bad,3
,2,not soo good,3
,2,jar is not grinding finely,5
2934.0,2,not good product,3
,2,this is not good,4
,2,low quality item,3
,2,very poor quqlity,3
,2,not good bottle,3
,2,two minutes running its heavy hot,6
,2,very low quality fabric,4
,2,it is too small to cook,6
,2,after one month it stop working,6
,2,quality is very poor,4
,2,very poor quality,3
625.0,2,light indicater and l1 l2 not showing product,8
,2,dont understand why people promote this,6
,2,charger problem it will heat very soon,7
,2,the product not good,4
,2,quality is poor,3
,2,food over burn at bottom,5
,2,not fit very very lose,5
,2,very bad quality,3
,2,quality not good,3
,2,very bad product,3
,2,one holder was not working,5
,2,plug with wire not available ð,6
,2,size not good,3
2475.0,2,size to small,3
,2,ok but small,3
,2,its socket broken within a week poor quality,8
,2,not so good,3
1038.0,2,normal fin cooler,3
,2,very small size dont buy,5
,2,low quality and very sound,5
,2,not good phone,3
,2,not so good,3
,2,stopped working within 6 months,5
,2,worst very bad bat,4
,2,nothing special only expensive,4
,2,bass button is not there is only mistake in product,10
,2,very cheap quality not good quality,6
,2,quality is poor as expected,5
,2,size to small,3
,2,good but some problem in my product,7
,2,offter 2 month the shoo will be flat y,9
,2,doesnt look new,3
,2,not good oily constituency,4
,2,remote is not working,4
,2,its not proper size too big,6
,2,poor quality not satisfied,4
,2,poor quality products,3
,2,very poor quality,3
,2,plates are very small not recommended,6
,2,fabric not good but ok,5
,2,very good product,3
,2,nice good quality thanks flipkart ð,6
,2,not up to the standard,5
,2,pocket is pathetic otherwise good for daily use,8
,2,not pure cotton ok ok type products,7
,2,quality bad ð,3
,2,it is sound bar not good,6
,2,this is very loose to store books,7
,2,very difficult to assemble the pieces,6
,2,heavy load product not accept by my meter,8
,2,small size i m not satisfied,6
,2,the rings starts to rust after the first wash,9
,2,no batry backup sound not gud,6
2810.0,2,must send instructions to attach,5
,2,i am noticing fluctuations in speed at lower levels,9
,2,not as expected,3
,2,looking wise nice but not good quality clothes,8
,2,quality of material is not up to the mark,9
,2,bad quality and not casting all vedios,7
,2,wifi is non usablecan not connected,6
,2,not happening effective clean iron disappointed,6
,2,the quality of product is okay okay,7
,2,very lightweight seems will break in one fall,8
,2,waist of money not gudquality not gud,7
,2,germination rate very poor,4
,2,not a vermi compost only soil,6
,2,it is not really attractive as shown,7
,2,one bowl broken and all bowls have same size,9
,2,poor board quality,3
,2,dinner plates are very small in sizedisapointedðð,7
,2,it is very heavy and definitely not for tennis ball,10
,2,too small just ok,4
,2,product quality was low,4
,2,damaged after one wash poor material quality,7
,2,working not properly,3
,2,the start button stopped working after a month of usage,10
,2,print has gone in first wash,6
,2,its not worth,3
,2,very bad product,3
,2,okay okay product,3
,2,not meet expectations,3
,2,its not working waste of money dont buy,8
,2,not a good quality as par shwo in photo,9
,2,that product is good but guilty is not good,9
,2,very poor quality,3
,2,after 1st washing the color flew away,7
,2,not that much i expected is okay,7
,2,good but bulb is not given,6
,2,very lit not stiff to baby weightbaby diving very disappointed,10
,2,very bad home theater,4
,2,not a good quality product,5
,2,poor board quality,3
,2,quality medium only mobile load cape city stand,8
,2,fabric quality is very dull,5
,2,nice but size is small,5
,2,25 g its not working properly,6
,2,not working west prodacit,4
,2,not a comfortable,3
,2,striching not well average quality,5
,2,too much heavier,3
,2,jar lids are became loose after few dayswaste of money,10
,2,good not bad,3
,2,the product is of poor quality,6
,2,plate size small not as expected,6
,2,not pure sine wave noice problem,6
,2,not a good product,4
,2,quality not upto the mark look for something else,9
,2,this is not working,4
,2,the leather strap is of worst quality,7
,2,nyc but after one wash colour is faded,8
,2,poor board quality,3
,2,fabric is not good,4
,2,i have returned this product because of poor quality,9
,2,its not working,3
,2,product quality is very poor,5
,2,not good wast of money,5
,2,bad study tableits pipes doesnot fix priperlywaste of money,9
,2,poor germination seed waste,4
,2,worst not charged,3
,2,plastic attachments is very poor guilty,6
,2,leaking at top,3
,2,wifi its not working,4
1016.0,2,got a damaged one,4
,2,insulation quality is very poorð,5
,2,material is not solid,4
,2,not to the mark,4
,2,takes a long time to charge,6
,2,price money too high not satisfied this product,8
,2,many short size giving me and quality is poor,9
,2,not good product small size bad quality,7
,2,very bed product and very poor service facilitie,8
,2,low germination seeds ð,4
,2,on day 1 this product is overheating,7
,2,quality is not good,4
,2,poor quality make strong for handle,6
,2,vomit is smoll but looking so good,7
,2,after use waste product,4
,2,not met my expectations,4
,2,not good too bad colour valo na,7
,2,not a good item,4
,2,not as expected,3
,2,worst productmotor is not working,5
,2,good little damage,3
,2,i got old modelbut it is good,7
,2,ok ok typeuseful but products quality not very good,9
2542.0,2,quality is not good and storage is little size,9
,2,vry poor quality,3
1687.0,2,cooler was not goodnew coolers pump was faulty,8
,2,cap not open,3
,2,quality is not so good,5
,2,bad material dont buy this,5
,2,im not completely happyð,4
,2,small flowers in high prise,5
,2,quality is very poor,4
,2,is not thats good but ok ok types,8
,2,ok ok product not recommended,5
,2,spin is not working after one month,7
,2,not good before i order,5
,2,very worst product,3
,2,bass is good but treble is notthere,7
,2,waste off money,3
,2,bad and very bad,4
,2,after use 2 week not workingÿ,6
,2,no useful in any way unnecessary product,7
,2,not happy with this product,5
,2,very bad not aspected from flipkart,6
,2,low quality product and alignment between pieces also not great,10
,2,not as expectedâdisappointed with the product,6
,2,heating very slow wait for 20 mins to heat,9
,2,product is goodbut big plate is very small,8
,2,this product quality was bad,5
,2,power bottom not fix properly,5
,2,product is okay but made in china,7
,2,very poor product,3
,2,after using 1 month started hanging,6
,2,watch belt broken after only 3 month of purchage,9
,2,not sturdy lookwise good inside cardboard,6
,2,not as i expected,4
,2,stuff is not expected,4
,2,low quantity product a,4
,2,this net is not good for cricket,7
,2,with in 4 months damaged 2 times,7
,2,not so good product please improve quality,7
,2,low quality and more damage dont buy this product,9
,2,packaging is very bad,4
,2,quality not good,3
,2,heating problem ððð and very noisy ð,7
,2,its not subtle for more then 58 person,8
,2,camara not goodplease add flash light,6
,2,size is too small,4
,2,dont buy this not good wood,6
,2,quality is good but size is too small,8
,2,product is average and inferior quality,6
,2,very small size,3
,2,this product is size is so small,7
,2,it is good but not upto the mark,8
,2,just love it ðððð,4
,2,flipkart know how to make foolish to simple person,9
,2,camera not good,3
,2,quietly is not good,4
,2,cheap fabric quality,3
,2,not satisfied heat more,4
,2,it wos doing very noise,5
,2,very bad dont buy,4
,2,dont buy bad quality,4
,2,nt so gud,3
,2,dents were found on the sides of the fridge,9
,2,very difficult to assemble,4
,2,so so quality,3
,2,motor will be quick heated,5
,2,it takes ages to heat the water,7
,2,there is no smell of camphor burn only black smoke,10
,2,bad quality product,3
,2,not so good,3
,2,very disappointed quality is not so good,7
,2,very bad product i dont like it,7
,2,not of fit,3
,2,not the best table to have,6
,2,good for normal photos,4
,2,not at all good,4
,2,small size but quality vary good,6
,2,very bad dont buy this,5
,2,this one is not bad in terms of the price,10
,2,not value for money,4
,2,not a good,3
,2,worst product money waste,4
,2,dont buy this not good wood,6
,2,product quality so bad,4
,2,heating level is very low,5
,2,littel bit defective on from front side,7
,2,not good products,3
,2,not so good,3
,2,dont book this,3
2074.0,2,cloth is unsatisfactory,3
,2,it is worst ð,4
,2,over load pr dhua deti h,6
,2,will run but not so well,6
,2,not good this price poor quality,6
,2,bed quality yar,3
,2,quality not good not charge working,6
,2,nice product but low quality,5
,2,quality not that great,4
,2,flipcart giving useless product,4
,2,very small size packing is good nice delivery,8
,2,bad quality avarege compared to rodio brand is good,9
,2,motor heating abnormally and the drum not stable,8
,2,not a good quality,4
,2,one rod is missing rest everything is ok,8
,2,very small and i m very disappointed,7
,2,it is ok ok productslightly smaller in size,8
,2,it was not good,4
,2,not bad not bad,4
,2,its ok but not excellent,5
,2,not good quality,3
,2,very bad quality,3
,2,very bad shoes wast of money,6
,2,good par on bag,4
,2,its not ok as i expected,6
,2,not typical metallic balloons,4
,2,its getting too much heat,5
,2,pin is worst,3
,2,i like this shelfthanku so much shopsy âïð,8
,2,didnt kept warm even for 6 hrs,7
,2,very bad smell,3
,2,nice but during grading vice is very loudly,8
,2,food over burn at bottom,5
,2,not bad ð,3
,2,this bat not suitable for full match bad quality,9
,2,the colour prints are dull,5
,2,no worth many waste,4
,2,its not a wooden below average products,7
,2,products looks and feels cheap,5
,2,grow only two out of twenty types,7
,2,they only make foolish,4
,2,within four months mixer blades gone,6
,2,not good for weight books,5
,2,only other wifi connect,4
,2,not good very small size,5
,2,colour in printing not good,5
,2,not too goodworks only 10 to 20 days,8
,2,in 2nd day it is hang and not working,9
,2,totally disappointedwaste of money,4
,2,plate was brokenso disappointing plate is small,7
,2,showing big images but give a small size product,9
,2,not good quality,3
765.0,2,cooler is average small size and costly rather than market,10
,2,bad dont by,3
477.0,2,it is suitable for 1 man only,7
,2,thali is very thin,4
,2,quality is very low,4
,2,material is not solid,4
,2,very bad product dont buy it,6
,2,bad quality sticker pasted around plywood,6
,2,handle is broken,3
1398.0,2,good but power consumption is more,6
2922.0,2,only shoes rack,3
,2,do not buy bad experience,5
,2,ok product in but not very good poor quality,9
,2,very slow to charge discharge very fast,7
,2,edges stitching quality is very poor,6
,2,not so good,3
,2,cleaning is not good too much wastage of water ð,10
,2,thise is not value for money dont buy this product,10
,2,ow suction power and inconvenient,5
,2,not so good,3
,2,bad product no thickness cloth,5
,2,size are small card doesnt fit properly,7
,2,not dat great,3
,2,it needs so much time to cook food,8
,2,waste of money,3
,2,this is dump dont buy this product,7
,2,noise level high,3
,2,excellent build quality just loved it,6
,2,product is okbut not a powerfuland accessories not okkk,9
,2,very small for little heavy child,6
,2,not worth this price,4
,2,not bad but not goodthis product is ok,8
,2,not wifi working,3
,2,not a bad,3
,2,heat time very low just 30 mnt,7
,2,not suitable for oily skin,5
,2,it is smaller in size then mentinod,7
,2,its an almost transparent curtain,5
,2,size not fitted and quality is very low,8
,2,material is bad,3
,2,not so good productsome seeds are not growing,8
,2,size is small,3
,2,i got damaged product,4
,2,very bad quality,3
,2,bowl was very small,4
,2,poor quality broken within one month,6
,2,not upto the expectations,4
,2,switch onoff button quality too poor use very carefully,9
,2,nice but size is small,5
,2,color is dull it could be better,7
,2,very bad not buy,4
,2,very bad product ð,4
,2,good product but sound is too loud,7
,2,waste of money,3
,2,very small for even for 4 people,7
,2,quallity is very poorvery small in sizewaste of money,9
,2,material is not good pls dont buy,7
,2,overall its not good at all,6
,2,it barely prints pages,4
,2,it was broken,3
,2,its too delicate,3
,2,heat while use after 20 or 30 mint,8
,2,product rate is very high and volume very slow,9
,2,nice watch the best ð,5
,2,loss of weight,3
,2,bedsheet faded after first wash,5
,2,remote not working,3
,2,too small size,3
,2,worst sound waste of money,5
,2,its have only less features,5
,2,remote is not working,4
,2,low quality west of money,5
,2,dont buy this product,4
,2,it consumes more power,4
,2,quality of the product was not good,7
,2,poor quality products,3
,2,no cotton material i gottotaly disappointed,6
,2,very cheap productððkoalty,3
,2,poor quality materials,3
,2,not satisfied ð,3
,2,battery backup is not expected from mi,7
,2,data cable isnt working,4
,2,bass not good,3
,2,because material is very poor and waste of money,9
,2,first charging is not supported on my micromax note 8,10
,2,i i dont like it this is product,8
,2,very thin layer cloth,4
,2,after using 2mnts bad qualityelastic band poor quality,8
,2,not that great as expected,5
,2,charger is not comfortable,4
,2,quality is not good,4
,2,not good quality,3
,2,not as expected,3
,2,low speed fan and fan blades not aluminum,8
,2,bad product i hate it,5
,2,not good everage quality,4
,2,colour poyi shakalam kazhikiyappol,4
,2,quality not good dmart provided better quality than this one,10
,2,very bad and low quality,5
,2,not value for money product is okay okay,8
,2,quality and stitching is of low quality,7
,2,it smells every time i use it,7
,2,not upto levelit is below standard,6
,2,not as working as i had idea,7
,2,body plastic low quality,4
,2,quality is not so good,5
,2,price is very high not worth it,7
,2,waste of money time and water,6
,2,selves are broken automatically didnt expected this quality from samsung,10
,2,over heat produce,3
,2,waste dont buy,3
,2,waste of money,3
,2,quality was not good,4
1157.0,2,battery drain very fast,4
,2,not that goodok ok,4
,2,difficult to use and cant control while in the air,10
,2,poor cloth qouality,3
,2,nt that much useful,4
,2,his steaches coming out,4
,2,fabric quality is not good,5
,2,light quality was very cheap i dont accept this quality,10
,2,this product is not good but not bad,8
,2,is main defects thaa,4
,2,quality is very bad,4
,2,cooler remove after washing,4
,2,not a good quality setup box,6
,2,product quality low,3
3085.0,2,this product cover size not good useless cover,8
,2,small size use only 2 years baby,7
,2,small in size,3
,2,to much time for heating water ð,7
,2,not as good as expected,5
,2,good product but bad packing,5
,2,heating very quick,3
,2,suction power is less,4
,2,quality is bad,3
,2,camera is bad,3
,2,it is much smaller than i expected,7
,2,not bad that only,4
,2,not badsize are small,4
,2,plates are too small and not so good,8
,2,very difficult to assemble,4
,2,not included bulb,3
,2,not so worthy as advertisement,5
,2,below average matterial,3
,2,thickness is low,3
,2,colour faded after one wash,5
,2,package good but item internal damage,6
,2,print quality is not good,5
,2,quantity is very less very disappointed,6
,2,very dirty and so much scratches present,7
,2,very small poor,3
,2,rate so costly,3
,2,medium quality product,3
,2,very costly and not that much effective,7
,2,there is no effect the medicine is a useless claim,10
,2,mootar sounds very high but protect good,7
,2,very light iron not properly ironing dress,7
,2,side effects so dont use,5
,2,dont buy this not good wood,6
,2,quality very bad issue,4
,2,suction is good but very heavy noise,7
,2,too hard hurts the wrists,5
,2,this product poor quality,4
,2,products is not good,4
,2,nice but plate size is too small,7
,2,cooking time 50 minutesvery long time,6
,2,very small size,3
,2,very hard and heavy ððððð,5
,2,quality is good but demage,5
1381.0,2,battery drain very fast,4
,2,not functioning well,3
,2,quality of product is very poor,6
,2,its not grinding properly not a worthy product,8
,2,not good bad quality,4
,2,very very bad quality,4
,2,after one year use it doesnt work,7
,2,size is very small,4
,2,found one bowl broken,4
,2,frost free is getting frost ð³,6
,2,the table is low hight,5
,2,very small sizee,3
,2,quality is poor,3
,2,package good but item internal damage,6
,2,quality of product is below expectation stitches are breaking,9
,2,assembly takes our breath out,5
,2,poor material inner fabric is coming off,7
,2,its didnt work,3
,2,hardware problem started just in 12 days of purchasing,9
,2,very slow speed,3
,2,slow transfer rate,3
,2,it was as broken,4
,2,meteriyal is not good but very comfortable,7
,2,poor quality not upto the mark as shown in images,10
,2,good car at affordable price,5
,2,not good product,3
,2,vary bad not wrking,4
,2,size very small,3
,2,the quality of wood is very poor,7
,2,looking wise nice but not good quality clothes,8
,2,very bad and worst product this is waste of money,10
,2,an average phone with below average specs,7
,2,it is not durable,4
,2,not very good,3
,2,not a good product,4
,2,its not pure cotton mixed,5
,2,water is leaking and also water taste is not good,10
,2,nt gud at all useless prdct,6
,2,very bad product dont buy,5
,2,product is nice but the sizes is very small,9
,2,crusty plate power steam bowl messing,6
,2,is brand is low quality furtniture,6
,2,2day use not backup battery,5
,2,very bad poor,3
,2,saund quality is not good,5
,2,not good products,3
,2,not a sine wave iam not recomended,7
,2,not up orking,3
,2,not good prodect,3
,2,product is so so,4
,2,not as expected,3
,2,good at low price and used only for office work,10
,2,holder design is best but pinto pinto working not good,10
,2,veri poor quality,3
,2,all items were not same as shown,7
,2,this is not machine,4
,2,very good product,3
,2,doesnt work properly,3
,2,cost is high compared to productscratches on top,8
,2,size is not as expected,5
,2,the speaker of one side is not working properly,9
,2,its too small,3
,2,mop stick is not good,5
,2,not more than expected,4
,2,i think alexa is better,5
,2,not good quality,3
,2,low quality cheap product waste of money,7
,2,quality not good,3
,2,size is too small,4
,2,got two small bowl broken really disappointing,7
,2,it broke within month,4
2096.0,2,material is cheap,3
,2,very low speeddont buy this item,6
,2,finishing was not good unsatisfactory,5
,2,small in size,3
,2,properly and neatly not stitched im not,7
,2,product quality is average not satisfied,6
,2,wast tonur no use it ll print only 150 pages,10
,2,waste of money,3
,2,poor quality and look,4
,2,very small size quality was not good,7
,2,room was not brightening with that some what low quality,10
,2,very bad product aromatic off on,6
,2,product is not good cheap quality,6
,2,cloth quality is very bad smell after wash from cloth,10
,2,very bad quality,3
,2,not good compost and soiled mixe there,7
,2,dose not sufficient air,4
,2,faddu router dont buy it,5
,2,sound is too low,4
,2,the quality is very bad,5
,2,the thing is not as bad as the price,9
,2,normal geygser not have special fracture,6
,2,material quality is not good,5
,2,too much time taken in heating of water,8
,2,very poor range,3
,2,transfring file tooo slow,4
,2,waste of money size is too small,7
,2,low quality materialworst plastic qualitydont buy,6
,2,it makes more sound while grinding,6
,2,fabric is not good dont buy,6
,2,it doesnt clean properly n not satisfy the expectations,9
,2,size is very small,4
,2,pipes quality not good so money wastagethanks,7
,2,one wash shrinked and faded the shorts,7
,2,not working well,3
,2,not baking properly,3
,2,after washing it looses color,5
,2,only for normal wintersize is not ok,7
,2,plant did not grow from a single seed,8
,2,disigne was same but colour very fade,7
,2,bat quality dont buy this product flipkart return my money,10
,2,quality is bad,3
,2,it is not dry and mixed sandvery bad,8
,2,waist of mony,3
,2,very poor quality products,4
,2,didnt meet as per expectations,5
,2,not heating good waste,4
,2,quality not working properly,4
,2,very poor quality,3
,2,good quality but price is more,6
,2,quality was not good,4
,2,staff note reporting fitting time,5
,2,not good product,3
,2,quality of this product is very poor,7
,2,i am expecting one product but quality is very bad,10
,2,price to high,3
,2,poor rate of transfer,4
,2,its very slippery,3
,2,toooo bad quality,3
,2,not good quality,3
,2,not good quality is not good,6
,2,very hot my return day finish so please,8
,2,no best quality in bedsheet,5
,2,not bad not good type,5
,2,some problem in sound,4
,2,demage and installation not coming,5
,2,not good ok,3
,2,too much price,3
,2,not that good,3
,2,not so good,3
,2,quality of product is very badcharging very slow,8
,2,product but finishing very bad,5
,2,very bad product,3
3215.0,2,product quality is very bad,5
,2,the battery was damaged,4
,2,quality is poor,3
,2,it is very small size,5
,2,unexpected product quality,3
,2,very thin2nd day of purchase punctured and fuss,8
,2,this is not good in price,6
,2,very thin not useful,4
,2,colour is fade,3
,2,colour fade away after first wash,6
,2,product quality very poor,4
,2,product is not good,4
,2,not good for studying,4
,2,cloth is uncomfortable â¹ï,4
,2,not good not bad,4
,2,mobile not connect,3
,2,very inexpensive but quantity bad only 20 pages print,9
,2,not worth for money,4
,2,very small size,3
,2,handle is loose every time,5
,2,poor qualityand not satisfied ý,5
,2,cant wash it with water,5
,2,very light weight,3
,2,product is fine but not of much use,8
,2,no value of money,4
,2,vary bad product not hard ball,6
,2,dont use this product anytime very worst product,8
,2,water taste is not good,5
,2,very good product,3
,2,couse acne pimples and damage your skindont buy,8
,2,installation has not been done after 8 days of purchase,10
,2,material not good,3
,2,littel bit defective on from front side,7
,2,cup damaged and auto switch off not available average product,10
,2,size is small,3
,2,poor quality than previous,4
,2,after using 3month its not work properly,7
,2,low quality product,3
,2,cloth qwality is poor,4
,2,bad quality product,3
,2,very good product,3
,2,box backing work very bad,5
,2,very poor ðð,3
,2,good but not perfect and excellent,6
,2,very bad after 15 days plate is broken itself,9
,2,quality very poor,3
,2,not so fast,3
,2,not good as price,4
,2,after one month working machine not working,7
,2,lid damage picover all ok good,6
,2,not up to the mark,5
,2,low quality materialworst plastic qualitydont buy,6
,2,very poor item,3
,2,not up to the mark,5
,2,this model are distreb in bluetooth connection very badð,9
,2,assembly takes our breath out,5
,2,very poor quality,3
,2,not good waste of money,5
,2,very worst products kindly dont buy this products,8
,2,product is very small,4
,2,its very small in size,5
,2,not comfortable no softness,4
,2,very bad all baloon r based,6
,2,very cheap stitchingclothe average for the price,7
,2,not that great,3
,2,not so good pasting is so low,7
,2,not good quality,3
,2,not as expected,3
,2,not good not bad,4
,2,very small and delicate,4
,2,not much useful no battery backup,6
,2,not good west money,4
,2,quality is very poor,4
,2,packet quality is so bad,5
,2,please dont buyturn of automatically,5
,2,its very thin and doesnt obstructs light,7
,2,charger is not comfortable,4
,2,sound good but 2or3song listening battery will be low,9
,2,good product but sound is too loud,7
,2,poor quality chaina made,4
,2,little disappointed will the amount of lightning,7
,2,it broke within month,4
,2,didnt meet as per expectations,5
,2,quality is very poor,4
,2,bed qualitythis has gotten worse in a while,8
,2,not good fabric,3
,2,disc brake is fail and hard padal,7
,2,quality of products is very low i am not satisfied,10
,2,cloth quality not good,4
,2,very small size but good product,6
,2,color output is bizarre totally disappointed,6
,2,its size is too small ððððð,6
,2,dinner plate is small size,5
,2,product very bad,3
2077.0,2,cloth material very poor otherwise ok,6
,2,not ok fun haming sounds,5
,2,with in 8 months from purchase date not workingpoor product,10
,2,bro does it have a yellowish screen,7
,2,screen color change for 10 to 15 days,8
,2,quality not good,3
,2,not that much goodbut ok,5
,2,dont purchase it,3
,2,the quality is poor,4
,2,bass very poor not satisfied bad product,7
,2,low quality thing its written room darkening but its transperant,10
,2,very bad product,3
,2,metirials very bad,3
,2,side plug is loose conduct not for correct fitting,9
,2,wifi not working properly,4
,2,cheap quality item,3
,2,size is short and cloth is very light fbr,9
,2,there is no local languages only language hindi only,9
,2,plastic quality is not goodpoor plastic quality,7
,2,makes a lot of noise poor quality parts,8
,2,its useful but broke in 1 month ð,8
2479.0,2,product is not good,4
,2,quality not good,3
,2,poor quality below expected one,5
,2,not good very cheap,4
,2,lol its not that good as expected,7
,2,having humming noise even when no load,7
,2,looks not working as excepted,5
,2,mobile is ok but charger heated quickly and normal,9
,2,small size 10,3
,2,jus bought will let know post usage,7
,2,not expected level not genuine leather,6
,2,after washing it looks very old mat,7
,2,materials quality very poor tyre quality poor,7
,2,thali was not good,4
,2,low price low quality worthy to this cost,8
,2,the size of the larger plate is quite small,9
,2,very bad product please dont purchase,6
,2,mat id very thin,4
,2,i buying this flask after six month does not heat,10
,2,sucking capacity is very low,5
,2,too much sound will cause the woofer to explode,9
,2,not as expected,3
,2,data cable is not good quality could not charge phone,10
,2,cheap quality product,3
,2,does not provide full wrist support in the gym,9
,2,outside cloth is too waste and even inner sponge,9
,2,not good at allit was just,6
,2,very thin shelf and look small,6
,2,its a good product,4
,2,all seed are not jerminatewaste of money,7
,2,very very bad,3
,2,normal product very thin not durable,6
,2,fibre is not good,4
,2,quality very bad dont buy this product,7
,2,cheap bad quality alignment of plate is very bad,9
,2,not so good,3
,2,so small clock,3
,2,auto brightness problem,3
,2,quality is not good,4
,2,very very poor,3
,2,worst qualityafter one wash its worst,6
,2,qualtay not good,3
,2,very low speed when data transfer in mobile ð,9
,2,low quality thing its written room darkening but its transperant,10
,2,colour is fade,3
1777.0,2,speed is very low,4
,2,airflow is very low it is not expected from luminous,10
,2,cheap material not sturdy enough for keeping books,8
,2,small size ahnu,3
,2,nice but bad quality,4
,2,shaking and not strong enough,5
,2,in wash clothes shade is colour,6
,2,very weak stem,3
,2,it was not charging fast,5
,2,is brand is low quality furtniture,6
,2,less qualitythe wood has to hard more,7
,2,bottle is leaking at cap,5
,2,very horrible service,3
,2,very cheap soal,3
,2,sole separated with in 2 days,6
,2,my unit is a little bit tilted,7
,2,plate size little small,4
,2,this is a best product but very boring,8
,2,i dont like,3
,2,waste of money,3
,2,smell and smoke comming not working,6
,2,not uo to satisfactory label,5
,2,i am not happy very very small,7
,2,bad product delivery,3
,2,not a original product but not bad,7
,2,bucket handle problem stick glep problem 40 ok,8
,2,not so good not work for automatic move for design,10
,2,it does not clean the steel utensils properly,8
,2,connectivity is very poor,4
,2,remote controlling is hard,4
,2,quality is very poor,4
,2,not the expected one poor quality and finishing,8
,2,bluetooth connectivity not working,4
,2,i dont like the quality sorry,6
,2,good looking but material is low quality,7
,2,one car broken used tapes broken place,7
,2,product was damaged,3
,2,plates are so small,4
,2,good quality but sirf pani garm,6
,2,cheap product its not a microwave safe,7
,2,fabric is i very poor worst product,7
,2,i never expect this from flipkart very worst product,9
,2,very bad quality,3
,2,not stable shaking when you write on it,8
,2,actually was nt that durable,5
,2,not good the upper surface of iron also gets heated,10
,2,its not good,3
,2,its not giving hot water,5
,2,not bad n not good,5
,2,not a good experience cycle tyre problem from day one,10
,2,in size it is very smallno spinner available,8
,2,not strongeasily gets broken,4
,2,quantity is less than 10 kg,6
,2,too bad product its not working only in 15 days,10
,2,very bad produced tow month only working this clock,9
,2,quality is not good,4
,2,quality is not good,4
,2,not worth for money poor design,6
,2,not valueable for price,4
,2,power backup is very less drains automatically,7
,2,please dont prefer getting electrical shock,6
,2,not value for money,4
,2,quality not as aspect,4
,2,im glad nice this product,5
,2,so hard to organize,4
,2,not good fit in the price offered,7
,2,stitching and cloth is not good according to price,9
,2,not god coleti beyd not hot local,7
,2,wifi is not connected,4
2865.0,2,cloth quality is very low,5
,2,unhappy with the performance really slow,6
,2,product is very poor,4
,2,poor quality and very small in size,7
,2,mobile not connect,3
,2,only one star i recommend,5
,2,onoff switch is not working,5
,2,not good product25100seriously,3
,2,very bad quality,3
,2,very thin like a winter bedsheets,6
,2,poor quality not upto the mark as shown in images,10
,2,fabulous looking but quality is very poor,7
,2,okay product not do good,5
,2,software experience is,3
,2,the inside is to small sometime the agarbatti doesnt fit,10
,2,very low quality,3
,2,very bed quality febric,4
,2,quality is too poor,4
,2,bad sandle not comfort at all,6
,2,grinding is not fine waste of money,7
,2,geting over heat,3
,2,low quality meterial,3
,2,quality not good,3
,2,this is not good,4
,2,its ok ok,3
2081.0,2,heavy vibrations taking too much time,6
,2,product quality is not so good dont buy this,9
,2,quality is not so good,5
,2,brand not good,3
,2,poor quality stiching,3
,2,battery life is not good,5
,2,seeds are not good only few seeds are germinated,9
,2,belt quality is poor,4
,2,cloth material is not goodtotally iam unhappy,7
,2,camara is not good,4
,2,colour is same but material is very bad,8
,2,not upto the mark,4
,2,all the threads are coming out the ends curl,9
,2,below quality standard and under size,6
,2,west for money that is not good,7
,2,not that worth,3
,2,over heating issue,3
,2,0ne light are not working,5
,2,is brand is low quality furtniture,6
,2,very nice product,3
,2,very lite material,3
,2,hanging hook is delicated,4
,2,low quality fabric,3
,2,not getting hit,3
,2,price very high,3
,2,quality not good,3
,2,not a valuable product,4
,2,quality is not satisfied for this price i am disappointed,10
,2,camera is not good,4
2871.0,2,very hard to assemble plastic material quality very poor,9
,2,camera quality is very bad,5
,2,only good not better,4
,2,not so impressed,3
,2,colour is not good,4
,2,waste dont buy it battery backup worst,7
,2,very very poor product no items shows in the discription,10
,2,expected more better,3
,2,delevery person is good and nice products,7
,2,good for light winter only not too good,8
,2,hard to fit mop into rod,6
,2,very very bed product,4
,2,no give time proper,4
,2,not user friendly,3
,2,loose the elasticity,3
,2,air leaking and over heating noted,6
,2,its not sooooo illuminating otherwise its ok,7
,2,mobile displays not working after 2 months,7
,2,wire is extremely extremely small,5
,2,ok but small size,4
,2,quality not good,3
,2,not as expectedðððð,3
,2,not even one month and it stopped working,8
,2,low quality pipes,3
,2,very small size iron not too good,7
,2,not recommend to buy very low height and feeble,9
,2,best quality ððð,3
,2,not suitable for oily skin,5
,2,sound goes off then need to restart,7
,2,blade is not good working,5
,2,too hard not suitable for children,6
,2,dimensions not ok,3
,2,some quality issue,3
,2,nothing new compared to 78 th generation waste of money,10
,2,stiches came out after 2 to 3 days,8
,2,faltu a waste of money,5
,2,product was damaged,3
,2,colour not same,3
,2,good looking but belt damaged within 1 month,8
,2,very old piece,3
,2,installation system is badbcz no one install at home,9
,2,dimensions not ok,3
,2,quality very poorlenght was ok,5
,2,quality very bad,3
,2,please dont buy this product seriously,6
,2,very light weight material,4
,2,pressure is low,3
,2,shaking too much and length is small,7
,2,very small in size only showpiece,6
,2,pls dnt waste your money,5
,2,quality not ok this product,5
,2,recievd damage product also quality was not upto the mark,10
,2,size is too small,4
,2,its not flow continue hot water,6
,2,inefficient grinder its not moneys worth,6
,2,low quality at botton side,5
,2,not work properly disappointed â¹ï,5
,2,quite small n not so warm,6
,2,not worth for money,4
,2,mixer ok juicer lock switch lock button is failed,9
,2,very ordinary product,3
,2,its not a good,4
,2,quality not good,3
,2,very small very hard to assemble,6
,2,not fit for hp desk jet 4123 printer,8
,2,small but good,3
2470.0,2,clothes quality is very bad,5
,2,there is no space between the legs of table,9
,2,good service product,3
,2,ssd should b increasems office properly not working,8
,2,good interior average exterior,4
,2,poor quality waste for money,5
,2,very badwast of money ð,5
,2,average colour is not fast,5
,2,after using some days color is gone,7
,2,light emitting is less,4
,2,not upto mark,3
,2,i dont like this,4
,2,theres no on off button,5
,2,not upto the mark,4
,2,within one month rubber can be seen,7
,2,not wifi working,3
,2,waste of money,3
,2,worst product stopped working in only 1 month,8
,2,the water pressure is very low from the hot valve,10
,2,ok ok product not recommended,5
,2,its not goodnot bad,4
,2,this product is too wrost,5
,2,cook and warm bottom not functioning not satisfied,8
3209.0,2,waste of money,3
,2,too much noise but working fine,6
,2,its very bad very noicey,5
,2,poor quality balloons,3
,2,very poor qualityit is a waste product,7
,2,449â¹ waste of money,4
,2,very nice good product,4
,2,only 4 wash programs available,5
,2,not working out,3
,2,print finishing is not good,5
,2,qualify good but not long life 6 months last,9
,2,cheap quality cloth,3
,2,light is not working,4
,2,poor quality products,3
,2,too costly doesnt exceed 100 pages one sided print,9
,2,not in my expectations very small,6
,2,very very bad quality remote not working,7
,2,waste of money,3
,2,not long lastingjust a years use ð,7
,2,not good quality,3
,2,very bad products waste money and time,7
,2,colour not same,3
,2,good ð happy,3
,2,not good enough,3
,2,it is a average product,5
,2,the product has stopped working after 3 months of purchase,10
,2,very bad material,3
,2,some items are not good,5
499.0,2,room is not cooling cooler is throughing only normal air,10
,2,stichening is very bad,4
,2,clotht is not good,4
,2,too small to use good for bathroom only,8
,2,ballon quality is not good,5
,2,card quality is not so good,6
,2,product size is very small,5
,2,its not up to the mark,6
,2,ok ok product,3
,2,pradaocut is lekege low performance,5
,2,switch not working properly,4
,2,waste of money smell is not like comphor,8
,2,not good as i thought,5
,2,nyc but small,3
,2,usb cable and slot is not available,7
,2,not satisfied with the quality,5
,2,quality is poor not value for money,7
,2,very bad not worked,4
,2,quality is not as expected,5
,2,very thin blanket not use for heavy winter,8
,2,items is not good,4
,2,i recommended you to go with 1500d or others else,10
,2,bad quality page 100 only flikark very very bad activity,10
,2,too much heat and emitting plastic smell,7
,2,not leak proof leaking from top nob,7
,2,very bad behave,3
,2,after two day the bass was disconnected,7
,2,switch not operating,3
,2,not as expected pooer quality n colour not happy,9
2872.0,2,very poor quality,3
,2,plates are very small,4
,2,average shoes ac price,4
,2,in few seconds its make very hot,7
,2,quality is not good very thin material,7
1411.0,2,battery drain very fast,4
,2,soundless ðspeedless â¹ïair_lessð,3
,2,product is not working after one month,7
,2,product size is small its not good,7
,2,i dont like it,4
,2,low signal statitics,3
,2,poor quality of clothes,4
,2,not good qualit6,3
,2,very bad product,3
,2,not bad but so light and thin body,8
,2,not as expected,3
,2,ledlighte are not open,4
,2,its goodbut i dont like its smell,7
,2,its very bad,3
,2,very bad quality,3
,2,not efective in dark spot,5
,2,very bad camera,3
,2,nozzle not working properly,4
,2,it is a bad quality product,6
,2,product is damaged,3
,2,price is high for this qualitysize is not as expected,10
,2,average good not super quality,5
,2,product quantity is not that good,6
,2,pillow size is smallcloth has strains,6
,2,i dont like,3
,2,small size not perfect for adult person,7
1163.0,2,not a good product,4
,2,top cap leak when flip,5
,2,very basic dslr dont buy instead go for nikon 3500,10
,2,chape one on standard it is lockal company product,9
,2,its so small didnt like it,6
,2,blades are not sharp only each two blades include,9
,2,the cloth material is not good at all,8
,2,poor quality and shiting coustumers,5
,2,bad condition clothes worst sales,5
,2,no same color looking very dull color iam not stesfi,10
,2,its not good,3
,2,take more time for any program,6
,2,bad effects on mental health if same comment down,9
,2,cloth is not cotton as claimed,6
,2,small in size,3
,2,not came as expected colour is not good ð,9
,2,plastic quality is worst,4
,2,not worthy because of very small in size,8
,2,not good product,3
,2,the product is not bad but the price is high,10
,2,no results ð,3
,2,melting smell is coming,4
,2,littel bit defective on from front side,7
,2,good product but its legs are disturbing,7
,2,it is a average product,5
,2,not good quality,3
,2,bad product material is not good,6
,2,given very small,3
,2,uneven nylon fiber filler,4
,2,not up to the mark,5
,2,very bad products ðð,4
,2,product is not user friendly,5
,2,good product but poor quality,5
,2,very poor quality,3
,2,very bad product,3
,2,not cooking well,3
,2,quality is very low,4
,2,wire length too short,4
,2,havent yet used it sole is little disappointing,8
,2,its not works for 12 hours at all,8
,2,quantity is less not worth buying,6
,2,bowl size is too small,5
,2,quality not good,3
,2,no effect on audio,4
,2,value of money best one,5
,2,not worth for money,4
,2,size is too short,4
2503.0,2,not good not bad,4
,2,brand not good,3
,2,very poor quality,3
,2,broken its handle in 3days,5
,2,no so gud,3
,2,half seeds not germinated,4
,2,quality is poor colour is dull,6
,2,not to fit my expectations,5
,2,more big siz,3
,2,quality is not as expected,5
,2,very small product on this price waste of money,9
,2,average for any skin type,5
,2,not better quality,3
,2,quality is not good,4
,2,size is very small,4
,2,quality not upto the mark look for something else,9
,2,very cheap quality product lasted for one year now scrapped,10
,2,after one washcolour change,4
,2,product is good but fibre is not good,8
,2,not so good productsome seeds are not growing,8
,2,bat is ok but its handle isnt good,8
,2,not all skin type,4
,2,speed is very slow on full speed after 45 months,10
,2,not use full just waste of money,7
,2,i am not happy,4
,2,one plate was broken,4
,2,hot is not lasting,4
,2,no quality very big size color also very bad,9
,2,very bad quality,3
,2,itz tooo heavy dont like it,6
,2,not an option,3
,2,not that good,3
,2,fabric is so thin,4
,2,using from about month but did not seen any changes,10
,2,handle not fixed properly,4
,2,not as expected but canât say worseðð,7
,2,not meet expectation,3
,2,very bad products,3
,2,mixi grinder sound lot off i am not happy,9
,2,filtration of water not properly done please contact,8
,2,jar gets ruptured only in 3 uses,7
,2,very bad plz dont buy this,6
,2,very bad experience,3
,2,not like the previous quality it is flowing like ðwater,10
,2,bluetooth connection avvatla,3
,2,not as expected,3
,2,not a good product,4
,2,notgive specific heat of radiation and heating,7
2852.0,2,good product but the cloth quality is very bad,9
,2,it is not water proof,5
,2,small productvery bad,3
127.0,2,fan speed is slow and making lot of noise,9
,2,quality is not good feeding tray fixing problem,8
,2,it is very unstable,4
,2,poor quality of plastics,4
,2,cheap quality cloth,3
,2,very poor quality very disappointed,5
,2,1 bowl is broken,4
,2,its not worth for money,5
,2,i was not get scroos qnd its not perfect,9
,2,air is not all that cool,6
,2,dont buy it quickly was not good,7
,2,very bad product,3
,2,not as expected,3
,2,not parfect orjinal quality,4
,2,very smoll pack,3
,2,quality not upto the mark look for something else,9
,2,too much tigh dont try to order from flipkart,9
,2,product is not good,4
,2,calling function not included in this watch,7
,2,its not good fabric,4
,2,nice product from flipkart,4
,2,it didnt work well on cotton cloth,7
,2,size of plate and bowl were small,7
,2,mop is not goodimprove the quality,6
,2,the machine has stopped working within a year,8
2689.0,2,vry poor material,3
,2,ro body quality very poor,5
,2,not good at all,4
,2,lights not working,3
,2,quality not upto the mark look for something else,9
,2,this product dont buy because this product having hang issue,10
,2,product quality was norma,4
,2,i am not satisfied,4
,2,i dont like,3
,2,poor quality tshirt,3
,2,colour is lite and very very bad quality,8
,2,not a good,3
,2,very low quality fabric,4
,2,very poor item,3
,2,camara not goodplease add flash light,6
,2,its not good,3
,2,not good dont buy it,5
,2,its not a 100 cotton product its 50 cotton,9
,2,no range no enough power build worst product,8
,2,two legs were long when other two are short,9
,2,in my perception it will be further impove,8
,2,oily skin not comfortable,4
,2,not that speed,3
,2,cloth quality not good waste of money,7
,2,very poor quality,3
,2,network coverage is not good,5
,2,only good not a excellent,5
,2,not satisfied with products,4
,2,quality is not as expected,5
,2,the cloth is very transparent,5
,2,not good quality ð,4
,2,good but price is highproduct is average,7
,2,too worst not fitting cap steel also little breakage,9
,2,very poor quality backside of the plate start having cracks,10
,2,very nyc ðððððð,3
,2,its not a good quality just ok,7
,2,worst product dont buy plant is not growing,8
,2,not working properly,3
,2,im not happy with this product sorry,7
,2,not good quality,3
,2,waste of money dont buy it,6
,2,fabric is not velvet,4
,2,product is not same,4
,2,wearing 2 days bubbles came not satisfied,7
,2,very poor quality,3
,2,first use for heating problem,5
,2,is brand is low quality furtniture,6
,2,it is much oily,4
,2,its very poor quality,4
,2,material not goodmoney waste,4
,2,product is good but fibre is not good,8
,2,good but too expensive printing capacity low,7
,2,not strong outer body,4
,2,third class quality,3
,2,vary bad leakage,3
,2,the cable is bad the adaptor is good,8
,2,not satisfied got damaged product large 3plates are broken,9
,2,while running grinder will stop and heat more high,9
,2,not good small size,4
,2,because battery portion is defected,5
,2,normal quality forming holes after 3 months usage,8
,2,small size not big,4
,2,ok bt small product hai,5
,2,poor quality of blanketpls not to buy it,8
,2,dont buy ððð worst quality,5
,2,very bad quality,3
,2,this product is really bad,5
,2,its not stretchable,3
,2,bad product very slow,4
,2,goodbutrunning is not good,4
,2,not satisfied with this product,5
,2,quality not good,3
,2,handle is loose every time,5
,2,room was not brightening with that some what low quality,10
,2,very very bad,3
,2,product is ok for this price the performance is average,10
,2,cast screen worest,3
,2,after 3 month proper not working,6
,2,colour is fade,3
,2,qualtay not good,3
,2,disappointed not working fine,4
,2,very bed very small bucket dont purchased,7
,2,brocken bowl received,3
,2,very poor quality,3
,2,package good but item internal damage,6
,2,the light is not spreading much,6
,2,material is average and colour is not attractive,8
,2,blade quality not good broken,5
,2,samsung fridge 253liters back side water sound coming,8
,2,dont buy woofer sound is very rough,7
,2,not good totally west of money,6
,2,refill is not good,4
3041.0,2,product quality is not good,5
,2,not so satisfied,3
,2,some features not working and connecting slow,7
,2,not worth it it doesnt respond properly alexa is best,10
,2,mind blowing pant i am so happy thanks flipkart,9
,2,solding iron quality is not good,6
,2,belt is rough,3
,2,good but inner side is not copper,7
,2,after a few hours the heat starts to subside,9
,2,this is not working after 4hours,6
,2,not good product,3
,2,this material was very thin not for daily use,9
,2,quality is not expected as extension lock is not atiff,10
,2,overall not bad,3
,2,not durable broke within 2 days,6
,2,not satisfiedover hype product,4
,2,images and videos overlapping and camera performance is poor,9
,2,the turbo fan is not working at all,8
,2,its has lots of noise while using,7
,2,not up to the mark,5
,2,not goodwaste money,3
,2,very bad product,3
,2,very bad product dont by,5
,2,most of the time it goes offline and restarts,9
,2,quality is very poor,4
,2,not satisfied with the golden foil,6
,2,not as per standard,4
,2,quality not good,3
,2,this product was average,4
1198.0,2,cooling is not good,4
,2,quality is too bad,4
,2,average sound quality bass woofer is deliver low sound,9
,2,its small size not good ðð,6
,2,manufacturer provide only one button,5
,2,low quality didnt appreciate it,5
,2,not good not bad,4
,2,waste of money the stick not good,7
,2,size is not like be brings,6
1255.0,2,not good cooling,3
,2,seeds are also squeezing where taste is not good,9
,2,dont use this product this product all stitching so lose,10
,2,very bad quality,3
,2,after some weeks it didnt work,6
,2,not working in perfectly,4
,2,not up to the mark average,6
,2,size of the dinner plate is very small,8
,2,cap lickej problem,3
,2,no stitching quality,3
,2,very poor qaulity,3
,2,no value for money,4
,2,plates are comparitively small,4
,2,colour was faded,3
,2,this is not work,4
,2,inside stuff is not good at all,7
,2,not worthlow quality product not up to the mark,9
,2,cloth quality not good,4
,2,very slowwest items,3
,2,charging speed is very slow,5
,2,bad product is not working lightworest product,7
,2,bedsheet faded after single usage,5
,2,waste of money the stick not good,7
,2,fitting issues all product,4
,2,ink level 78 approximately,4
2203.0,2,not bad that only,4
,2,poor packing actual space is not mentioned,7
,2,wasteits not working properly,4
,2,washer is not working,4
,2,very dirty and so much scratches present,7
,2,cap of bottle getting loose gradually,6
,2,is ok ok,3
,2,sound quality zero picture quality zero,6
,2,waste for money,3
,2,colour is lite and very very bad quality,8
,2,its really good ððð,4
,2,punctured after a few days,5
1953.0,2,worst plastic has been used to make this,8
,2,very poor products,3
,2,does not stick at all,5
,2,this item was below average,5
,2,loose connection wire,3
,2,average quality ok product,4
,2,just ok not good se i expected,7
,2,not as expectedalso electricity coming to the body,8
,2,low germination seeds ð,4
,2,dont buy oily skin peoples,5
,2,just ok after charge mobil discharge suddenly,7
,2,velyu of money,3
,2,very good and very nice,5
,2,not upto the mark,4
,2,size not fitted and quality is very low,8
,2,very bad product i am not happy with your product,10
,2,leaked at top portion,4
,2,average quality not so good,5
,2,worst stitching not good quality cloth,6
,2,its very small,3
,2,signal quality is very poor,5
,2,very poor this product is the rate is too much,10
,2,this is not heat resistant completely,6
,2,not good ð broduct,4
,2,product is ok,3
,2,very bad plz dont buy this,6
,2,led not working,3
,2,only adaptor is there no wire,6
,2,fully mud worst product,4
,2,meterial is not good,4
,2,quality wise very mediocre not very wise to buy,9
,2,1 hours time use then heat water,7
,2,some time is not working,5
,2,very bad sound quality,4
,2,very expensive and low in quantity,6
,2,unable to connect with lg tv,6
,2,quality not good,3
,2,its giving hot water,4
,2,very bad quality,3
,2,quality is very bad and second day just broke,9
,2,very poor quality,3
,2,produced is ok but not good and stuff like money,10
,2,just ok not so strong not well balanced,8
,2,mope stick is broken,4
,2,only 1 or 2 seeds worked,6
,2,strong gas smellnot longlasting,4
,2,fabric quality is not matching as mentioned in description,9
,2,instead of suction it is working as a fan,9
,2,very small size,3
,2,all product are very small size,6
,2,not worth the price,4
,2,im not satisfied,3
974.0,2,front camera is very poor dont buy it,8
,2,nice but small cushion,4
,2,not clear print,3
,2,its useful but broke in 1 month ð,8
,2,stuff is not expected,4
,2,very dirty and so much scratches present,7
,2,very poor quality,3
,2,smol size single member using only ð,7
,2,not as an expectationits too costly,6
,2,very very bed product,4
,2,more garbage is come bakwas,5
,2,very thin no warmness,4
,2,the parts dont fit properly and its wobbly,8
,2,size is very smallð,4
,2,this is not hundred percent cotton,6
,2,reboot problem everytime,3
,2,not fit and comfertble,4
,2,nice but during grading vice is very loudly,8
,2,didnt match the expectationdoes the job thanks,7
,2,one wash colour is fed,5
,2,its not good,3
,2,dont buy this product hdmi port not working,8
,2,wifi not working properly,4
,2,waste of money it has noise issue,7
,2,sound is very low difficult in getting connection,8
,2,camera is very poor and mobile is weighted,8
,2,v bad quality,3
,2,quite ordinary not worth the price,6
,2,fibre is not good may be quality can be improved,10
,2,not proper gain,3
,2,indication lamps only sticker and very smal sizg transfarmar,9
,2,not good for video,4
,2,plate size too small,4
,2,this fans fitting was not up to the mark,9
,2,not proper size,3
,2,poper iron is not hot,5
,2,very noisythird class product,4
1472.0,2,very bad quality,3
,2,quality not good,3
,2,not enough strenthy,3
,2,very bad quality it give electric short,7
,2,one plate was broken disappointeddesign also changed,7
,2,small in size,3
,2,to small product i m not satisfied,7
,2,table not good,3
,2,bluetooth connecting issue very bad experience,6
,2,size is too small and poor back support disappointed,9
,2,restart problem when net is down,6
,2,quality is not too good,5
,2,this product in not good just okdont buy,8
,2,small in size as expected,5
,2,not worth of spending money on this product,8
,2,quality not good very disappeared,5
,2,everything is good but did not recieved the free 4tablets,10
,2,couldnt clean properly had it returned,6
,2,stand not rigid,3
,2,doesnt look new,3
,2,got faded in single wash,5
,2,very bad experience suggest not buy online bycycle,8
,2,littel bit defective on from front side,7
,2,getting disconnect from wifi after restarting the wifi,8
,2,poor command handling experience and very complicated handling,8
,2,sound very low not up to level of 100w,9
,2,received broken pieces not well,5
,2,local product poor quality,4
,2,very bad product,3
,2,proper not working,3
,2,mop stick was not working properly,6
,2,not good even material is cotton not velvet,8
,2,very bad qualitydisappointed,3
,2,ok not a good,4
,2,product not working,3
,2,very good sound bar,4
,2,not as expected,3
,2,didnt like the material,4
,2,i couldnt even fix this struggle was real worst,9
,2,good but im not happy,5
,2,poor quality dubious product,4
,2,local item not recommended,4
,2,its not worth for the amount,6
,2,fabric is not cotton,4
,2,very low quality material,4
,2,foot touching to the front wheel overall looks ok,9
,2,not very good bat only good,6
,2,its too big west of money,6
,2,price is too high,4
,2,material was so cheap,4
,2,not bad product,3
,2,quality is good but size is not as expected,9
,2,product is not better,4
,2,poor packing delivered,3
,2,quality is not god,4
,2,very heavy current bill,4
,2,too small from expectation,4
,2,temperature doesnt stay long,4
,2,one speaker not working,4
,2,not good for warranty,4
,2,product over heating no air throw option,7
,2,didnt get any notification message or anything waste of money,10
,2,not good quality,3
,2,stick is not good and very small,7
,2,not good quality,3
,2,not good your product,4
,2,very very bad,3
,2,verry small product,3
,2,bild coulity is not good,5
,2,size is too small i expect some what bigger size,10
,2,very average product,3
,2,very bad quality,3
,2,not good everage quality,4
,2,one of the plates was broken,6
,2,very low material use,4
,2,it is not pure cotton,5
,2,material quality is very low,5
,2,bulb was fuse within 10 days,6
,2,speaker not working,3
,2,dont buy this productbad,4
,2,after 2 months leakage problem,5
,2,not valueable for price,4
,2,its a very very very bad,6
,2,batary is very low,4
,2,very bed quality,3
,2,very bad product dont waste your money,7
,2,got a very old piece,5
,2,more low quality,3
,2,length is not comfortable suggest dont purchase,7
,2,fan makingg noise with in a week,7
3217.0,2,not good mini space,4
,2,size is too small,4
,2,hight is very small,4
,2,bad quality product,3
,2,very bad product,3
,2,not compatible for my watch,5
,2,table is not balance proper,5
,2,no difference smell is good,5
,2,product not goot and color defect,6
,2,touch not supported,3
,2,material is not good,4
,2,very bad product,3
,2,product very low quality,4
,2,very very bed,3
,2,not light in it,4
,2,image pic good but rialty is poor,7
,2,size is not as expected,5
,2,quality is not good,4
,2,very bad quality,3
,2,not good as per price,5
2517.0,2,im little bit of disappointed,5
,2,okbut not worth for money,5
,2,not suitable for iphone,4
,2,it looks cheap better go for higher variant,8
,2,very cheep quality,3
,2,very low quality product,4
,2,plasticrubber protection at corners is not provided,7
,2,children for not safety front table is v week,9
,2,very bad product bad sound quality,6
,2,fitting ver bad holders break down,6
,2,dont like hate product ok,5
,2,quality was not good,4
,2,quality was not so good,5
,2,sound was not goid,4
,2,the quality of this was so badd,7
,2,stitching quality is not up to mark,7
,2,bass is low sound quality of normal over all ok,10
,2,quality not good,3
,2,coconut scrapper doesnt work i am very much scammed,9
,2,very useless after a month the backup is 20,9
,2,stick was very short in hight,6
,2,its very small,3
,2,quality is not good,4
,2,nice but not for gaming,5
,2,cloth use in it is very bad quality,8
3091.0,2,dont recommend it,3
,2,working but little flash,4
,2,waste of money,3
,2,very poor quality,3
,2,the wire is to shot,5
,2,i am not satisfied,4
,2,not good product,3
,2,wallmount not in the box and screen cast not working,10
,2,very small size,3
,2,backup very bad only 3300 amp mobile charge 1 time,10
,2,not satisfied with d product but its,7
,2,very poor quality,3
,2,delivered item having colour contras issue rest everything is perfect,10
,2,cheap quality it is not a fast charger,8
,2,quality good but small size,5
,2,quality of the material very poor,6
,2,its not steel,3
,2,side connectors not good quality pipes ok,7
,2,size is small,3
,2,quality not upto the mark look for something else,9
,2,waste product there is correct light too,7
,2,product is nor working properly,5
,2,super nalla ulpanam,3
,2,totally waste product,3
,2,joint in inner side,4
,2,battery backup is wasted,4
,2,small in size,3
,2,not fitting properly,3
,2,to small not suitable for 3 age,7
,2,is this set for dwarfits very small,7
,2,very very super tank of flipkart,6
,2,not good product old model with problem voltage high,9
,2,waste of money,3
,2,waste of money not give total letter,7
,2,quality is not good,4
,2,sound quality bad,3
,2,im not satisfied,3
,2,no colour darkness,3
,2,product was okbut size is bulky,6
,2,quality of products not good,5
,2,not easy to assemble,4
,2,product is very delicate,4
,2,very thin material cant take wait of clothes,8
,2,100 pages print out not coming,6
626.0,2,cooler is good but only auto swing is not working,10
,2,quality doesnt commensurate with the price,6
,2,not good quality,3
,2,very low seed in each packet,6
,2,hardly does the job,4
,2,dont buy it,3
,2,verry bad product wast of money,6
,2,size is very small,4
,2,dont buy it i think waste of money,8
,2,very small plant one plant died,6
,2,bad quality product by inalsa,5
1118.0,2,not as expected,3
,2,plates r very small,4
,2,very small cheating,3
,2,its really amazing products,4
1292.0,2,air throwing distance is very low,6
,2,material not good fitting worse,5
,2,very bad quality,3
,2,this is bad quality ñ phone,6
,2,its not so good ð,5
,2,samaje for water,3
,2,dont west your money,4
,2,quality not good,3
,2,not so good,3
,2,insole is very bad,4
755.0,2,less than one monthmoter automatically burnno replacement gurantee,8
,2,quality is not good,4
,2,its a worthless product,4
,2,charger is a not connected,5
,2,product not good,3
,2,size is very small but good clock,7
,2,waste of money,3
,2,very bad kwality dont purchase,5
,2,very bad 1day damage,4
,2,looks average also small but cost wise its ok,9
,2,found very thin,3
,2,product not baddelivery service worst,5
,2,just ok not perfect,4
,2,i dont like it,4
,2,not very good so so,5
,2,machine got wrong within one month,6
,2,its very tipcial laptop dont give ms office with laptop,10
,2,quality is worsted,3
,2,very small dont buy go for something else,8
,2,not as expected,3
,2,bad too small,3
,2,is brand is low quality furtniture,6
2079.0,2,very poor quality bad investment,5
,2,this product is very bad dont buy this product,9
,2,not too good,3
,2,camera is very bad,4
,2,reacron is very lessthe pillowcase is thin,7
,2,very small compartments not suitable for big earrings,8
,2,no strengh at all have to improve tremendously,8
,2,not worth of money just washing box no spl facities,10
,2,its not so good,4
,2,very high pricefor this type of product,7
,2,not that good its a kind of so so,9
,2,totally waste product,3
,2,not properly work automatically reboot,5
,2,so so product,3
,2,warest waste of money,4
,2,bass quality poor,3
,2,waste for money,3
,2,low quality product,3
,2,not expected type,3
,2,grinding takes time,3
,2,range is not good just one floor down signal lost,10
,2,color size issues,3
,2,not worth of money,4
,2,not good remot is not west of mony,8
,2,less than avarage quality,4
,2,recieved broken pieces,3
,2,accessories was not comleted,4
,2,free keys was not working,5
,2,small in size,3
,2,not to good,3
,2,build quality not good,4
,2,very bad products,3
,2,quality not good,3
,2,not that good,3
2831.0,2,idea wise its goodbut the materials connection are worst,9
,3,loose connection needles,3
,3,fineok ok but such quantity quite expensive in this price,10
,3,very less space,3
,3,not bad everage,3
2531.0,3,zipper quality is little low,5
,3,nice product and wall clock its very perfect,8
,3,cast not working dont purchase this productok for normal picture,10
,3,while using device becoming very heat,6
,3,excellent product ðð,3
,3,ball is very good but its injurious,7
,3,worst ever experience,3
,3,quality is satisfactory,3
,3,thank you flipkart good delivery man,6
,3,it was ok not a perfect piece,7
,3,its a good mobile in low price,7
,3,use cheap quality plestic,4
,3,good product but little high cost,6
,3,its size perfect but colour feds earlier,7
,3,ln very bad condition,4
,3,recieved a damaged item,4
,3,too time taking for heating better go for 25 liter,10
,3,price is high,3
,3,is very goodð but price higher,6
,3,its cloth is not soft but you can wear it,10
,3,its a little uncomfortable,4
,3,good is in this cost,5
,3,ok but needs more attachment and accessories,7
,3,nice product bt size is so small,7
,3,not good so much,4
,3,fitting now good as mentioned,5
,3,item damages in transit,4
,3,drum size is little bit smaller,6
,3,pocket zip quality poor,4
,3,good but small one,4
,3,very nice in this price,5
,3,very poor quality,3
,3,leakage problem while drink water,5
2013.0,3,product is ok not so good not so bad,9
,3,it is ok product,4
3090.0,3,nice product but delivery took so long,7
,3,very good product,3
,3,nice but ok,3
,3,watch was good but a bit small in size,9
,3,not pure sine wave inverter,5
,3,product is good but sewing time the rope gets stuck,10
,3,seems worth it,3
,3,after replacing got a good one,6
,3,very small size products,4
,3,good but rate is high,5
,3,faded in 1st wash,4
,3,only its smell is good,5
,3,its to small and weight less ok ok,8
,3,nice but its not a velvet carpet,7
,3,gets heat up early overall a good buy,8
,3,enough quality for this price,5
,3,1hour charge 10 mint flying,5
,3,one plate was broken but good,6
,3,not looks like pic provided,5
,3,thank you flilpkart,3
,3,so nice colour,3
,3,it was good but after updates volume buttons didnt work,10
,3,good product nice fitting,4
,3,very small watch,3
,3,diesnt clean properly,3
,3,quiet good in this range pure cotton,7
,3,over all best,3
,3,nowadays flipkart return policy has been changed,7
,3,6 wicket good but just little,6
,3,not that much good,4
,3,goood but range is lesssmust buy,6
,3,bat quality very bad,4
,3,bulb connector and bulb not included price wise okay,9
,3,brinjal round seed is absent,5
,3,good but smlk in size,5
,3,ok but very lazy not in thickness,7
,3,good product you can go with it,7
,3,great for less money,4
,3,ok ok product,3
,3,products is good but very small ð,7
,3,super but color is very baddelivery boy very very friendly,10
,3,good product worth the money,5
,3,its costs worthless,3
182.0,3,built quality is not up to the mark overall avearge,10
,3,its very small,3
,3,not god as price,4
,3,medium quality product,3
,3,fabric is cotton but not pure cottton,7
,3,miss giliter and transparent balloon,5
,3,loud noise overall nice,4
2042.0,3,bad quality cloth is very bad stitching is bad,9
,3,video call problem,3
,3,good working ups flipkart best service,6
,3,it is ok donât expect much,6
,3,worth for the value,4
,3,very bad uncomfortable,3
,3,not as like as think,5
,3,quality good but hanger too slim thik ness,8
,3,good but not better,4
,3,3star its very thin,4
,3,nice but pipe is small,5
,3,color is quite decent,4
,3,good for home service,4
,3,its hair is very flufy,5
,3,very bad quality,3
,3,fabrics have little thik,4
,3,nice product ð,3
,3,size is lower than expected,5
,3,quality good and same as shown in picture,8
,3,less cusion fabric is ok,5
,3,nice but not sufficient size,5
,3,at this price is good,5
,3,this product is brilliant but size is not accurate,9
1488.0,3,product was defective,3
,3,product have low quality,4
,3,low quality but quick control and speed worth for price,10
,3,finish is not that good,5
,3,plastic materials are broken and not good,7
,3,two dinner plates was broken,5
,3,heating time to much,4
,3,design i found poor so i modified a little,9
,3,it is a very good machinevery nice very carefull,9
,3,very good productgood network catching and remote also too good,10
,3,sometimes fails to stay connected,5
,3,good product with speedable movements,5
,3,good productmust be buy,4
,3,supar phone in this price,5
,3,good quality product,3
,3,no battery backup,3
,3,very light weight,3
,3,very nice product,3
,3,good carato start battry,4
,3,this product is amazing ð,5
,3,not supported hdmi cable mi 4a tv,7
,3,not good as expected,4
,3,it is good,3
,3,this is mat football not suitable for grass soil ground,10
,3,midiyam not good not bad,5
,3,good for the price,4
,3,not working as expected for indian dishes,7
,3,pain in the foot after use of 23 days,9
,3,seeds ok but count low,5
,3,good but not that much,5
,3,quality is not up to the mark,7
,3,more quality needed,3
1052.0,3,average quality mobile,3
,3,not god as price,4
,3,not much good,3
,3,my kids like it,4
,3,good ð ð,3
,3,this product is very good and nice quality,8
,3,well playing specific music is mostly a hit or miss,10
,3,good quality but lengthis too short,6
,3,i want all assesaries attached with product for better experience,10
,3,its good but quality not so good,7
,3,ok not bad,3
,3,avarage product produce heavy sound but take less,8
,3,good but smaller,3
304.0,3,no stand and little noisy cooler,6
,3,product is nice at this price,6
,3,nice but not that much,5
,3,moisturize very well little bit is sticky,7
,3,ok but not great,4
,3,avg product available at road side ð,7
,3,it was good,3
,3,cannot keep higher weighted books disappointed,6
,3,too light in wieght and thin,6
,3,good but small set,4
,3,not perfect size buy one size smaller than usual,9
,3,good he is using it,5
,3,colour is not bright,4
,3,speed is very low im not happy with this product,10
,3,good but little bit damage in a full plate,9
,3,ok but not life product,5
,3,good one for domestic use,5
,3,the product does not support all cloth materials,8
,3,its not good,3
,3,super product nice,3
,3,not so good,3
,3,not fitting with stand,4
,3,size is not suitable for dinner or lunch,8
,3,product is good but small size,6
,3,matiriyal is less better then according to price,8
,3,not bad product but ok ok type,7
,3,product is good but product is very costlyoverall good product,10
,3,good but battery will come for 1 hr nly,9
,3,not a good quality,4
,3,very nicegood item,3
,3,not bad but it will take 30 minutes to heat,10
,3,not up to mark,4
,3,size is a bit small okay product at this price,10
,3,very nice product,3
,3,quality is ok but small width size,7
,3,lookwise good but not warm,5
,3,good lookâï good performance value for moneyð,7
,3,this product is not bad the clothes material was okey,10
,3,nice product and good ðð,5
,3,super and best quality,4
,3,stick too weak,3
,3,not great feels like road side stuff,7
,3,very good quality and in such a low price,9
,3,good can buy,3
,3,screen casting not working,4
,3,cycle is good but the sticker is not properly,9
,3,colour is not bright,4
,3,very nice product and very fast delivery,7
,3,okayno changes in my face,5
,3,i like it r,4
,3,product quality good,3
,3,good product but gets heat fast,6
,3,price more and camera clarity less,6
,3,plates bowls size are short,5
,3,good quality and best price,5
,3,product is of low quality,5
,3,nice product at this price point,6
,3,water wont absorb overall an average product,7
,3,good but power button quality low,6
,3,thanks you super,3
,3,good product in this amount,5
,3,very good product,3
,3,this is a weast,4
,3,best product at this price,5
,3,very nice product,3
,3,price wise it is good nice fitting,7
,3,i like it,3
,3,superb product ðð,3
,3,good quality âºï,3
,3,bad door mate,3
,3,its avarage product,3
,3,less weight compared to coconut dinner set,7
,3,it is a good product but pockets are small,9
,3,just ok product,3
,3,smalll but good,3
,3,i thought is is 1tb but it has 931gb only,10
,3,product ok but very thin fabric,6
,3,product not good qualitynot good grinding,6
,3,installed software in product not working properly,7
,3,i will update after 34 month,6
,3,it should be available in all sizes,7
1261.0,3,camera quality is not too good,6
,3,bottle received with a dent,5
,3,ok ok product,3
,3,product is just ok,4
,3,small in size,3
,3,it did not come with antislip back as described,9
,3,lil small otherwise ok,4
,3,i got all ð thank you,6
,3,its not velvetsimple cotton stuff,5
,3,its good product ðð,4
,3,some parts damaged but ok,5
,3,very small size,3
,3,quality is not good,4
,3,awesome best quality,3
,3,fine for everything,3
,3,very good ð,3
,3,quite was not there,4
2184.0,3,its nice but cloth quality is not so good,9
,3,seller did not send operating manual,6
,3,the product is good but they dont send dust bags,10
,3,motamuti ache but bluetooth connect onek late kore conect hoche,10
,3,not so good,3
,3,not perfect for a big charger size,7
,3,product is so good ð,5
,3,some parts are brokenwhen received,5
,3,stitching not good,3
,3,switch damage within a month,5
,3,average cushions could be better,5
,3,good product at reasonable price,5
,3,cloth quality is not upto the mark,7
,3,nice but write speed very slow,6
,3,very bad product,3
,3,ya its ok for this proce,6
,3,freedish or wifi casting achi hai nice product,8
,3,not had good range of coverage,6
,3,waste of money,3
,3,phone is hanging from day one,6
,3,good stuff but price is not as per fabric,9
,3,good products but the jar caps are not helpful,9
,3,pelate or bowls too small,5
,3,price is little high,4
,3,i thought it is like sweatshirt,6
,3,its good a lil hard to fix but overall good,10
,3,good product ð,3
,3,cap quality not good,4
,3,ok product is nice,4
,3,verry verry good ð,4
,3,average looking product cheap material but fitting is good,9
,3,quality not as expected not good quality,7
,3,good item but not worth for the money,8
,3,very nice product thanks flipkart âï,6
,3,good machine but old model,5
,3,not bad but charging drains very quickly,7
,3,value for money,3
,3,good but battery will dry very fast max about 2hr,10
,3,installation is not good,4
,3,good bed sheet,3
,3,not so much usefulquality is little down,7
,3,good but body of the car is not strong,9
,3,i like it its good for gymer,7
,3,this product is very nice,5
,3,its nice but very small in size,7
,3,the product is smaller in size,6
,3,wall watch little s size,5
,3,data transfer rate is bit slow ð,7
,3,quality is not good no worth,6
,3,good product thank you flipkart,5
,3,very beautiful but cloth is good,6
,3,thickness is more than expected,5
,3,everything is acceptable but length is not 20 ft,9
,3,working good but sound is too loud and irritating,9
,3,charging is not good very slow charging,7
,3,sg pads are given in cricket kit bag,8
,3,it takes too much taim to heat average product,9
,3,okayishdrain pipe length is much less,6
,3,its so nice n very affordable,6
,3,good product very comfortable thanks flipcard,6
,3,not very good,3
,3,not good quality,3
,3,i am happy very good refrigerator,6
,3,quality average but useful,4
,3,drum size very small no led display no timer optionð,10
,3,seat is not fitting properly,5
,3,good ðtaste goodâºï product,4
,3,water wastage is more in this system,7
,3,i think it is good but it can be better,10
,3,rcvd todayits good,3
,3,its k bt size to small,6
,3,good product ð value for money ð,7
,3,just ok ok,3
,3,56w motor nice,3
,3,cable quality low and 2 pin type average,8
,3,good quality product at low prize,6
,3,good qualitysound is goodbattry backup 3to4 hour,7
,3,very expensive but excellent,4
,3,size is small,3
,3,almost good but size should be more large,8
3121.0,3,nice ð product,3
,3,good bit battery backup is not good,7
,3,finishing issue need to improve,5
,3,good chimney working fine,4
,3,capacity is low in down side,6
,3,very small size,3
,3,very small but nice,4
,3,product is normal and price the very much,8
,3,cloth is very light,4
,3,very good works very fast buy this nice one,9
,3,teddy is not good,4
,3,doubt its originality,3
,3,very nice product and easily usable,6
,3,it is making a lot of noise,7
,3,light weight iron box,4
,3,shiner is not working properly after 1 month,8
,3,good product but the stitches werent perfect,7
,3,velu for mony,3
,3,according to price that nice,5
,3,good in this price range,5
,3,its nice product but very difficult to resemble,8
,3,i got slightly broken piece bit its k,8
,3,nice product ài like so much,6
,3,i can okay becoz quality is not very good,9
,3,no type c changeing ceval,5
,3,size is little bit smaller than normal laopala utensils,9
,3,fan speed is not so good,6
2921.0,3,small in size than expected,5
,3,very soft and light,4
,3,good product make it beautiful âï,6
,3,2 pare is too small,5
,3,watch is okaysmaller than shown in the photo,8
,3,good but not upto the mark,6
,3,purifier is ok but installation and demo not satisfied,9
,3,good product but heat comes while using,7
,3,its not worked nothing growswaste of money,7
,3,good looking but product is not wooden quality,8
,3,very nice product,3
,3,very thin not comfortable,4
,3,battery life bad but overall nice product,7
,3,very good ð product,4
,3,nice and soft,3
,3,nice product thank you,4
,3,stiching issues onlycloth goodmeasurement goodcolour good,6
,3,looks very well but motor is heating,7
,3,worthy for money,3
,3,very difficult thing,3
,3,not satisfied too small size,5
,3,this one is good,4
,3,nice product ð,3
,3,average not pure sine wave,5
,3,70 percent germination,3
,3,when i play free fire many lag,7
,3,quality accepted little better,4
,3,product is different from the shown image,7
,3,very very nice thank you shopsy,6
,3,okay not much strong,4
,3,its noisy however other features are good,7
,3,not good quality,3
,3,not so good for base music,6
,3,money save water purifier,4
,3,product quantity is very less amount in this price,9
,3,fitting not good just a ok product,7
,3,ok but quality is not acceptable as per brand,9
,3,noisy chimney overall not so bad,6
,3,not recommended no good feeting even not so good material,10
,3,product is good ð,4
,3,in this price good quality,5
,3,didnt came to my expectations,5
,3,it nice product good good helpfrom luminus also,8
,3,no problem its ok,4
,3,okay in this price,4
,3,quality good but side problem,5
,3,size is small and not look like original cello product,10
,3,normal not best not bad,5
,3,beautiful dinner set âºï,4
,3,its worth it,3
,3,quality is very good but size is too large,9
,3,good working and condition,4
,3,ok ok not so good it hangs sometime,8
,3,sound is too loud,4
,3,this product is good,4
,3,one block for partition is small and cannot be fitted,10
,3,nice quality cushion in such low price,7
,3,it was good,3
,3,ok ok product,3
,3,good doesnt soft,3
,3,ok but old stoic price heavy,6
,3,after a 3 months not working,6
,3,quality is not there dat much,6
,3,bowl size is very small not suitable for dinner set,10
,3,worth the money ð,4
,3,not working properly,3
,3,small in size,3
,3,not good looking black colour,5
,3,the product is good,4
,3,dont buy this west product,5
,3,its very small size but good,6
,3,data transfer very slow ð 14 mb speed too bad,10
,3,looks good but lot of noise,6
,3,better than local brand,4
,3,itsa very good product,4
,3,ok ok product,3
2548.0,3,ok ok type price too high according to this product,10
,3,more expensive and poor finishing,5
,3,nice product but very small size,6
,3,thread quality not good,4
,3,use only dry skin type good,6
,3,good and reasonable rate middle class,6
,3,very good âºï,3
,3,small in size,3
,3,worth it ð,3
,3,ok not bad,3
,3,according to price its ok,5
,3,no 1 brand cargo pyant,5
2618.0,3,clothes material is not ð good,6
,3,good quality and,3
269.0,3,good bt without wheel or stand very difficult to move,10
,3,very good and low cast product,6
,3,good product at the price,5
,3,good but no so very well work,7
,3,maintains heat till 6hours,4
,3,overall it is fine but not appropriate for pomegranate juice,10
,3,very nice ðð,3
,3,product is okayððð,3
,3,good for kid,3
,3,speed is very low,4
,3,no awesome but good product ð,6
,3,iam not happy poor quality not assemble properly,8
,3,lid cover is very week capacity is ok,8
,3,to much sound bad quality item,6
,3,very nice but dinner plates very small,7
,3,price for this product so high,6
,3,nice products awesome,3
,3,its good ðð,3
,3,damage itemwater leaked under side dont buy this product,9
,3,nice camera ðððð,3
,3,average kind of product,4
,3,very small size,3
,3,not bad product,3
,3,good quality but expensive,4
,3,not bad good,3
,3,quality is good,3
,3,100 not pure sine wave on product,7
,3,not good looking black colour,5
,3,ok plastic quality is not good,6
,3,not good product,3
,3,average not satisfied seeds,4
,3,product is very good but delivery is very poor,9
,3,nice wear comfortable,3
,3,nice products this range but only chimney no pipe,9
,3,not good alignment is not proper,6
,3,build quality needs improvement,4
,3,average good products,3
,3,very good product,3
,3,not satisfied because size is too large,7
2394.0,3,good but a bit broken ðððð,6
,3,after three months fan speed decreased,6
,3,product is very good,4
,3,facing heating issue,3
,3,rice box size not as expected,6
,3,good and fitting,3
,3,not bad but problem in size,6
,3,plates are small,3
1625.0,3,working fine no issues,4
,3,nice product but price is high,6
,3,gud looking but low quality,5
,3,actually little bit small as expected,6
,3,excellent with dual band rauter,5
,3,small size clock but ok,5
,3,nice study table thanks flipkart,5
,3,nice product but fitting is bit of problem,8
,3,size was small then expected otherwise product is good,9
,3,very nice product u need to buy this product,9
,3,un satisfied product,3
,3,price wise it is good nice fitting,7
,3,it is good,3
,3,more than hoped,3
,3,looking good great purchase at this price,7
,3,speed is little bit slow,5
,3,good quality product,3
,3,thin blanket soft and overall good,6
,3,it is ok,3
,3,this product only for oily skin ðð,7
,3,fridge good but no light in top freezer part,9
,3,febric quality not good,4
,3,good but overpriced,3
,3,value for money over all to good,7
,3,not better than alexas echo,5
,3,one leg wont fit in so,6
,3,good and helpful,3
,3,its just ok,3
,3,original and good product,4
,3,all parts are useful except chopper very bad chopper,9
,3,heating quality is not good,5
,3,connectivity issue is there plz think before buy this tv,10
,3,tv is good but delivery guy behavior was not good,10
,3,delivery good but installation is notbut product fantastic,8
,3,product is good but installation very late,7
,3,average product quality,3
,3,nice power bank,3
,3,cast screen is not working properly,6
,3,it was too small,4
,3,really nice good product thanx flipkard,6
,3,low quality steel,3
,3,device not catch voice properly,5
,3,good quality product,3
,3,no pure cotton,3
,3,range of router is very weak,6
,3,such a nice thing,4
,3,just good for health track nothing is more the expectationsð,10
,3,best sound quality,3
,3,values of money,3
,3,working goodbut had dents on the cabinet,7
,3,little bit small,3
,3,not good not bad,4
,3,this is very good iron,5
,3,nice one its worth of ur moneyok,7
,3,machine is goodbut needle break soon as we seewing,9
,3,good for storage,3
,3,rates a little bit higher,5
,3,very good product quantity,4
,3,pixel quality bad when image zooming,6
,3,heavier than expected,3
,3,thank you flipkart,3
,3,not expected size bowl very small not like picture,9
,3,length is lessand quality is not as shown in picture,10
,3,material not bad but i expected very good,8
,3,connecting wires are very thin,5
,3,very nice product,3
,3,it was awesome thanks to flipkart,6
,3,average ok for the price,5
,3,just okjust ok,3
,3,i like it,3
,3,not 300tc and not a good quality,7
,3,very usefull product however plastic quailty is not very good,10
,3,looking good size too small,5
,3,the product was good,4
,3,very slippery for doing dishesi didnt like it ð,9
,3,size is too big,4
,3,it is in good condition,5
,3,mobile network problem and camera is not good,8
,3,damage product didnt meet as expected,6
,3,toy was good but a bit costly for 500 bucks,10
,3,dust is not getting cleard completely,6
,3,this product is osowm,4
,3,just ok product,3
,3,paltes are smallbut over all good,6
,3,sensors were goodtoo much noise,5
,3,average in use,3
,3,wore is not good charger is good,7
,3,nice product for normal uses,5
,3,superb but so small size,5
,3,nice product ð thanks filipkat,5
,3,too small in size other wise overall ok,8
,3,ok good one,3
,3,other items missing in this product,6
,3,some scratches r there,4
,3,not expected quality,3
,3,comfort like it,3
,3,not a best,3
,3,need to clean collector every 10 minutes,7
,3,good product reasonable price,4
,3,dinner plates is very smallquality ok,6
,3,make loudly and over heat,5
,3,was ok with this price low quality plastic,8
,3,size is small,3
,3,not satisfied of its size,5
,3,plu591 solid men paints so very nyc,7
,3,good but light is mising,5
,3,nice looking and comfortable,4
,3,just love this beauty thanx flipkart,6
,3,most suitable small house,4
,3,3 to 5 hrs hot after 5hrs just normal hot,10
,3,value for money,3
,3,not so sturdy but good rack for multipurpose usage,9
,3,just ok but costly,4
,3,after wash threads coming out,5
2610.0,3,temporary use for 23 month not longer time,8
,3,not worth for the price,5
,3,features satisfiedbut mobile casting not possible to connect,8
,3,good product in this price,5
,3,design must be improved,4
,3,the bowels are very small,5
,3,super but 10 years warranty sticker no,7
,3,price is high,3
,3,product is good but wire not,6
,3,received used product but in working condition,7
,3,very thindont buy this,4
,3,everything works fine except wifi stop working after 1 months,10
,3,valuvise good product l,4
,3,not very effective,3
,3,not upto the mark,4
,3,good but not better,4
,3,the plates are so small otherwise good,7
,3,very nice hindware,3
,3,very thin blanket not use for heavy winter,8
,3,m size is very loose,5
,3,very nice ð product th flipkart,6
,3,a little bit suitable,4
3236.0,3,cloth very very poor quality bad quality,7
,3,value for money average,4
,3,good product ð,3
,3,missing data cable,3
,3,crusty plate and power steam bowl are missing,8
,3,just looking good,3
,3,just average build quality does the work,7
,3,little bit heating problem overall good productð,7
,3,product was ok but less comfortable,6
,3,good otg marq,3
,3,it was good,3
,3,good product ð,3
,3,our first cookies worth buying will check the durability,9
,3,good but small,3
,3,no bad okay,3
,3,best but colour not perfect,5
,3,its nice for use but quality is average,8
,3,its ok not bad,4
,3,not good this time,4
,3,colour not dark black,4
,3,its just like ok,4
,3,performance is very poor,4
,3,good quality not a best,5
,3,good one but a bit more expensive,7
,3,item damages in transit,4
,3,not velvet good,3
,3,too small than i expected,5
,3,nice look but sole is not soft,7
,3,product is good,3
,3,colour fade after wash,4
,3,very nice looking im happy,5
,3,satisfied with this product ðð,5
,3,quality is good but it is veryy small,8
,3,good ð nt,3
,3,not up to the mark,5
,3,it is good product,4
,3,so looking this product,4
,3,not good i just wore one time poor quality,9
,3,average quality tier quality very low also imbalance,8
,3,good quality nice product,4
,3,good and comfortable product,4
,3,no good quality,3
,3,good quality best product im happy thanks flipkart service,9
,3,color n quality not good,5
,3,battery charging time too long earing sound distribution ok,9
,3,good product but pecking not properly,6
,3,this is a good product,5
,3,thin cloth otherwise good,4
,3,very very good football at this pricenice,7
,3,size and container is manage,5
,3,very beautiful i like it this product,7
,3,not bad not shine and not good quality,8
,3,its very best products âºï,5
,3,thank you ð flipkart,4
,3,served the purpose good product,5
,3,one bowl broken good quality,5
,3,too much leakage,3
,3,delivery was very bad but till now product is ok,10
,3,this product plates is to o medium size,8
,3,nice but charger is very poor quality,7
,3,nice products vary comfortable,4
,3,this product is not very good but good and bad,10
,3,not bad its working good,5
,3,price a little bit more,5
,3,average quality considering the price,5
,3,not so good,3
,3,size is too small product is not as expected,9
,3,khub bhalo productnice,3
,3,back side not strong,4
,3,nice product but bit costly,5
,3,its quite gd ac to cost,6
,3,battery performance is only 3 hours,6
,3,the picture quality is not so good,7
,3,looks better than the picture,5
1715.0,3,received with broken plug topotherwise fine,6
,3,just fine with the price range,6
,3,this product is not stable one place,7
,3,mat is very very thin material,6
,3,very good product,3
,3,good product easy to use,5
,3,it will slowing down the mobile,6
,3,heating is very late approximately 1hr,6
,3,fitting is absolutely good but quality is not so good,10
,3,overall good product but size sampl not fit my matric,10
,3,fairy lighting lengths is very small,6
,3,medium was broken,3
,3,good worth for money,4
,3,good project i am happy,5
,3,ok product not so goodnnot seems like pure leather,9
,3,bubbles after washing,3
1670.0,3,awesome good quality fantastic,4
,3,according to price its ok,5
,3,good small size product received today,6
,3,nice good quality,3
,3,size is little small but meterials is good,8
,3,little noisy rest looks ok,5
495.0,3,very good product,3
,3,achha h but small size,5
,3,very useful product,3
,3,too noisy average performance,4
,3,nice but rate little bit high,6
,3,remote dont work properly short rangegood bass and sound quality,10
,3,superb and perfect bat,4
,3,good but not best,4
,3,not bad average,3
,3,best product i love it thanks flipkart ðððð,8
,3,its size is smart and no light come with it,10
,3,its not so big â¹ï,5
,3,slow speed not pad,4
,3,not mouch happy,3
,3,not bad its ok,4
,3,good quality mat,3
,3,too small than expected just litle big than time piece,10
,3,good product but no stiffness,5
,3,worth for moneyððð,3
,3,quality not upto mark,4
,3,good but side pocket inner quality is not good,9
2350.0,3,very nice product i am very happy,7
,3,makes too much noise and stops working frequently,8
,3,quality is okayingweak body,4
,3,the product is nice but it is made in china,10
,3,inside material is fallen out,5
,3,not up to the mark,5
,3,product quality amazing thank you flipkart,6
,3,not as expected ð,4
,3,rate bit highproduct is good,5
,3,good product but that metireal is lol,7
3255.0,3,product is good very useful,5
,3,color is dull,3
,3,nice clogs light weightgood quality,5
,3,good quality like it,4
,3,helpful product spr material cloth,5
,3,watch â is nice,4
,3,size is very small although product is good quality,9
,3,my tea got cold within 3 to 4 hrs,9
,3,not constemar sarvice tv stand good,6
,3,very very thin,3
,3,it stop listening some times,5
,3,classic design and iron,4
,3,size of bowls is so small,6
,3,nice product ð,3
,3,very hard keys610,3
,3,kids enjoy but some gears not working,7
,3,very nice product,3
281.0,3,its good but size is too big,7
,3,watch is gold belt is old,6
,3,not a farbic cotton cloth,5
,3,the car is very good,5
,3,good product packagingnice product,4
,3,ok superrrrd money long,4
,3,too much noisey,3
,3,bild quality is too poor of this car,8
,3,i put water and few hours later its smell weird,10
,3,one lamp is damaged but another 2 are good,9
2493.0,3,nice product storage space is lowgood service,7
,3,first look impressive,3
,3,product is good,3
,3,not work for more than 8 hours,7
,3,very good product,3
,3,very good âºïð product,4
,3,does the works,3
,3,product is not sufficient,4
,3,the motor sounds more,4
,3,its all right,3
,3,lid is not that great,5
,3,flying control is not good but overall is ok,9
,3,call system not able thisð,5
2638.0,3,good but not stone product,5
,3,value for money its size too little,7
,3,small in size,3
,3,the product is very heat its using time,8
,3,very poor not use,4
,3,dont buy this product,4
,3,one new and one very old material,7
,3,not very good but good,5
,3,i like to,3
,3,nice my son is happy for this car,8
,3,extent product i like it works very well,8
,3,broken fly and repairing done at corners,7
,3,machine inner drum friction in side,6
,3,thank you flipkart,3
,3,itâs ok ok product,4
,3,good not bad,3
,3,not durable rest of the things are ok,8
,3,very good for skin,4
,3,nice sound and high punch bass,6
,3,cast screen dont work properly,5
,3,only design is good but clothes are not good,9
,3,after 11 days too much late,6
,3,good but not a best,5
,3,2 light good and 2 light power off,8
,3,its a very good product,5
,3,everything thing is good expect battery backup,7
,3,need improvement in stitching otherwise fabric is good,8
,3,average quality polyester shorts,4
,3,ð good nice,3
,3,not bad okay fr this price range,7
,3,good but small sige,4
,3,after one wash 3 star,5
,3,not bad after all,4
,3,roller is okay grinding also okaybut casing seems weak,9
,3,good ð ð ð,4
,3,soft bt filled much,4
,3,dial color is not fit to notice the time,9
,3,it does the job but gets heated rapidly,8
,3,im not satisfied,3
,3,product is good but after wash i dont know,9
,3,present good working,3
,3,this watch radius is very small,6
,3,nice product but cost is more for this product quantity,10
,3,plastic quality is low,4
,3,very difficult to set,4
,3,colour print problem,3
,3,lit small in size,4
,3,not that good as expected,5
,3,easy to use good product quality is excellent,8
,3,very good product thanks to flipkart,6
,3,not bad product poor,4
,3,ok product you can go for ir,7
,3,good according to price,4
,3,value of money,3
,3,thanks for you beautiful look,5
,3,tplink archer c20 was good product,6
,3,look wise very good but quality so poor,8
602.0,3,average got smell using 2 times after filling water,9
,3,nice product ð,3
,3,boundary material was not too good,6
,3,average product and size is good,6
,3,quality is nice but gave only 12 pieces,8
,3,inside wool is coming out,5
,3,i hatet it but ok,5
,3,ok ok product,3
,3,too tight for xl size i ordered otherwise good material,10
,3,very good product,3
,3,ok no problem with that,5
,3,bettry running time low,4
,3,mony worth not bad,4
,3,the size was bit small,5
3324.0,3,nice but too small,4
,3,mast by thank you flipkart,5
,3,very nice product,3
,3,so so product only for dry use,7
,3,only suitable for free dish,5
,3,okay product for the given price,6
,3,good productbut it is made in china,7
,3,its small in size,4
,3,supar sounds quality,3
,3,extra price than other e mart,6
,3,it was not heat properly,5
1148.0,3,product is good,3
2438.0,3,pipe not hard2 rod breaked,5
,3,camera is not good all over low grade,8
,3,good i like it,4
,3,ok quality good in look,5
,3,quality was not good as expected,6
,3,very good product,3
,3,product is not pure cotton,5
,3,belt is not looking good,5
,3,very nice shopsy,3
,3,good productresolution and clarity is impressivelittle problem in screen cast,10
,3,all is good but product is very small,8
,3,ok ok product,3
,3,fount a very small hole fabric is great,8
,3,ok ok product,3
,3,fan is good but flipkart packing very bad,8
,3,low quality size is not expected,6
,3,colour is little bit dull feels like old,8
,3,heating issue is their,4
,3,smile is more than strong but ok,7
,3,not good quality,3
,3,look wise ok use for medium winter,7
,3,product is very good but 7 piece stater kit missing,10
,3,nice product but unconfatable thish shue use,7
,3,product is good but size is small,7
,3,is ok for the price,5
,3,quality was good but very late delivery,7
,3,not good not bad product,5
,3,tubicast app not working properly,5
,3,material quality is not so good but ok,8
,3,color shaded after one wash,5
,3,light wait bht good work,5
1442.0,3,builtin quality is good sound is high,7
,3,product is good but delivery man is not delivered time,10
,3,very bad quality productsits vermiconpost,5
,3,a strap got ripped after 2 weeks,7
,3,star ð is very small,5
,3,while washing red colour comes out,6
,3,size is small,3
,3,achha h but small size,5
,3,installed and running now,4
,3,very nice product,3
,3,awesome in average price,4
,3,it was ok ok condition,5
,3,output socket is not good and wire also,8
,3,the 10m nozzle spray is a mith otherwise decent product,10
,3,dimensions are short,3
,3,soundless ððspeed ðbuild quality ð,5
,3,good but not perfect,4
,3,good quality ð,3
,3,matiriyal is less better then according to price,8
,3,not suggestions 30 product,4
,3,its very good and very comfortable,6
,3,all over the product is good for this budget,9
,3,not much good,3
,3,very soft and bright colour,5
,3,ok but wastages r more,5
,3,very nice product,3
,3,good product but size is small,6
,3,at full volume sound not perfectððð,6
,3,average rating product,3
,3,its mix cotton with polister,5
,3,taste not good,3
,3,line coil is not connected wellbut product is good ððð,10
,3,ahhh its not soo good not soo bad,8
,3,noisy chimney overall not so bad,6
,3,cant hang to wall,4
,3,not as expectations but ok,5
,3,not bad but not comfortable,5
,3,ok not bad,3
,3,small in size not ifor big room,7
,3,this product no workin wifi,5
,3,very good product,3
,3,connectivity issue with bluetooth not connect properly,7
,3,color is bit faded,4
,3,value for money but very noisy,6
,3,good but tub small,4
,3,value for money,3
,3,product is good but i got used product,8
,3,very gud product cotton fabric,5
766.0,3,nice product but flipcart delayed the delivery 10 days,9
,3,picking is not good,4
,3,make my skin glowðð,4
,3,its ok but some problem,5
,3,waiting for results,3
,3,product is not up the mark week product,8
,3,middle portion of the rack to be filled,8
,3,average product for biggner,4
,3,quality is okay,3
,3,product is very good ðððððð,5
,3,so nice soldering iron,4
,3,not good enough,3
,3,product is good but packing is worst,7
,3,small dinner set,3
,3,not bad medium quality not so super or very bd,10
,3,sound system is not upto the mark,7
,3,not as expected,3
,3,picko is not working properly,5
,3,not good quality but ok,5
,3,midiyam not good not bad,5
,3,worth for money,3
,3,pillow cover size very small,5
,3,juice doesnt come properly contains pulp not very pure,9
,3,average product good for gifting purpose,6
,3,very good nice product,4
,3,small scratches found,3
,3,ok ok types,3
,3,ok oky hai according prise,5
,3,quality is bad but ok ok type,7
,3,too much scratches,3
,3,water hitting 15 20 minutes and gijer kit not available,10
,3,this plant is not growing,5
,3,size very small,3
,3,this mixture grinder have two core cableworst,7
,3,good quality but small size one person only enough,9
,3,transfer speed is not up to the mark improvement required,10
,3,working smoothly only problem is there with battery ð,9
,3,good but not fit for my area,7
,3,so nice product,3
,3,very good quality and comfortable product,6
,3,gd prdctbut plates r too small,6
,3,its ok but material is thin,6
,3,not bad not best ok product,6
,3,product is good,3
,3,its ok type product,4
,3,good but buy this offilline,5
,3,quality wise good but size disappointed,6
,3,screen bleed this one ruins everything,6
,3,ok average quality lids of jars are very cheap quality,10
,3,awesome fridge but completely not awesome,6
,3,v good chargerbutget,3
,3,quality not good,3
,3,use after 7 day write review fabric good,8
,3,it was of 59 gb not totally 64 gb,9
,3,value for money light weight good fabric,7
,3,after 23 washing color faded,5
,3,this is gret,3
,3,quality good what shock normal in water,7
,3,stuff is not good,4
,3,nice sound but speed is less,6
,3,vry thin metarial,3
,3,not a pure one with cost,6
,3,it is ok,3
,3,very nice ð,3
,3,good item but heating,4
,3,leaking near the joint,4
202.0,3,air throw weak,3
,3,good product but rate too high for the quality,9
,3,super producti am using this since five monthsno issues,9
,3,product is okaybut the steel is little thin,8
,3,some parts are brokenwhen received,5
,3,this item is not good not bad ððnormal quality,9
,3,very thin soft but low quality,6
,3,nice value of money,4
,3,good product average,3
,3,size is not shown as per in image,8
,3,avaragedoesnt have wifi offon buttonquality is moderate not that great,10
,3,quality of the product is good worth every penny,9
,3,nice product ð love this product ð,7
,3,average android phone,3
,3,quality is not good,4
,3,nice one ðð,3
,3,too much bearing noisenew fan only 2 days,8
,3,ok not bed,3
,3,app is not user friendly otherwise quality ok,8
,3,its heating too muchrequiring pause in between,7
,3,in my display i found screen bleeding issue,8
,3,not so good as expected,5
,3,not pure cotton used them my honest reviewð,8
,3,loudspeaker too much noise,4
,3,good the low prices,4
,3,check the material properly,4
,3,good but sometimes the ink dont work properly,8
,3,doesnât keep hot or cold for more than 34 hours,10
,3,ok for te price but very delicate handle carefully,9
,3,super n soft very stackable,5
,3,rate wise product ok,4
,3,quality is not good,4
,3,good product but heating issue,5
,3,good product but having connection issues,6
,3,i got one broken plate,5
,3,nice product but we should use another stick to support,10
,3,it was good use hammer to fix,7
,3,nice qualities is best but small size,7
,3,it was nice,3
1407.0,3,not upto the mark,4
,3,good phone nice,3
,3,product is best quality,4
,3,this is very small product material is good,8
,3,product is gud,3
,3,not so good,3
,3,this product is good,4
,3,2 small plates broken,4
,3,good quality i like this product,6
,3,its an ok product its delicate and not sturdy,9
,3,quality cook oj,3
,3,average quality but looking nice,5
,3,many people ask nice from where u purchase,8
,3,screen cast problem,3
,3,so nice product used it,5
,3,dont expect much,3
,3,size is little bit small,5
,3,size is not perfect,4
,3,it was ok but quality is not good,8
,3,very good quality,3
,3,good in all features but a high noise level,9
,3,good product but takes atleast 5 minutes to boil water,10
,3,ok as per my experience but cost is high,9
,3,very nice product,3
,3,nice products ððð,3
,3,its ok go for,4
,3,this prduct is not so good and not so bad,10
,3,you should buy this,4
,3,very nice productlove it,4
,3,plates are small in size,5
,3,stuff is not as expected ok,6
,3,to much heat,3
,3,average product not very good,5
,3,its as per price,4
,3,not as expected,3
,3,this is a nice product,5
,3,nice product only negative point is too much noise,9
590.0,3,fan speed is slow but cooling is okay,8
,3,im very very happy please utilize this,7
,3,not very good,3
,3,average no fast,3
,3,material is good but i found 1 bowl broken,9
,3,price is comparatively high than the features,7
,3,thanks for flipkart,3
,3,no bad phone,3
,3,wash section was good but dry section is difficult,9
,3,ok product only,3
,3,finishing of the product is extremely poor,7
,3,too small and doesnt stand still,6
,3,not comfortable with pockets,4
,3,best ð size,3
2453.0,3,quality is poor,3
,3,so super and nice product boat âµ,7
,3,average product and size is good,6
,3,nice product but heat immediately,5
,3,material quality not good,4
,3,looks is nice biometric is awesome ð,7
,3,too short like toys,4
,3,itâs too small but very nice,6
,3,good product ð,3
,3,according to price that nice,5
,3,quality of the cloth is not upto the expectations,9
,3,good phone in this range,5
,3,quality is good,3
,3,awesome nice looking i love it,6
,3,it just okay not a pure cotton bed sheet,9
,3,size is too small,4
,3,good but colour fadeout in a month,7
,3,quality is best,3
,3,volume is not as expected,5
,3,best cost service,3
,3,not that much of productive,5
,3,value for price,3
,3,machine is good but case is wrapped,7
,3,comfort like it,3
,3,its ok for daily use,5
,3,its not so good product just ok,7
,3,just ok okk,3
,3,nice and quality product,4
,3,not suitable for stitching jeans or any material sort of,10
,3,nice product but installation process very bed,7
,3,the product u get 2 times damaged,7
,3,product is costly comparison to look,6
,3,this product is 5050,4
,3,size is very small,4
,3,material is not good,4
,3,good quality soldering,3
,3,quality is good with prices,5
,3,lid is not tight when it closes,7
,3,exactly like image good,4
,3,it is so nice product,5
,3,the blanket is very nice but very small size,9
,3,good products good quality,4
,3,it was good product,4
,3,ok as per price not too fast even on 5,10
,3,10 year old boy best,5
,3,thank you flipcart,3
,3,i have any better choice app,6
,3,hanging circle hote to or better hota,7
,3,size is too small,4
,3,good product at this price,5
,3,this product is very nice,5
,3,received a dented product except this is a good choice,10
,3,product is good but wood is not good,8
,3,fair and ok type,4
,3,while increasing bass some blurrrr sound is coming,8
,3,zip quality poor,3
,3,it is a gd quality,5
,3,quality not good,3
,3,not good this sometimes it will broke,7
,3,this product is betterbut ok,5
,3,small room its ok,4
,3,in this price rang as you say a good ball,10
,3,nice but ok,3
,3,very good product,3
,3,some scratches r there,4
,3,poor quality cloth is given for side cover,8
,3,product is good but plastic are poor,7
,3,good but not very good,5
,3,super fitting very comfort,4
1702.0,3,cooler is good but i got damaged product,8
,3,the grinding is not smooth,5
,3,good cord is short length,5
,3,very good product for health purpose thanks flipkart,8
,3,very good product,3
,3,ok it this price,4
,3,length is not good,4
,3,appearance and light is average,5
,3,nice product i m very happy thanku flipkart,8
,3,its amazing work,3
,3,cloth is little bit rough,5
,3,wow amazing deal,3
,3,its ok good,3
,3,economic and dont except muchok for wat v pay,9
,3,some seed are germinate,4
,3,very good product,3
,3,good product but gloves quality not good,7
,3,could be better,3
,3,its colour has been faded,5
,3,product is good but range issue in 3 bhk,9
,3,product is good but quantity is less,7
,3,fan appearance is not good,5
,3,width is little bit less,5
,3,good product thank you flipkart,5
,3,product is ok but price is little high,8
,3,i just like it,4
,3,price for not good but product is good,8
,3,good quality ð,3
,3,overall okay ð,3
,3,price is too high very high,6
,3,quality is not good value for money,7
,3,very bade producti m not satisfied,6
,3,value for money,3
,3,superb softloved it,3
,3,not bst bt okey,4
,3,quality is not as expected,5
,3,product quality is good in budget happy with this product,10
,3,cant control fan speed heating too much performance good,9
,3,small in length,3
,3,good for the money,4
,3,picture quality is ok,4
,3,material quality is very poor,5
,3,not as much as expected its not very good,9
,3,size of dinner plate is too small as expected,9
,3,heating time very less,4
,3,boyel low colaty,3
,3,to samll bad,3
,3,no pure cotton,3
,3,ok not bad,3
,3,very nice pillow,3
,3,just ok in this price range,6
,3,product not good,3
,3,very nice product,3
,3,its good product value for money,6
,3,very bad by milton,4
,3,very good product,3
,3,sum little bit damage but product is gud i like,10
,3,nice but price is to high,6
,3,nice thanku flipcart,3
,3,more noise during working,4
,3,good product ðððð,3
,3,not a good quality,4
,3,very bad product,3
,3,nice product i m very happy thanku flipkart,8
,3,very noisy creat motor,4
1960.0,3,cooling capacity is not good as i expect,8
,3,pictures and product to difficult,5
,3,its quality is unexpected it is too good in quality,10
,3,grinding time is heating,4
,3,its quality is good,4
,3,it was ok not fast,5
,3,product is good value for money,6
,3,build quality poorbrightness slow as 9watt,6
,3,very nice value for money,5
,3,not bad just ok,4
,3,it is good,3
,3,very cheap material,3
,3,not as expected sole damaged after 1 week,8
,3,good quality of product just look same in picture,9
,3,ok rate very high,4
,3,50 peasant growing,3
2457.0,3,im unsatisfied to this productits so week,7
,3,good happy thank you,4
,3,very nice product nice package ðð golden flipkart,8
,3,fabric is not cotton blend it is polyester,8
,3,product is good but so costly,6
,3,it is good but quality is very popular,8
,3,very disappointed this product,4
,3,worth for money paid installation no pipe in box,9
,3,very thinand can not be used in floor,8
1011.0,3,new product very good cooler,5
,3,awsome good battrey use better this prizw,7
,3,finishing issue need to improve,5
,3,its a good product but not enoughits is only 1sided,10
,3,product is small,3
,3,speed cum h,3
,3,ok ok product,3
,3,not much good as aspect,5
,3,it is beautiful,3
,3,not as expected,3
,3,sometimes it lags,3
,3,very nice kit,3
,3,product quality is not good,5
,3,color is not same,4
,3,one screw is not thereotherwise its a nice product,9
,3,good but high priced,4
,3,low quality material,3
,3,its great product with respect to moneyvery comfortable to wear,10
,3,heating speed slow according to 1500w coil,7
,3,just ok but packing is not good,7
,3,mop stack hight is small,5
,3,name ballons was very bad,5
,3,waste of money,3
,3,quality very poor,3
2920.0,3,nicebut no longer,3
,3,quality reting 70 out of 100not excellent,7
,3,good product useful product,4
,3,grinding time is heating,4
,3,quality best but not comfortable this product,7
,3,aditional eating place properly not holding,6
,3,length is small some what uncomfortable,6
,3,taking long time to heat,5
,3,fabric quality wasnt good,4
,3,its good and easy to clean,6
,3,its ok but bass is not as satisfied,8
3115.0,3,nice product bt cloth quality is very poor,8
,3,screw is very delicate to hold stand otherwise good product,10
,3,it ok for healthy,4
,3,clearty is not good,4
,3,cloth quality is poor but fit was niceok product,9
,3,this is very good and soundbass are very awesome,9
,3,good one in this price range,6
,3,nice in this amount,4
1408.0,3,front grills are very loose,5
,3,good product 30mbs delivered into 25mbs,6
,3,not so good fitting was very tight,7
,3,this product excellent,3
,3,some scratches r there,4
,3,the product is nice picture clearity is little low,9
,3,not upto expectations not a good book shelf,8
2936.0,3,not bad or good,4
,3,bad product its get so colorless after few wash,9
,3,trackpant fabric good,3
,3,too much scratches,3
,3,the water doesnt remain hot for 24 hrs lol,9
,3,nice and love it,4
,3,a bit noisy,3
,3,very very small size,4
,3,its good but small ok,5
,3,product is ok,3
,3,only 24 page print,4
,3,first time im happy ð,5
,3,ink ended very early,4
,3,not good but ok,4
,3,good quality and,3
,3,supper bat and low prize but weight,7
,3,received brokensatisfactory quality,3
,3,product is good but plastic quality is very poor,9
,3,not as expectedâ quality,4
,3,very poor product,3
,3,very good product,3
,3,i like clothes,3
,3,not so much but good,5
,3,average product light weight shoes,5
,3,looks good but it slippers alot,6
,3,nice product affordable price,4
,3,worth of money in my opinion,6
,3,ok complete the need,4
,3,when it wash its colour is dull,7
,3,packing was nat good,4
,3,very good product and less price,6
,3,for the price the quality was some what ok,9
,3,refund me my number,4
,3,sole damage within 4month,4
,3,it is what it says just too expensive,8
,3,its good same as shown in picture,7
,3,not bad not bad,4
,3,suitable only for sofa,4
,3,product is okay,3
,3,it was okay but not very god,7
,3,only normal skin,3
,3,nice product delivery man was humble,6
,3,very good ð,3
1531.0,3,honey comb pad not proper wet cooling is good,9
,3,nice but very thin,4
,3,its a cool product,4
,3,very nice n good track pant,6
,3,one month old,3
,3,size is small,3
,3,nice but very thin,4
,3,good set top tox,4
,3,screw is very delicate to hold stand otherwise good product,10
,3,nt dat gud qulity,4
,3,nice product good charge,4
,3,too much noisematerial is weak,5
,3,good value for money,4
,3,good product nice quality,4
,3,ok quality takuvaga undi,4
,3,not adjustable but works fine as a stand,8
,3,size not ok,3
,3,it makes alot of noise,5
,3,thanku flipkart ââ,3
,3,prodect is good but delivery is not good,8
,3,good but duplicate,3
,3,quality is medium ok quality,5
,3,beautifulbut small size,3
,3,nice materials good colour,4
,3,mobile couldnt connect with mobile by usb cable,8
,3,nice car but price is high,6
,3,app is not user friendly otherwise quality ok,8
,3,good quality of product just look same in picture,9
,3,thin product not too strong ok ok,7
,3,just ok value for money,5
,3,nice product ððð,3
,3,nice happy nothing,3
,3,size is ok but colour is not good,8
,3,value for money,3
647.0,3,durability is questionablecooling is normal,5
,3,good but not meet the expectations,6
,3,good product nice fitting,4
,3,nis bt iam expect in more,6
,3,better challenged producttttttt,3
,3,plate size is small so i disappointed here,8
,3,one large size plate was broken just is all good,10
,3,quality to be improved,4
,3,good praduct but rate is high,6
,3,nice product only negative point is too much noise,9
,3,good but very small,4
,3,color get faded as its been washed,7
,3,not worth for the price,5
,3,under 500 best product,4
,3,good but china product really i am shock,8
,3,some seeds not growning but its ok with it,9
,3,product is good but i received dent inverter,8
,3,woow excellant product,3
,3,good but very small size,5
,3,not so sturdy,3
,3,good product â,3
,3,happy new year,3
,3,sound quality is not good,5
,3,flipkart fast delivery provide from sanyasi ayurveda,7
,3,very nice ð,3
,3,torned after 3 times of usage,6
,3,good for regular home kitchen use of small family,9
,3,more expensive and poor finishing,5
,3,works perfectly only knobs are a bit flimsy,8
,3,not as expected,3
,3,average quality as per price,5
,3,nice one like it no long stories,7
,3,good fanworkinghigh speedsatifactory airflownot measured consumption,6
2476.0,3,not meet the expectations,4
,3,very nice product,3
,3,very old look otherwise does its job,7
,3,some little uncomfortable to foot when wearing,7
,3,it is very good product ðððð,6
,3,heats up very fast and makes a lot of noise,10
,3,size small low,3
,3,brightness is very low it is just ok,8
,3,one pipe found crack and overall not as per expectation,10
,3,it is nice,3
,3,ok but price is high,5
,3,sound is very poor not expected with mi,8
,3,on fire ð½ðð¼,3
,3,ok typ colour is little bit fade after wash,9
,3,outstanding juicerawm work fablous lookover all fantastic vegetable fruits juicer,10
,3,good product âïâï,3
,3,some connectivity issue,3
,3,wifi connecting problem,3
,3,material is thick and also not useful,7
,3,middle class item,3
5.0,3,ok ok product,3
,3,size choti hy,3
,3,very good product,3
,3,not as expectedquality is thin,5
,3,sound quality good,3
,3,plates r too small,4
,3,nice but late delivery,4
,3,tip was like this,4
,3,not good body lujs,4
,3,good not much but according to price its good,9
,3,cups are broken,3
,3,heating issues with the product,5
,3,price not satisfied,3
,3,good for gym purpose,4
,3,didnt work on my face,5
,3,very cheap and bad cushion,5
,3,average protect its ok,4
,3,nice product only negative point is too much noise,9
,3,very very very very nice,5
,3,nice product i am a so happy ððððð,8
,3,price is too much high,5
,3,alexa is better comparatively,4
,3,one car is not working properly,6
,3,very very nice camera,4
,3,nice three fourth pant,4
,3,all good but size is too much small,8
,3,not bad its ok nice product,6
,3,quality v poor,3
,3,good product as i thought but stitching is not well,10
,3,colour is not good,4
,3,bettery performance is too bad,5
,3,good product in this price range,6
,3,super good not bad,4
,3,size is only for 6 month baby not large,9
,3,bicycle look is awesome,4
,3,quality has been good average time charge only redmi mobiles,10
,3,its fit and comfert but its no long lasting,9
,3,average watch for daily use only,6
,3,nice product i m very happy thanku flipkart,8
,3,not satisfied with file transfer speed otherwise product is good,10
,3,it wasnt cotton at all,5
,3,nice sometime licking,3
,3,good as per proce5,4
,3,it is ok not good qulity,6
,3,good looking but the size is tooo small,8
,3,worth for value off that product and its good looking,10
,3,not bad in the budget,5
,3,range is good not liked much the product,8
,3,good for the price i paid for,7
,3,fitting is okquality is lowcolour same as in pick,9
,3,good but not bad qiality andaterial nad,7
,3,just an okay product a slight discomfort at the back,10
,3,mobile does not work properly some software problem,8
,3,this is good product cycle is worth for money,9
,3,print quality very poor,4
,3,plesae make little affordable,4
,3,this is not working,4
,3,after 2 washes cloth is very shade and very transperant,10
,3,nice product but cost is more for this product quantity,10
,3,value for money,3
,3,ordered red received blue good product,6
,3,calling range very less upset ð,6
,3,mixed steel but not real steel,6
,3,super productbut small leakage,4
3182.0,3,its not that big overall quality is just ok,9
,3,it not that sturdy but size is ok,8
,3,okbetter value for money,4
,3,quality is ok ok type,5
,3,your choice over all best,5
,3,value for money,3
,3,include pico foot,3
,3,finishing of the product is not good,7
,3,good products bt battery is not good,7
,3,quality was not that good,5
,3,latency can be observed,4
,3,refill not satisfied,3
,3,nice but there is some heating issue,7
,3,best 15 to 20 degree best blanket,7
,3,clothes very thin out look nice,6
,3,got some problem in opening and closing,7
,3,good light ð,3
,3,very good watch,3
,3,very small size,3
,3,base is not fixcan creat a problem in future,9
,3,small but good product,4
,3,not worth for money it look like a toy,9
,3,as per price product is ok,6
,3,not worth the money,4
,3,very small watch but good for shop,7
,3,ok price range,3
,3,poor control panel design no timer available,7
,3,nice dth and nice small size,6
,3,not suitable for rough use,5
,3,not a fast charger,4
,3,plates are small,3
,3,size is so small,4
,3,product is good but very disappointed with the installation,9
,3,not up to the mark as it displays regards,9
,3,freedish or wifi casting achi hai nice product,8
,3,didnât comfortable ð,3
,3,kinda very right,3
,3,try for 2 times wearing,5
,3,performance is goodbut current in body,6
,3,an ok product bit costlier,5
,3,good but can be little better,6
,3,its range is not good doesnt come in 2bhk flat,10
,3,small in size not dinner plate,6
,3,bass is not good,4
,3,very nice product thanks flipkart,5
,3,bowl is small but i satisfied,6
,3,packing not good,3
,3,ok product you can go for ir,7
,3,product good but delivery is too much harassing,8
,3,good butsize is too small,5
,3,nice but size is small,5
,3,very small in size,4
,3,product was good n worth of money,7
,3,picture quality low,3
,3,value for money ðgood product,5
,3,very bad i am not happy,6
,3,lighting less than expected as per watt,7
,3,value of money looking nice quality was good54 star,9
,3,poor finish rubber parts mixing with food items,8
,3,average product at this price not too good as expect,10
,3,okk but loose,3
,3,not as expected,3
,3,plastic quality not good,4
,3,good but not best,4
,3,quality is good but very small,6
,3,less juice more pulp bad experience,6
,3,it is small in size,5
,3,very smallsize 2 people use only capacity,7
,3,nice product but short size,5
,3,its good but size is too short,7
2626.0,3,nice but cover quality low,5
,3,tysm flipkart amazing the product,5
,3,nice but emergency time only ñ,6
,3,really good product i am so happy,7
,3,this price tipe product,4
,3,balyu for money,3
,3,working good but poor plastic material,6
,3,beautiful and heavy set best gift ever,7
,3,okay to for 2 persons only,6
,3,delivery confirmedthanks flipkart for prompt action despite trying times,9
,3,the quality should be much better not perfect finish,9
,3,size is too small,4
,3,good but not best,4
,3,good but price is too much,6
,3,not mach nice by ok,5
,3,always goodbut micro usb cabe inbox is not good,9
,3,low qualitynot expectedextra erning statergy,5
,3,colour is super but clothes quality is not good,9
,3,basic quality no recomender,4
,3,cover is not good,4
,3,a ll good,3
,3,very good qualityand comfortable,4
,3,alexa is much better,4
,3,filler can be more better very soft cushion ð,9
,3,its ok not very good,5
,3,just okcloth quality not up to the mark,8
,3,space not sufficient for larger plates vessels,7
2555.0,3,good one at this price,5
,3,not bad but the plates are too small,8
,3,not stretchable but otherwise fine,5
,3,okay okay product,3
,3,ok but not so good,5
,3,camera quality should be increased,5
,3,awsome product â,3
,3,plate size is small but ok,6
,3,prices are very high in comparison to quality,8
,3,osm productsmust buy,3
,3,they are of ok quality not that great,8
,3,good productmust be buy,4
,3,must buy very usefull product,5
,3,water leak from cap,4
,3,fasting charging but pin is loose to my phone,9
,3,wonderful party clue printed happy birthday comb,7
,3,remote is poor quality wifi not connectet,7
,3,ok not bad,3
,3,value for money,3
,3,it was very nice,4
,3,good one i like itthanks,5
,3,good for money,3
,3,not good not bad so so,6
,3,best hai 10050 number,4
,3,no reset switch is available,5
,3,plate is quite small in size,6
,3,so sonot bad,3
296.0,3,plastic quality is not that strong as of symphony coolers,10
,3,should be little sturdy rest all ok,7
,3,it could be room darkening but otherwise its nice,9
,3,colour ok but not comfortable,5
,3,performance not good,3
,3,fabric is not comfortable at all,6
,3,not good sound is too highworst product,7
,3,worst quality really upset dont buy this item,8
,3,not fit in top spirit levelexage rated item,8
,3,very small in size not as i expect,8
,3,it was okay,3
,3,cam quality is not good as expected,7
,3,its just good,3
,3,soft or nice sofa,4
,3,good products ðââð,3
,3,for learner its a good dslr,6
,3,low qulity product,3
,3,i am not happy with the heat and grilling time,10
,3,very nice for this cost,5
,3,not too long lasting,4
,3,poor quality cloth is given for side cover,8
,3,so good product âºï,4
,3,good ð but normal,4
,3,good but no cotton,4
,3,very good product,3
,3,good one but it is not pure cotton,8
,3,sound quality ok bass volume is not satification,8
,3,metal is not so good,5
,3,oil botal tools missing,4
,3,nice water heater,3
,3,not that much speed,4
,3,very much happy,3
,3,size is too short and service packages good,8
,3,quality is good but items are small,7
,3,good quality product,3
,3,speed is not upto the mark,6
,3,stitching is very bad in pillow cover,7
,3,not good productquickly damage,4
,3,very high price no discount average performance,7
,3,corrupt any time,3
,3,not for bsnlonly for private internet providers,7
,3,do not work properly,4
,3,this is the bad product,5
,3,it is not leak proof and there are some dents,10
,3,quality is good not excellent,5
,3,oil leaking issues,3
,3,not worked as i wish,5
,3,fan speed is not that fast,6
,3,its ok but some problem,5
,3,the product is okbut it is not sufficient for cleaning,10
,3,product is not as strong as expected,7
,3,so much costly,3
,3,ok good ðððð,3
,3,nice one not bad,4
,3,beautiful set and very fast delivery,6
,3,its cotton but too thin,5
,3,super ooo super,3
,3,not as expected,3
,3,not havey but good light weight,6
,3,very nice hair care,4
,3,veey bad product,3
,3,it is good,3
,3,quality not as i expected,5
,3,a bit noisy,3
,3,basic quality not worst not so great,7
,3,good but not well,4
,3,ok type product you can go for it,8
,3,print is so good but dimensions is not correct,9
,3,it is simply awsome âââð,5
,3,installation boy behavior is not good,6
,3,music quality is not good,5
,3,pls improve wire quality,4
,3,ok ok product,3
,3,plug two pinlight weight jar,5
,3,it was okay,3
,3,ok good ð ð,4
,3,takes time while booting,4
,3,not original colour,3
,3,good quality in this price,5
,3,not properly stand without support,5
,3,very small not having roots,5
,3,item not as expected,4
2673.0,3,bad product ðð,3
,3,quality is not so good,5
,3,not good product,3
,3,quality not better,3
,3,itz not pure cotton but nice ð,7
,3,product is ok,3
,3,silicon material thingood fit in hands comfortableiam happy,8
,3,bass is not too good but sound quality awesome,9
,3,all our good products and wearing also,7
2168.0,3,must buy very usefull product,5
,3,nice product bt bowl set is very small size,9
,3,not bad just ok,4
,3,not good as expected,4
,3,very thin blanket,3
,3,everything is good but size is too small,8
,3,lamp is good but it has no bulb inside it,10
,3,good suction power,3
,3,size is small but nice i like it,8
,3,good in this price,4
,3,plastic body looks cheap,4
,3,quality is chiper,3
,3,1 or 2 month working after connecting problems,8
,3,take time above half hour,5
,3,not like expectation,3
,3,poor finish rubber parts mixing with food items,8
,3,my 6 months old baby cant balance the sofa,9
,3,poor quality plastic,3
,3,good for price,3
,3,average product but as per price ok,7
,3,size is small,3
,3,not good not bad average but easy to clean it,10
,3,quality of product was not much as expected,8
,3,refill not satisfied,3
,3,not good quality but ok,5
,3,product is good bt size same small,7
,3,bowl is too smallnyc packaging,5
,3,not good not bad,4
,3,sansar not working,3
,3,not stitched proper,3
,3,not bad just ok,4
,3,very short passage inside,4
,3,i got damaged product,4
,3,quality is not that good but manageable for this price,10
,3,weak fiber cloth so high rate from market price,9
,3,fungus on table every day,5
,3,all good but battery backup to low,7
,3,nice product ð thanks filipkat,5
,3,good product thankyou flipkart,4
,3,quality is good but size is small,7
2806.0,3,super product i love this,5
,3,smell is terrible,3
,3,bad picture quality,3
,3,compact model and far better than usha jenome,8
,3,ok no problem with that,5
,3,board quality is not good enough,6
,3,its ok ok product,4
,3,not bad this items is very weak,7
,3,quality of the product is not up to the mark,10
,3,meterial not bad but stiching very poor,7
,3,good productbody made with aluminium,5
,3,good prodect value of money,5
,3,nice products but delivery was very poor due to irrespective,10
,3,memory for use is only 5964gb,6
,3,very bad quality product not hot after one hours,9
,3,it is ok product,4
,3,this product is good according to rang,7
,3,good he is using it,5
,3,very nyc overall cool,4
,3,good but not best,4
,3,best rating in 35 good progress in product,8
,3,product very good but price not value for money,9
,3,wash panumpothu sayam poguthu,4
,3,product is good but very thin,6
,3,excellent sound and bass under 2000,6
,3,according to priceits okkkkkk,4
,3,good quality products but size its not fi,8
,3,small but ok product,4
,3,nice but small size,4
,3,good quality but but plate small size,7
,3,design is ok bt not durable,6
,3,it s nice ramesh,4
,3,plate size is too small not sufficient for for meals,10
,3,mute button are not working,5
,3,not too good,3
,3,nice productnice quality,3
,3,good product ðð¼,3
,3,look is very good and quality meterial is low,9
,3,good prodect but saiz very small,6
,3,high price low quantity material,5
,3,ok good product,3
,3,product is good but price is too much,8
,3,super product and fabulous,4
,3,overall 3 out of 5,5
,3,good but size is small,5
,3,bag damage hai else good,5
,3,the size of the big plates is small,8
,3,size is small but this product is attractive,8
,3,its good product,3
,3,ok not good,3
,3,not so bad,3
,3,poor quality plastic fabric,4
,3,absolutely good product worth of money,6
,3,value for money,3
,3,yes im am lo ike this shoes,7
,3,size is too big,4
,3,nice productsbutdinner dish just small,5
,3,in this range its good,5
,3,quality is average,3
1855.0,3,too much noise other features are good,7
,3,ok ok product,3
,3,not bad very small,4
,3,not good as expected very thin,6
,3,ok product in this price range suits for small family,10
2414.0,3,good but very small size,5
,3,not bad quality is good,5
,3,good but average,3
,3,price k according good ð,5
,3,good but not satisfied,4
,3,veri ordinaryweak vacuum flask,4
,3,nice but price is too high,6
,3,product is nicebut quantity is too less,7
,3,received in damaged condition thanks for refund,7
,3,display sensing is very worst,5
,3,it is nice,3
,3,nice but short wire,4
,3,this is too good product but this is broken,9
,3,i love this product its little bit damage,8
,3,bowls are too small,4
,3,product is good and product price is bad,8
,3,value added product,3
,3,good but the rod ar only of steel,8
,3,product is okay,3
,3,size is too small,4
,3,it is ok on price,5
,3,not totally good but was okay,6
,3,i was using,3
,3,good dose the job,4
,3,plates size is small,4
,3,product is very good i am so happy,8
2994.0,3,nice product and save money but cloth is old,9
,3,good but dinner plate small size,6
,3,use 2 minutes and moter is hitting,7
,3,overall good product,3
,3,woofer sounds was bad,4
,3,not poor but average,4
,3,price to cost as compare to market price,8
,3,toooo tight at legs,4
,3,mi good protact,3
,3,design is good but cloth material is very poorotherwise ok,10
,3,cloth material average,3
,3,value for money,3
,3,not good at all,4
,3,not so good its ok this price,7
,3,very nice product,3
,3,product is good but price is too much,8
,3,too small for having dinner,5
,3,wow awesomethis is my face after get this wallet,9
,3,price is affordable and product is so helpful,8
,3,its just good,3
,3,price below nic protect,4
,3,value for money,3
,3,its just ok,3
,3,value for money,3
,3,not as expected result dont like ð,7
,3,very nice ð thanx,4
,3,quality is okay,3
,3,item was not good,4
,3,product is good not great,5
,3,worth product in this price,5
,3,ok lita hang aakuthu,4
,3,good product but small in size,6
,3,not good not easy to use,6
,3,just ok installation person wasnt much specialised,7
,3,best shoes at this price,5
,3,the quality is very poor,5
,3,good product thanq flipkart,4
,3,no battery backup,3
,3,very small to look like in real,7
,3,medium fast charger good quality,5
,3,very good product,3
,3,good qwality thanks flipkart,4
,3,very good product,3
,3,its not fully comfortable but its worth,7
,3,ok heating good,3
,3,its good productmust go for it for better life,9
,3,good but speed is still slow,6
,3,nice but not as good as expected,7
,3,it doesnt work on pimples ok,6
,3,not suitable my skin,4
,3,much be better,3
,3,item is ok but demonstration not available,7
,3,it was ok ok not that good,7
,3,its too small otherwise very nice,6
,3,not badbut amount is little bit high,7
,3,price too much,3
,3,it took to many time to heat water,8
,3,i got broken product,4
,3,ok only 10 hours hot,5
,3,burn out inside in a week not good,8
,3,very thin material and its not for heavy winter,9
,3,good but small size,4
,3,the material is not good according to price,8
,3,product quality is good but its size is very small,10
,3,all good but battery backup not good enough,8
,3,cloth quality avarage,3
1254.0,3,product is good,3
,3,received very well packed thanks to flipkart,7
,3,products is very niceðð,4
,3,nyc purchase from flipkart,4
,3,not good dirty clothes,4
,3,overall good but size is small,6
,3,good product will see result after 1st wash,8
,3,gets heated very quickly,4
,3,1good 2colour and combination 3fabric,5
,3,time display missing,3
,3,very good quality thanks,4
,3,quality of sound was good but not as expected,9
,3,finishing is not so good,5
,3,nice product by bajaj,4
,3,it is not going high altitude,6
,3,good product pictures quality is good ð,7
,3,comfortable but not good as expected,6
,3,ok but packing is very very waste,7
,3,very nice product thanku so much,6
,3,dinner plate is very small,5
,3,good for birthday celebration,4
,3,size is small,3
,3,its nice machine but i paid 6699 its too much,10
,3,got damaged in one month due to lightning,8
,3,rates a little bit higher,5
,3,nice product tq flipkart,4
,3,nice ð product,3
,3,nice but not very nice,5
,3,after 15 days 4 lights fail,6
,3,best quality pic,3
,3,power bank charging time very slow,6
,3,there were some over coloursome stitches were not propely,9
,3,not good enough average quality,5
,3,size of bowl and thali is less,7
,3,value of money,3
,3,the plant is not fresh,5
,3,dont buywasteesthan of money poor quality,6
,3,nice but size is verry small,6
,3,seeds are very small quantity,5
,3,it a good product but mine is leaking from handle,10
,3,its quite good for daily uses and health tracking,9
,3,only for 1st timers,4
,3,after 1week kettle switch not working,6
,3,quality good but tippin and 1 plate is bend,9
193.0,3,fan speed is low but great cooling,7
,3,nice product but size not good,6
,3,this is good product but cooker is not good,9
,3,quality is not good,4
,3,goodbut backside bended,3
,3,it cannot clean tough stains,5
,3,not bed for this price,5
,3,product is nice but their scheme was not good,9
,3,size is small,3
,3,not bad good,3
,3,low quality as per value its good,7
,3,its tight in thys u cant sit on cycle,9
,3,bluetooth connectivity issueotherwise best in class,6
,3,as per money product is ok,6
,3,good feelings very good,4
,3,too much small size bt its good product,8
,3,it has too much heating issue,6
,3,sound not sufficient,3
,3,nice trouser in this segment,5
,3,fitting is okquality is lowcolour same as in pick,9
,3,its growing thanks flipkart,4
,3,nice but split,3
,4,so good for the pricelove to wash with this gloves,10
,4,very nice product,3
347.0,4,good for basic usage,4
,4,well developed and maintained,4
,4,very awesome quality,3
,4,seeds are looking good result will found after germination,9
,4,good quality ð,3
,4,very good products,3
,4,good item at this rate,5
,4,nice product â,3
,4,good for baby,3
,4,good for small kids,4
,4,nice product thank you filpkart i am happyð,8
,4,i m happy,3
,4,good for beginners,3
,4,worth buyingvery nice product,4
,4,using from one month working ok,6
,4,ok ok typ product,4
,4,ok but not as expected,5
,4,my baby is very happy,5
,4,must buy for pain relief,5
,4,very nice fan is fantastic,5
,4,its looks good,3
,4,nice product but bowls are too small,7
,4,awesome value for money,4
,4,fine at this price range,5
,4,good quality products,3
1458.0,4,i am happy with this cooler thank u,8
,4,the best product,3
,4,good but feel heavy after 5 mins use,8
,4,small in size but high sound quality,7
,4,awesome product with excellent heating,5
,4,good quality fabric and great fitting value for money,9
,4,good for 2 storeyed building too,6
,4,nice product but better price available in market,8
,4,its good product to use and quality amazing,8
,4,nice product but its works only 1 year,8
,4,its good product value for moneyits working fine,8
,4,good but cloth material can be improved,7
,4,best one for this price thankyou,6
,4,nice but light penetrating,4
,4,nice to buy,3
,4,i really love the product ðâïâï,6
,4,every thing is good,4
,4,good work ing,3
,4,good qualityas good as the original supplied with equipment,9
,4,good prodauct bt item damaged,5
,4,just go for it,4
,4,this tv was too good,5
,4,good and lucky plant i risevad helty plant,8
,4,product is good,3
,4,liked the laptop very nice look and performance,8
,4,very good productðð,3
,4,value for many product superrrrr,5
,4,its a very nice product and very usefull,8
,4,good table needed,3
,4,best quality seedsððð,3
,4,good product at this price washing is ok,8
,4,good product ð,3
,4,super very nice thanks flipkart,5
,4,its quite good product in this price range,8
,4,product is good,3
,4,value for money,3
,4,zigzag foot oil bottle and screw driver not given,9
,4,its good ð,3
,4,suitable for wi fi good product,6
,4,size fitting issue,3
,4,this product is very goodbutthis product is very havy,9
,4,value for money,3
,4,its looking good ð,4
,4,nice product ðð,3
,4,very good product battery backup is insane go for it,10
,4,product is good ð,4
,4,awesome product must buy,4
,4,finishing was good,3
,4,so nice product,3
,4,good youj beatar lac,4
,4,it is the nice product,5
,4,cup size little it small,5
,4,good to use and its fast charging,7
402.0,4,cooler is good and nice coolingnice service nice coolling,9
,4,good product good choice,4
,4,very good productvalue for money,5
,4,product is very nice,4
,4,reasonable product for reasonable price,5
,4,wow thanku flipkart,3
,4,table is good but too many scratches in table,9
,4,ok but size is small,5
,4,good fast charge awesome,4
,4,this product is so goodbest price,6
,4,nice product ð,3
,4,ok for this amt,4
,4,god product but all body hitting,6
,4,very good product i like it so happy,8
,4,best fit where space is constraint,6
,4,size is little small quality good,6
2016.0,4,very good product and service,5
,4,very good nice,3
,4,good for power saving,4
,4,its works perfect and very useful thank you flipkart,9
,4,the outlayer its brokenbut its okay worth the moneygood product,10
,4,this was very fantastic mixer it performs very good,9
,4,good but slow,3
,4,value for money,3
,4,very nice product ð,4
,4,good entry level gaming laotop,5
,4,good product ð,3
,4,varry good product,3
,4,it consumes more electricity than what the manufacturer claims,9
,4,awesome productfast deliverytnk flipkart ð,5
,4,nice product this price,4
,4,nice buy now,3
,4,goodcan be used for both office n study,8
,4,good product with good features go for it,8
,4,it is a good product,5
,4,very nice quality is good,5
,4,value for money,3
,4,love this outfit blazer is awesome,6
,4,value for money and good v performance,7
,4,nice product help full for kitchen,6
,4,okbut setup box not quality,5
,4,very gd value of money,5
,4,i love this product,4
,4,good product ðð,3
,4,ok forvthe money,3
,4,good for regular basis use,5
,4,product is very nice as expect,6
,4,its excellent dont hesitate go for it,7
,4,very good product,3
,4,this product is very good,5
,4,good product ð thanks flipkart,5
,4,good product ð,3
,4,value for money,3
,4,good product value for money,5
,4,very nice heater,3
,4,product is good quality,4
,4,good product go ahead,4
,4,nice product ð,3
,4,just awesome product,3
,4,good for hair,3
,4,excellent product handy not heavy can be carried anywhere,9
,4,nice ball for play,4
,4,got a good inverter on competitive ratw,7
,4,best quality value of money,5
,4,too good product,3
,4,good and comfortable,3
,4,very very useful this excellent,5
,4,good shoe but dirty quickly,5
,4,battery is a bit less other than that its awesome,10
,4,very useful productnd a very good product,7
,4,good in kwality,3
,4,sound quality is good but price is little more,9
,4,good productdelivery on time,4
,4,data transfer speed was good,5
,4,comfortable to wear good in use,6
,4,lok like luxury,3
,4,excellent and value for money,5
,4,light weight iron box,4
,4,cargo pant is very nice but size is not perfect,10
,4,week experience full mast till now worth it ð,9
,4,fabulousmind blowingthank you flipcart,4
,4,i used this last 8 months its working good,9
,4,very good but hdmi cable missing,6
,4,too much space,3
,4,it is very effective,4
,4,nice very goodthis product is very useful wowawesome,8
,4,very good quality,3
,4,grt and paisa vasul product,5
,4,good quality products,3
,4,very useful product,3
3089.0,4,nice average quality,3
,4,cycles stylish ok but small demege padal rod,8
,4,very nice faster hitting,4
,4,nice product but it comes with micro usb,8
,4,value for moneyexcellent router,4
,4,this is helpful product,4
,4,good entry level gaming keyboard with nice rgb lighting,9
,4,good product ð,3
3166.0,4,nice product and easy to arrange,6
,4,the product is good but its packaging is very poor,10
1226.0,4,nice and gud thank you filpkart,6
,4,value for money,3
,4,worth money nice products thanks flipkart,6
,4,very nice product,3
,4,good working product but not given extra dust bags,9
,4,good but one bowl is broken,6
,4,gud one can buy,4
,4,good one you can buy,5
,4,product is very good to value mony,7
,4,this price shoe is best,5
,4,good i am happy,4
,4,its good product in this range,6
,4,very nice ð product,4
,4,value for money,3
,4,perfomance was 5 more of gtx 1650ti,7
,4,good fan but little bit slow,6
,4,very good product at this price range,7
,4,i like it so good,5
,4,nice 100 ok,3
,4,cleen look and best performance,5
,4,superb product good build quality over all nice,8
,4,very good but price is high,6
,4,value 4 money,3
,4,no complaint super product,4
,4,low price high quality,4
,4,very nice badsheet,3
,4,very bad hanging problam,4
,4,this is a good product,5
,4,good quality charging is also good,6
,4,avoid negetive all is wellgo for it,7
,4,its ok i recommend for buying,6
,4,nice one good absorbing power,5
,4,ok for the price,4
,4,great product in less price rangeðð,6
,4,good best price,3
,4,very nice watch,3
,4,superb power works very smoothblades are work very good,9
,4,very good quality,3
,4,its awesome ð,3
,4,worth buying âï,3
,4,nice productlove it,3
,4,very useful material is so good thanks flipkart,8
,4,very good product,3
,4,if you need a smart speaker then this is good,10
,4,so beautiful sound bar valo for many,7
,4,value for money medium hall looking great then assembled,9
,4,working fine ð,3
,4,good for boiling water not so good for boiling milk,10
,4,this product is very good product,6
,4,nice laptop thanku flipkart,4
,4,lockdown purchased beat productthe process was peacful,7
,4,nice i love it,4
,4,very good product,3
,4,so agricive price,3
,4,not much good ok for price,6
,4,very good product,3
,4,pros cheap price easy installationportableconsdelicate body small in size,9
,4,worth the money,3
,4,good budget cycle,3
,4,nice very good,3
,4,useful item worth the money,5
,4,looking goodcolors combination good but installation work is quite difficult,10
,4,nice product with this range,5
,4,vevery good product,3
,4,it faded in washsize design are good,7
,4,its overall good,3
,4,used it multiple times and works good liked this product,10
,4,useful for home usenot for professional use,7
,4,nice video experience with mi,5
,4,good as expected,3
,4,great productgo for it guys,5
,4,product is good but installation is too late,8
,4,ok good not bad,4
,4,nice product ð,3
,4,nice ð product,3
,4,very nice protect very nice product,6
,4,nyc product most by,4
,4,good quality leather,3
,4,good product ð,3
,4,very nice product,3
,4,good in performance but heavy weight,6
,4,very nice thanks,3
,4,good for cleaning,3
,4,nice product best for beginners,5
,4,nice product ðð,3
2839.0,4,very nice ð,3
,4,good oven nice auto cook menu fast and reliable,9
,4,very nice product thanks flipkart,5
,4,fan is very good,4
,4,nice bedsheet pure cotton,4
,4,good in budget,3
,4,really nice curtainssuperb quality tqflipkart,5
,4,its good and easy to use,6
,4,value for money,3
,4,very good packagingnice product,4
,4,good to use,3
,4,_2699 for best rate,4
,4,loved it good quality,4
,4,good i like this product,5
,4,good and material is so good,6
,4,best in this 32 inch catagory and budget,8
,4,good quality at this price,5
,4,great serviceð good productthnk u flipkart,6
,4,ok for this price range,5
,4,value for money,3
,4,its good product,3
1347.0,4,nice very good nice cooling,5
,4,worth it in this price,5
,4,phone is good for normal uses good budget phone,9
,4,overall its good,3
,4,best quality according to money value,6
,4,good product according to price,5
,4,very good lifting support,4
,4,very good product,3
,4,pretty decent product,3
,4,best no doubts,3
,4,samsung is best in market,5
,4,must buy really very ethnic and charming,7
,4,good at this price range,5
,4,very good quality,3
,4,its very good,3
,4,good product and recommend for budget pack,7
,4,good juicer with better quality juice very tasty juice,9
,4,satisfied with this product,4
,4,good quality perfect size and quality very nice,8
,4,best priceearly deliverynice packinggood deliveryoverall good choicethank you flipkart,9
,4,product is good but it is of old stock,9
814.0,4,nice product on time delivery,5
,4,its very good,3
,4,very nice product ðð,4
,4,it is good product 1 or 2 persons,8
,4,good awesome product in this price than other companies products,10
,4,good product worth for money,5
,4,quality is good,3
,4,good celling fan,3
,4,verry verry good,3
,4,good and handy product,4
,4,nice chimney thanks flipkart,4
,4,it is good product,4
,4,awesome productthank you flipkart,4
,4,this is a very nice product,6
,4,quality is medium feel good in wear,7
,4,good but battery performance is bad,6
,4,good protect and great offer,5
,4,very nice productworking well,4
,4,so far its running well,5
,4,it was good it was moving,6
,4,it is good can be better,6
,4,outdoor photography results is good low light very poor,9
,4,excellent roducduct in small budget,5
,4,quality is good but bowl is too small,8
,4,good not bad,3
,4,osm football â½,3
,4,its really good,3
,4,very good product,3
,4,watch achi hai you should buy it,7
,4,its so nice and awesome,5
,4,good product good packing,4
,4,very good product,3
,4,superb product nicely work and smooth finishing noise less,9
,4,good but over heat,4
,4,flipkart my return or replacement not exepted,7
,4,value for money amazing product highly recommend go for it,10
,4,product is impressive,3
,4,there is a lot of product buy it immediately ð,10
,4,value for money,3
,4,good good design and quality brand,6
,4,very good product and comftebale,5
,4,wow superrrr performance it comes with win 11,8
,4,i like this sets but delivered very late,8
,4,good quality product,3
,4,medium qualitywaight perfectawesome curvhandle quality low,6
,4,nice product work smoothly,4
,4,thanks flipkart awesome product,4
,4,nice product and 100 cotton,5
,4,nice camera for this range,5
,4,value of money,3
,4,very good product and packaging is very good,8
,4,quality of product is good,5
,4,good quality worth it,4
,4,best in this prise,4
,4,worth the money,3
,4,its beautiful nice product,4
,4,nice prdct mst by nd dlvry boy alws gudðð,9
,4,very good product,3
,4,good quality as we expected alhamdulillah,6
,4,good and worthy,3
,4,good product for regular useð,5
,4,asusual stuff all the sticks are the same android,9
,4,nice productperformance it is good,5
,4,good product thank you flipkart,5
,4,good quality plant,3
,4,fitting problem rode size small,5
,4,my cycle is so good and very nice,8
,4,very nice very fast delivery,5
,4,very good product and low price im happy,8
,4,aa cost product is good,5
,4,not bad but bottle not so good,7
,4,best quality go for it ð,6
,4,very best product but some issue,6
,4,nice product and good workingthanks fk,6
,4,wonderful design with excellent performance,5
,4,good âºïeasy to fixðð,4
,4,good productfast delivery,3
,4,this product has oil leaking issue,6
,4,very nice product,3
,4,best in this price,4
,4,good but the quality of fabric is lill disappointed,9
,4,nice but picture is lite dim,6
,4,product is not bad,4
,4,its a very good product but bag is not satisfy,10
,4,very good super l,4
,4,good product and easy to use nice,7
,4,superb in this amount,4
,4,good product and good quality,5
,4,really very useful and good product value of money,9
,4,go for it,3
,4,very good product,3
,4,need demo for usage and overall fine with product,9
,4,good product comforatble,3
,4,it is very good for you stay anather place,9
,4,quality is good,3
,4,its good product i like it,6
,4,very good product,3
,4,excellent my baby so happy ððð,6
,4,not bad good ones,4
,4,perfecti llike you value for money,6
,4,best of the cleaning mop,5
,4,small money can by hepiness,5
,4,quality is good,3
,4,quality card 64 gb nice,5
,4,good onewith easy connect,4
,4,very nice product,3
,4,sound quuality is perfect,4
,4,great product value for money,5
,4,good product reasonable price tq flip kart,7
,4,the product is good as expected,6
,4,good quality product,3
,4,best price ð,3
,4,hot and cold 12 hours nice product,7
,4,best among this price,4
,4,very good product light weight and beautiful,7
,4,best tab for students,4
,4,value for money,3
,4,perfect in this price range,5
,4,good product very good installation,5
,4,very good product,3
1392.0,4,overall good but little bit noisy,6
,4,amazing sound awesome purchasego for it without even thinking once,10
,4,nice according mony,3
,4,good performance packed budget friendly laptop,6
,4,nice and very comfortable,4
,4,good in this range,4
,4,very good product saves time useful for every family,9
2182.0,4,my daughter liked itð,4
,4,very good brand,3
,4,very good ðð,3
,4,very good product,3
1868.0,4,very good product satisfactory cooling,5
,4,quality is good,3
,4,its good must purchase,4
,4,vry nice my baby vry hpy thanks to flipkart ð,10
,4,very nice ððð,3
,4,very nice product,3
,4,u can go for itits worth,6
2062.0,4,nice product easy to use very comfortable,7
,4,good product must buy,4
,4,product is very nice,4
,4,products is good,3
,4,nice sd card i like it,6
,4,good product in this price range i like it,9
,4,just ok nothing else,4
,4,easy to assemble and disassemble worthy go for it,9
,4,so right now,3
,4,good for cold weather,4
,4,slim stable and quality product,5
,4,good for all seasons,4
,4,best one to store in proper way ð,8
,4,its good product u can take this,7
,4,great fone with buguet price,5
,4,good but too hard,4
,4,quality is very good,4
,4,very good product and very good delivery by flipkart,9
,4,the product is good,4
,4,overall product was good,4
,4,was expecting little bigger sizebut satisfied,6
,4,pretty good product,3
,4,goodhas thread on both length and width to tie,9
,4,good product jarur kharide,4
,4,i loved it,3
,4,all good except no screwdriver for assembly,7
,4,very nice shoes,3
,4,nice product at this price range,6
,4,product is good camera quality average sound and processor good,10
,4,just awesome product,3
,4,good quality at this price segment,6
,4,size is small but worth it,6
,4,only battery was terrible overall beast in this price range,10
,4,quality good product,3
,4,awesome built design and backup with 18w fast charging,9
,4,good product ð sale done,5
,4,thanks for replacement âïgood ð,5
,4,very nice product,3
,4,good product ðð,3
,4,lovly product good performance,4
,4,working performance good,3
,4,nice oven but not gaining temperature properly,7
,4,very soft but nice product,5
,4,thank u nice product,4
,4,reviewing after 2 months worth buyinghappy customer,7
,4,taking long time,3
,4,the camera is good,4
56.0,4,good product nice air flow and no noice,8
,4,looking so good ðð comfort riding for 13,8
,4,good for bachelors,3
,4,thanks for flipkart ðððð³ð,4
,4,good design good quality,4
,4,product is good,3
,4,it was niceðâï,3
,4,i am very satisfied with the productthank you flipkart,9
,4,not bad but pressure is very fast cooling,8
,4,very nice ðsounds good bass ð tq ð,8
,4,product is good but packaging is very very poor,9
,4,its truly professional,3
,4,its best in its segment,5
,4,good product but cover quality is okay,7
,4,this is awesome products,4
,4,very good bedsheet,3
,4,good one fast charging worth,5
,4,very very good,3
,4,nice and goodtysm flipkart âï,5
,4,its wrking good now not an issue,7
,4,very nice product ð,4
,4,good product for the price range suitable for beginners,9
,4,very nice product,3
,4,working is good installation delayed 2 weeks,7
,4,furniture is good quality best,5
,4,nice product value for money so much super wallet,9
,4,same as picture good product,5
2221.0,4,overall nice product,3
,4,very nice and good quality,5
,4,excellent and very good quality and save for moner,9
,4,nice product value for money i brought for 4200,9
,4,value back performance,3
,4,nyc product it looks great,5
1171.0,4,perfect go ahead,3
,4,min budget in good phone,5
,4,nice and good sound,4
,4,very delicate table,3
,4,quantity is very very lessmy morning glory ð,8
,4,small in size good for smaller hall,7
,4,good and nice ð,4
1658.0,4,cooling is not upto par could have been better,9
,4,super quick charger,3
,4,happy with the product,4
,4,price ke according good quality h,6
,4,good one with password protection,5
,4,worth the investment,3
,4,hood in 14000 price,4
,4,good and cheap too,4
,4,very useful during workout good one,6
,4,packaging was badproduct is amazing,5
,4,product is very nice and delivery was very nice,9
,4,best camera for starters,4
,4,perfectly designed but could be more spacious,7
,4,good varry good,3
268.0,4,good product nd fast delivery,5
,4,very nice product,3
,4,really very nice product this price range,7
,4,good onefor 2 people to keep things,7
,4,good and useful one,4
,4,very nice product but i 1plate was broken otherwise good,10
,4,nice ð thanks,3
,4,super quilty in price,4
,4,does the job,3
,4,very good working,3
,4,very good product and value for money as well,9
,4,best no time limit,4
,4,quality pure cottonsize queen size bedsheetbt good product thanks filpkart,10
,4,so nice opalware set,4
,4,nice product ð,3
,4,nice watch loved it,4
,4,no installation sound is not good,6
,4,no comfortable but nice,4
,4,overall great product in price range,6
,4,superb product âï,3
,4,so nice and small product from philips,7
,4,performance is very gooddisplay quality excellent,6
,4,very good blanket i like it i am so happy,10
2926.0,4,good product ð,3
,4,very good product and comfortable and nice looking,8
,4,nice color nd size looks good,6
,4,value for money,3
,4,good one i like it,5
,4,good for running,3
,4,nice product good washing,4
,4,good product value for moneygot it at 464,8
,4,nice product fast delivery and good packing thank you,9
,4,so nice product and low cost very nice,8
,4,very comfortable cushions,3
,4,ok product dimensions also matching for double cot,8
,4,nice product best,3
,4,good phone at this price range,6
,4,nice product âºï,3
,4,i like it,3
,4,poco c31 blue464gb very nice product thank you flipkart,9
,4,product ok ðbut quality,4
,4,fabric quality not good otherwise nice product,7
,4,value for money,3
,4,the product is good,4
,4,no complaint just trust it and go for it,9
,4,product is good but price is high,7
,4,nice but dinner plate small,5
,4,the products are really good ð,6
,4,nice and smooth cloth,4
,4,my mom like it,4
,4,nyc very comfortable and adjust good i like,8
,4,material is good unexpectedvalue for money,6
,4,good quality but light wait,5
,4,i like it very nice product,6
,4,nice good quality,3
,4,very nice product i am so happy with this product,10
,4,solving the purpose,3
,4,nice product working good,4
,4,nice watch ðhmmmmmmmnm,3
,4,good product thanks flipkart and samsung,6
,4,good full product,3
,4,value for money,3
,4,good mobile for less money,5
,4,very nice ð ð thanku,5
,4,nice till now,3
,4,best mi tv i happy,5
,4,good value for money,4
,4,nice product good one,4
,4,same as a pic but small size,7
,4,its so nice i like so âïâïðð,7
,4,everything is good but back panel is made of polycarbonate,10
,4,good otg oven but missing convection fan and rotisserie function,10
,4,it is very good me and my family are satisfied,10
,4,good for 4 months,4
,4,its nice and useful and affordable,6
,4,good capri u go for this,6
,4,nice product of bajajthanks for flipkart,6
,4,superb go for it,4
,4,good for google pixel 6a,5
,4,its good but faced difficulties while doing setup,8
,4,love the design its cool,5
,4,nice for small living roomlooks beautiful ðð,7
,4,super quality this price,4
,4,so comfortable to read books,5
,4,nice product thank you flipkart,5
,4,received damaged product heating not properly working,7
,4,good product ð,3
,4,choicy and good,3
,4,money not waste products goodð,5
,4,thnku flipkart teamthku so much,5
,4,awesome formal watch ðð,4
,4,very good charger,3
,4,good range not excellent but does the job,8
,4,item is working good,4
,4,very good product,3
559.0,4,nice and super cooling,4
,4,ok but watch over sound,5
,4,nice watch but its small,5
,4,product was good worth for the money,7
,4,its working fine i got this 4300,7
,4,best laptop ð,3
,4,good product happy with the purchase ndfast delivery,8
,4,good product used 10 days no issues,7
,4,good but disappointing about headphones jack,6
,4,nice product delivered in 2 days,6
,4,quality is fine but bowl size is little small,9
,4,good product but size is little small,7
,4,good product use i am happy now,7
,4,good product and lookng very nice,6
,4,nice product ðð,3
,4,excellent product thank you flipkart,5
,4,gets dirty very quick but absorption is good,8
,4,hdmi not connectedbluetooth coverage range just 8to ten feet direction,10
,4,osm picture yaar,3
,4,value of money,3
,4,over all good product,4
,4,such wonderful product âï,4
,4,no special features but easy handling machine,7
,4,worth the cost,3
,4,niceordered for office use,4
,4,look fabulousour local don liked it a lot,8
,4,good product thanks milton,4
,4,very good product,3
,4,product is good but product setup some deficult,8
,4,very nice product,3
,4,loved itvery beautiful n size is also perfect,8
,4,super but worth for moneyððððððððð,5
,4,product is very usable and quality is also good,9
,4,nice product great quality ð,5
,4,nice watch good quality,4
,4,nice but colour little bit differentð,6
,4,very good productloved it,4
,4,super good product,3
,4,water heat very fast,4
,4,good product well packed,4
,4,its good product,3
,4,value for money,3
,4,very very niceð i am so thrilled,7
,4,fair deal in this price range,6
,4,its a good product fabric is average overall vfm product,10
,4,good product at this low price,6
445.0,4,nice cooler at this price,5
,4,i like this watch,4
,4,installation is good,3
,4,nice qulity but sum part of damage,7
,4,bat is good 910lbw 610gloves 710thigh pad 810gaurd 610bag 710,10
,4,nice product so i am very happy,7
,4,best experience this cycle very good cycle,7
,4,dinner set value for money,5
,4,vry nys meterial,3
,4,good productð but cost is somewhat high ð,8
,4,good quality product,3
,4,good quality assurance,3
,4,good item i m happy ðð,6
,4,its good thing,3
,4,good product accha hai buy it,6
,4,a good product,3
,4,super product same as show in pictures,7
,4,so smooth for riding,4
454.0,4,very fast delivery thank you,5
,4,nice but quality little upset,5
,4,its looks nice but normal or average quality,8
,4,good quality best design,4
,4,value for money highly recommend,5
,4,mixi is so good but little bit of heating,9
,4,very good product,3
,4,looking very nice shining awesome ð,6
,4,laptop is good but delivery delay ð²,7
,4,so good more than a year,6
,4,good budget buy,3
,4,good prudct but amount is very hai,7
,4,very nice and good quality,5
,4,very good product ð,4
,4,good product and service too,5
,4,nice product and till now no issue,7
,4,very nice must buy it,5
,4,as i expected,3
,4,very gud product,3
1195.0,4,redmi mobiles are vry gud looking,6
,4,good and comfortable,3
,4,very very good product,4
,4,like not too much heavy design also good,8
,4,great product and price friendly i really recommend it,9
,4,good product proper installationmotion senserwork good,6
,4,worth of money,3
,4,nice product ð,3
,4,very good oven ð,4
,4,beautiful must buy,3
,4,nice its hard and good for playing,7
,4,for me its just like my family member,8
,4,it good quick heating of water in few minutes,9
,4,water bottle is nice value for money,7
,4,nice its good u can buy this,7
,4,i like this product,4
,4,nice one provided by flipkart,5
,4,nice product thanks ð,4
,4,worth for money,3
,4,little cute osm,3
,4,good product but not bad,5
,4,nice product ðð,3
,4,microfibre filled soft cushions of good quality,7
,4,using in my workshop,4
,4,value for money,3
,4,good product ðð,3
,4,very nicemust purchase,3
,4,product is nice and good quality thanks to flipkart,9
,4,colour is dim but overall good,6
,4,value for money ø,4
,4,my first leptop choice is best,6
,4,nice quality best product thanku flipkart ð,7
,4,nice product bass is too good,6
,4,good as per price,4
,4,nice looking great not slim,5
,4,our family enjoy alot with this little smart speaker,9
,4,water very testy batter then other love it,8
,4,just like it,3
,4,packing is very good,4
,4,nice product worthy,3
,4,really good in this price,5
,4,its good useful product thank you flipkart,7
,4,value for money productbest quality product,6
,4,its very quit and so beautiful,6
,4,nice product thank u flipkart,5
,4,ok very nice boll,4
,4,good at this price,4
,4,very good product,3
,4,it was awesomeðbut u should add some more items,9
,4,awesome product dont wait for it just check and buy,10
,4,does ita job,3
,4,good but read speed slow,5
,4,very good product,3
,4,nice performance good product,4
,4,very warm soft blanket same as shown,7
,4,its really wonderful,3
,4,quality is good i m happy ð,7
,4,working good and fast,4
,4,good so far,3
,4,good for my puja arti,5
,4,overall all good productbut little bit shaky,7
,4,nice product at this price,5
,4,good product but little shakes thank you flipkart,8
,4,good for day to day usage,6
,4,very nice best grinder,4
,4,good food processor for the price,6
,4,best repay of money,4
,4,good functionsfor new user same is very friendly and useful,10
,4,good nd original ink cartridges,5
,4,great product and timely installed within promised date,8
,4,good product in this price i really satisfied,8
,4,value for money,3
,4,i am so happy gd produced,6
,4,very nice and good quality ððð,6
,4,perfect fit super,3
1902.0,4,cooler is awsome,3
,4,too good worth for money,5
,4,super classy product,3
,4,good quality mobile phone,4
,4,good product worth price,4
,4,this product is soooo goodðð,5
,4,nice camera for beginners,4
,4,gift for girlfriend,3
,4,good malton steel,3
,4,very nice ð,3
,4,good for books,3
,4,produced is good,3
,4,its good laptop,3
,4,just wow i loved it ââ,6
,4,very good product and good service,6
,4,on time delivery gud product nice printinghp original ink,9
,4,very good product,3
,4,very good quality,3
,4,nice watch good look,4
,4,picture quality is avg and sound good,7
,4,it is very good product ð,6
,4,very nice product awesome productrecommended for all,7
,4,i am happy thank you flipkart,6
,4,good product must buy,4
,4,its a good buy,4
,4,really effective product for house even cars,7
,4,it looks awesome in my living room,7
,4,its as as expectedlooks amazing,5
,4,very nice thanks flipkart,4
,4,good product but late delivery,5
,4,good chimneyserves purposereasonable price,4
,4,value for money ðð,4
,4,nice ipad generation best gaming,5
,4,we liked it quality is fair colour is nice,9
,4,working perfectly satisfied at allð,5
,4,nice product value for money,5
,4,found o k,3
,4,very good product,3
,4,overall nicecotton fabrics awesome ðð,5
,4,nice product heating is pretty good,6
116.0,4,really desert cooler super cool,5
,4,awesome product very nice thank you flipkart,7
,4,its working good present,4
,4,good product tds level came to 135 to 150,9
,4,nice value of money,4
,4,good one but rate high,5
,4,its tooo good,3
,4,good for formal use and normal useâââââ,7
,4,it is good,3
,4,very beautiful osm products,4
,4,nice fan i am happy,5
,4,clothes quality is normally good,5
,4,good at this price,4
,4,good quality product,3
,4,very good product,3
,4,very nice quality and very good look,7
,4,thanku for very nice,4
,4,gd but not big size,5
,4,not bad its so good,5
,4,it is very good overall,5
,4,nice product easy handling and working,6
,4,good project very nice,4
,4,very nice and good looking product whatsapp money,8
,4,excellent product with this price,5
,4,very good product,3
,4,value for moneyquality is oknot bad,6
,4,quality is quite good,4
,4,nice products its use god,5
,4,quality is good but size is bit small,8
,4,good for beginners interface cable must include with camera,9
,4,could have been more optimised for space,7
,4,light weight hai,3
,4,over all good productwith good capacity of storage,8
,4,good product on this price,5
,4,very nice but colour is not good,7
,4,milton is best,3
,4,good product nice work,4
,4,fabric quality is very good,5
,4,nice product ð,3
,4,very good product,3
,4,good productdelivered without any issues,5
,4,value for money i am happy with this product,9
,4,very good product for daily use,6
,4,for time being it is functioning well,7
,4,no need to worry about to buy this laptop ð,10
,4,not all hd chanel,4
,4,good but small size,4
,4,nice product for gaming,4
,4,quantity okay bt lite thicknesses,5
,4,thank you flipkart,3
,4,it does the job good one go for it,9
427.0,4,plastic body is weak rest everything is good,8
,4,its very nice dinner set with good packing by flipkart,10
,4,no apple music integration otherwise its good,7
,4,over all ok,3
,4,always my favourite brand bajaj,5
,4,as expected ð,3
,4,good am happy,3
,4,very good product,3
,4,good product and better quality,5
,4,best home speaker with good sound quality,7
,4,value for moneyfabullousððð,3
,4,nice shoe i like it,5
,4,more than expected nice quality and material,7
,4,good picture quality nice work,5
,4,ok in this rate,4
,4,nice and good service,4
,4,good product bad packing,4
,4,at this price range phone is awesome loved it,9
,4,very nice ð ð ð ð,6
,4,good product ð,3
,4,really nice must buy it,5
,4,nice comfort like crocs,4
,4,value for money,3
,4,very nice ð,3
,4,nice one must give it a try,7
,4,nice product but sheeds quantity so less,7
,4,nice with this price,4
,4,product is goodbt little bit of short,7
,4,good quality for this price,5
,4,its good worth for money,5
,4,good product improve in fast delivery,6
,4,ossum productreally ð happy to buy it,7
,4,value for money,3
,4,good but expensive,3
,4,nice i am happy this is so good,8
,4,working as expected,3
,4,price highquality is good,4
,4,simple sleek design amazing performance more energy saving ð,9
609.0,4,i like this product,4
,4,i used this last 8 months its working good,9
,4,excellent but high prise,4
,4,everything was good,3
,4,nice product ð,3
,4,good but print darkness very low,6
,4,good for medium sized room,5
,4,value for money,3
,4,good nd value for money,5
,4,nyc productð definitely everyone should go for it ððð,9
,4,nice good productno leackeg problem,5
,4,this product was so good i luv it ððð,9
,4,genuine product good deal,4
3358.0,4,iâm happy in this product,5
,4,very soft cream all skin type lovely cream,8
,4,good producti love it,4
,4,nice door mat,3
,4,performance was good but the cord lenght very small,9
,4,it was good,3
,4,good product ð,3
,4,nice productà and good smell also,6
,4,very good product,3
,4,very good product,3
,4,really great tv,3
,4,nice soft and fluffy pillows overall a good buy,9
,4,qualitybof ballon good banner also stylish,6
,4,good quality fast delivery,4
,4,comfortable and fit size,4
,4,very good vyapari,3
2338.0,4,beautiful productgood quality,3
,4,all time favourite,3
,4,i am comfortable in this product so good products,9
,4,good product u can buy value for money,8
,4,nice product k,3
,4,very good product ðâºï,4
,4,product delivered on time and working as expected,8
,4,the fit was awesome,4
,4,good product ð,3
,4,good product first delivery,4
,4,very nice product,3
,4,i am very satisfied with the productthank you flipkart,9
,4,nice product ðð ð tq flipkart,6
,4,very professional guy gave a quick and details knowledge,9
,4,super product value for money,5
,4,one of the best power bank under 1k,8
,4,very nice product,3
,4,very bad experience,3
,4,very nice product,3
,4,product is of good quality,5
,4,good qualityeasy to fit,4
,4,quality is very good but full plate is very small,10
,4,great productwith great qualityquite happy,5
,4,very good product,3
,4,very nice product easy to install,6
,4,nice product ð,3
,4,good as expectedbut hot time 15 to 16 hours,9
,4,nice one price is little more,6
,4,awesome camera in prices range,5
,4,product is good but no demo provided by the manufacturer,10
,4,nice product value for money,5
,4,mi is good quality and i always use mi product,10
,4,good product in low price,5
,4,this is good i liked it thanks flipkart,8
,4,good product i love it thanks flipkart ððâï,8
,4,nice productðð¼value for money,4
614.0,4,cooling air awesome but little noise,6
,4,good products ð,3
,4,good product and no damages,5
,4,nice at this price,4
,4,osm hott nd cold bottle,5
,4,it is good but not very strong ðªð,8
,4,wonderfulvalue for money,3
,4,its so nice,3
,4,very nicequality is good,4
,4,perfect size all good,4
,4,good quality just good and little slow speed transferbe safe,10
,4,this is good go for it,6
,4,its a good and im fully satisfied,7
,4,nice product very comfortable valuable money valuable product,8
,4,good product âï i ll update more details later,9
,4,good product itd really nice ð,6
,4,does the job appropriate size and comfortable,7
,4,good quality product,3
,4,its good but thin,4
,4,best wood ever,3
,4,very good product,3
,4,super nice working i ð,5
,4,very nice chimney,3
,4,remot not good working otherwise product is good,8
,4,very nice flask quality super,5
,4,working fine till now,4
,4,over all good product,4
,4,working good no issues so far,6
,4,good budget cycle,3
,4,gd productprice is reasonable,4
,4,cooling is ok,3
,4,its perfect for new born baby,6
,4,satisfied but service is late,5
,4,for beginners good camera,4
,4,in this price point a good choice,7
,4,good productbefore time deliveryi like it,6
,4,good product ð,3
376.0,4,thank u flipcart for quick delivery,6
,4,worth for money,3
,4,very good product,3
,4,perfectly working with 150mah luminous batterynice look trusted brand,9
,4,nice product but demo ans installation didnt happen,8
2206.0,4,i love this product,4
,4,nice but sound more than normal mixer grinder,8
,4,super product very use full and low weight only,9
,4,good sound bar at this price range,7
,4,good product but one screw is missing,7
,4,ð good product,3
,4,good one for all the students,6
,4,nice charger supporting my pixel phone,6
,4,nice product i m satisfied from this product thanks,9
,4,take only 10 mins to heat the watersuperb,8
,4,strip need to improve,4
,4,ok nice one,3
,4,very good product,3
,4,fast deliveryvery happy with the product,6
,4,its good quality is also amazing,6
,4,very nice juicer for small family,6
,4,gud product display is too gud,6
,4,very good product and value for money,7
,4,very good ðð,3
,4,awesome and also delivery man is so good,8
,4,love this product ð,4
,4,best in budget,3
,4,i love this product,4
,4,its a nice product,4
,4,tv stand is very good,5
,4,amazing good working,3
,4,good quality but colour miner mising after wash,8
,4,value for money,3
,4,fabric quality is good,4
530.0,4,nice material thanks to flipkart,5
,4,super fan very nice,4
,4,working in good condition,4
,4,excellent original productapple iphone accessories are bit costly,8
,4,i am very happy to this product,7
,4,thanks milton for providing us the best quality of thermosteel,10
,4,good looking bright colours but no idea about after wash,10
,4,i am very happy with this product ð,8
,4,product is good nice power backupgood built quality,8
,4,super priduct very nice to cooking,6
,4,i love this cycle and super quality,7
,4,very good product,3
,4,good product liked it,4
,4,very nice product go for it,6
,4,its overall goodwriting review after 4 months,7
,4,over all goodvalue for money,5
,4,good cream for daily basis usage,6
,4,very good and very comfortable,5
,4,the product is good,4
,4,qulity is not bad but price is lil bit costly,10
,4,good product quality is better then expected,7
,4,quality is good,3
,4,super image quality,3
,4,adaptor is good but data cable work very slow,9
,4,products is very gooddelivery boy behavior very poor,8
,4,its a great product but little expensive,7
,4,very nice product,3
,4,nice product use full for car,6
,4,nice productdelivery on time,4
,4,very good product,3
,4,value of maney and nice product,6
,4,its good man just go for it,7
,4,cheap and best product must be handled with care,9
,4,super productdelivered safely,3
,4,a good product by prestige,5
,4,great purchase working absolutely good for over a year,9
,4,recommendedbudget friendly too,3
,4,good product in price,4
,4,nice good luka,3
,4,product quality not as expected,5
,4,this is really good and the smell is just awesome,10
,4,its good but slicing is not proper,7
,4,size is slightly smaller otherwise its awesome,7
,4,i m happy,3
,4,best company i love this thermosteel milton ð,8
,4,its a good product and neet delivery ð,8
,4,its good and confortsoft,4
,4,im still using,3
,4,very nice value for money,5
,4,super quality and good length,5
,4,verry good product,3
,4,nice product ð,3
,4,packaging quality was not that good product quality is good,10
,4,nice but tomato seeds packet is emty,7
,4,vrey good toy,3
,4,the water stays warm so yaa i liked it,9
,4,satisfied with performance,3
,4,very good for wrost support for weight lifting,8
,4,very comfortableand good,3
,4,absolutely gorgeous and very comfortable,5
,4,product very nice,3
,4,value for money medium hall looking great then assembled,9
,4,good product in this price range,6
,4,good material of cloth,4
,4,nice one loved the colour and print vibrant,8
,4,color bleedingsize is good,4
,4,its very good,3
,4,best product in this price range,6
,4,good product worth buying it,5
,4,does the job,3
,4,just go for itâð,4
,4,super its really nice working,5
,4,good but little expensive,4
,4,meets the requirements,3
,4,value for money,3
,4,product is good and useful but delicate,7
,4,nice fast heating,3
,4,happy with singer,3
,4,supper same as shown in the picture,7
,4,excellent products thank you,4
,4,nice product ð,3
,4,good product ð,3
,4,best quality and atractive look,5
,4,very nice packing product is really good,7
,4,very good cycle in this price segmentgood looking stylish,9
,4,very nice product ðð,4
,4,best in the market,4
103.0,4,valu for money,3
,4,very nice product,3
,4,very nice product i am just loving it,8
,4,cheap and best laptop,4
,4,hp cartridges are best quality but costly also,8
,4,nice ð i love it ð tq flipkart âï,9
,4,working gooddelivary was fast as promised,6
,4,value for money product,4
,4,well done milton thank u,5
,4,its a good product in such amount,7
,4,on that cost excellent product,5
,4,nice product go for it,5
2175.0,4,nice product goood,3
,4,this product is ok,4
,4,nice product value of money,5
,4,nice but its cover with rubber,6
,4,tds cant increase,3
,4,such a nice product ððtnxx flipkart,6
,4,nice looking good bye everyone,5
,4,nice product valley is costly,5
,4,good quality bt price dsnt match,6
,4,very comfortable for baby,4
,4,good looking and quality,4
,4,awesome product must buy,4
,4,is so soft and nice cushion,6
,4,worth of money nice quality good product,7
,4,nice product contains 4 cars very satisfied,7
,4,product was exalent good nice product,6
,4,very nice awesome workvalue for money,6
,4,good product this make easy work,6
,4,good wet grinder,3
,4,satisfied with the product,4
,4,sound ok picture quality is ok quick delevergood instalation service,10
,4,installation could have been betteras its not tight enough,9
,4,good morning please find attached the invoice to you no,10
,4,good product ðð,3
,4,value for money,3
,4,value for money,3
,4,nice product value for money,5
,4,item is good but printing doubt,6
,4,nice at this price,4
,4,awesome very comfortable and attractive,5
,4,acording to price nice good product,6
,4,nice product i like it ð,6
,4,nyce i like it,4
,4,nice its worth for money good one,7
,4,product is ok,3
,4,good its system is complicated,5
,4,nice product âï,3
,4,very good quality,3
,4,value for money,3
,4,amazing but too costly,4
,4,fitting so nice,3
,4,tq u flipkart for this,5
,4,is very soft and good fabric quality,7
,4,its working goodsatisfied with midea dishwasher,6
,4,still good after 5 months,5
582.0,4,cooler is good good cooling fan speed triple slow,9
,4,the branding fat quickly and its heavy,7
,4,not best but good in thisprice range,7
,4,better not one of best,5
1966.0,4,good product in this price,5
,4,very good product,3
,4,very good product and good servicewonderful,6
,4,i like it best product thank u flipkartðð,8
,4,worth to buy it,4
,4,till now the product is great and service too,9
1834.0,4,good quality poisa osul,4
,4,super past charging,3
,4,iove it super packing,4
,4,amazing product must buy,4
,4,nice n good quality,4
,4,very nice product in this price range with ontime delivery,10
,4,good once to the price,5
,4,medium fast charger,3
,4,easy to handle and very useful item,7
,4,good product as it is working very nice,8
,4,very useful 5tb hard disk,5
,4,very good product buy it,5
,4,soft nd good,3
,4,looks good but too small,5
,4,nice product easy to use,5
,4,good prodect so nice,4
,4,i like the model,4
,4,best for taking water and milk,6
,4,good one yet to wash,5
,4,very good quality,3
,4,i gifted to my father he likes it âïâï,9
,4,battery backup is not as mentioned otherwise everything is good,10
,4,its quite good in this price range,7
,4,range is very good but no power onoff button,9
,4,very good product,3
,4,quality is good,3
,4,best in market,3
,4,looking goodcolors combination good but installation work is quite difficult,10
,4,awesome product ðð,3
,4,nice product highly recommended,4
1175.0,4,redmi mobiles are vry gud looking,6
,4,good but installation not send by seller,7
,4,worth for price,3
,4,awesome product nice and friendly thanks flipkart,7
,4,good productbut price high,4
,4,value of purchase with money,5
,4,nice book shelf,3
,4,best quality oil,3
,4,thanku for very nice,4
,4,nice product quality is good ðâºï,6
,4,good according to money,4
,4,best in market,3
,4,good packing and plant received in healthy condition,8
,4,genuine king size perfect,4
,4,nice products must buy tq flipkart,6
,4,its very nice for home i love it thank you,10
,4,this price its ok,4
,4,good product for what we pay value for money,9
,4,heating takes 15 minutes overall good,6
,4,best product in the segment,5
,4,good productfast delivery by flipkarthappy ððð,6
,4,its okay good items,4
,4,good product in this price,5
,4,colour and design is very nice i like it thanks,10
,4,good quality product,3
,4,only one heating issueotherwise its super purchase,7
,4,supper sir thank u,4
,4,nice ð product thank you flipkart,6
,4,good budget laptop value for money i loved it â,10
,4,verry good nice product,4
2977.0,4,its very useful,3
,4,good but noise is coming some times,7
,4,it is good im so happy,6
,4,quality wise goodbut the measurements are little disappointment,8
,4,good and very bad ð kannaaappi saanam,7
,4,nice thnk you filp cart,5
,4,its good product,3
,4,good product at this price but not really comfy,9
,4,gud but price is high,5
,4,grilling stands are missing and expect cookingbakeing handgloves cotton,9
,4,you can consider it for casual usage,7
,4,i gifted it its great,5
,4,good tab for study purpose,5
,4,good quality and coper binding inside motor,7
,4,same as shown as picture,5
3079.0,4,nice product ðð,3
,4,product is good,3
,4,little bit small but cute n clear,7
,4,nice picture quality,3
,4,i loved the design,4
,4,good product and flipkart best price,6
,4,product is very satisfied but battery is no inside,9
,4,good sound quality but it should be more better âºï,10
,4,wow thanku flipkart,3
,4,nice producti like thisâºï,4
,4,good quality premium packaging,4
,4,sound quality was good but there is no bass controller,10
,4,good product and packing is good,6
,4,according to price quality is good,6
,4,nice working good,3
,4,nice product and pocket friendly ðð,6
,4,good of this price rangeð,5
,4,nice product good quality,4
,4,its very help full,4
,4,iam not using now,4
,4,superrrrrr ð ð,3
,4,excellent quality product âï,4
,4,nice goodfull paisa wasul,4
,4,good product thanks flipkart,4
,4,original product i am so happy,6
,4,value for money,3
,4,osm cargo i love it,5
,4,good as espected in this budget,6
,4,really nice productworth money nambi vangalam,6
,4,that was good,3
,4,vary usefully i am so happy,6
,4,very good this is product,5
,4,this is amazing product thank you flipkart for this product,10
,4,good product value for money,5
,4,very good item,3
,4,good for money,3
,4,good iam happy,3
,4,nice one suits me,4
,4,superb fitting value for money,5
,4,great product from vguard,4
,4,nice product thank you,4
,4,good for small family of 23 members,7
,4,good product ð,3
,4,good not bed,3
,4,super and fast charging,4
,4,quick results but odour remains long,6
,4,very nice quality,3
,4,good product in this price,5
,4,not bad it is ok ok,6
,4,very good ðð,3
,4,good go for it,4
,4,very nice ð,3
,4,thank you flipu,3
,4,received my parcel within 30 hours super working,8
,4,good product thenkyou flipkart,4
,4,excellent oneworth for money,4
,4,good but medicine flavour all essence,6
,4,quality is bestor delevery is quick,6
,4,product worth for the money,5
,4,good product best for beginners under 19k,7
,4,nice product ð,3
,4,perfect for a nuclear family user friendly item ð,9
,4,good product and usefull for anything,6
,4,good and nice,3
,4,picture quality better gaming hang,5
,4,value for money ø,4
,4,1 star deduct because of no one come for domo,10
,4,this product no1 quality company pigeon combopack,7
,4,good for family of 2 to 3 members,8
,4,value for moneynoting bad,4
,4,good but wire must be little long,7
,4,nice good qualitysame productthnq filpkartexactly the same,7
,4,good product its awesome,4
,4,value for money,3
,4,its okay ð,3
,4,super packaging delivery boy super,5
,4,super product value for money,5
,4,original product thank you flipkart,5
,4,not as expected,3
484.0,4,good delivery value for money best cooler ever,8
,4,good as expected,3
,4,nice one value for money ð,6
,4,too good product,3
,4,it is working satisfactory,4
,4,wow just wow nothing to say about this product ðâï,10
,4,im happy with this product its working well,8
,4,table is good,3
,4,must buy guys,3
,4,fine and good service,4
,4,thank you flipkart given nice product,6
,4,good in budget,3
1866.0,4,it is fantastic cooleri liked itit cools room effectively,9
,4,its really wonderful,3
,4,nice productðð value for money ð,6
,4,ðð best product,3
,4,nice holder not bad,4
,4,good product at this prize,5
,4,good product bt we can not control temperature,8
,4,good decent product,3
,4,every thing is good but size is little bit small,10
,4,good product value for money,5
1317.0,4,this product very good,4
,4,working goodbut heating issue a problem for me,8
,4,best product hot water botle,5
,4,nice product in low price,5
,4,as expected thank you,4
,4,working fine tq flipkart,4
1255.0,4,nice good product,3
,4,looking nice cabinet product packaging are good,7
,4,good quality products ð,4
,4,vry gd product it was same as picture,8
,4,looking greatnice bright colourvalue for money,6
,4,keep warm upto 6 hours,5
,4,overall good product liked it,5
,4,does the job,3
,4,good it is reasonable rate,5
,4,value for money best product in this price,8
,4,very nice and useful one thanks flipkart ððð,8
,4,nice doormat ðð,3
,4,best product for time pass,5
,4,good quality and better to use,6
,4,excellent productnice qualitythankyou flipkartð,4
,4,good nice ball,3
,4,good product should buy ð,5
,4,good i tried chicken tantoorireally nice,6
,4,nice and good,3
,4,overall good deal but the delivery was too late,9
,4,i like this product,4
,4,quantity only 5 kg,4
,4,i like it,3
,4,nice product but little expensive,5
,4,very nice quality,3
,4,hmm nice product,3
,4,best juicer but the price is little high for this,10
,4,very good product,3
,4,nice colours im happy about this product,7
,4,nice but 2 hangers are without black point,8
,4,good pricing for basic needs and in a reasonable range,10
,4,overall good product,3
,4,good value for money,4
,4,value for money product,4
,4,spr tv and price also worth and quick installation,9
,4,worth the money quality also,5
,4,good product thank u flipkart,5
,4,perfect size and quality,4
,4,best in market,3
,4,i loved it,3
,4,nice dinner set,3
,4,good packing nice product,4
,4,too good ðð,3
,4,best dth but not connect with mobile,7
,4,very good productfelt bhatkal,4
,4,best value product,3
,4,very bat products,3
,4,you can go for it iops is very good,9
,4,this product is very good for hair,7
,4,good quality of seeds,4
,4,thanks for delivery within time,5
,4,quality is good but size not good,7
,4,this is very good things for us,7
,4,can give it a try,5
,4,sound 55bass45build quality 55,4
,4,good at this price,4
,4,good and style,3
,4,excellent quality seed ð,4
,4,nice product timely delivered,4
,4,its very nice and good producttqsm flipkart ðð,8
,4,colour good âºï,3
,4,good luck and good work,5
,4,the utensils are of good quality loved itð,8
,4,satisfied for this product,4
,4,very nice product thanks flipkart for quick delivery,8
,4,value for money deal and quick delivery,7
,4,nice product all types of ground suitavle,7
,4,good but big plug,4
,4,it a dood product i like it thanku flipcart,9
,4,good product value for money,5
,4,worth to pay,3
,4,nice product ðð,3
,4,good quality you can go for itð,7
,4,i like it,3
,4,nice car worth fr money u can buy it,9
,4,only only only heating,4
,4,superb and value for money thanks flipkartlove it,8
,4,must buy good product,4
,4,this is a good produced,5
,4,good product ð,3
1726.0,4,wonderful cooler and great buy at flipkart,7
,4,best budget phone,3
,4,good product ððð,3
,4,satisfied with the product,4
,4,very nice device but try to go for air 4,10
,4,it is good to carry outside,6
,4,nice ð good product ð but red colour only,9
,4,pretty decent product,3
,4,good product reasonable price range,5
,4,fast and easy handling,4
,4,protection is very good,4
,4,best for in this price,5
,4,very good quality thank you flipkart for replacement,8
,4,best product and it works very well,7
,4,quality is good thank you so much flipkart,8
,4,nice but the tyre should be bigger and wider ðð,10
,4,very good product,3
,4,cycle is good look wise also good,7
,4,i purchased for drawings and editing,6
,4,its work good,3
,4,very nice product,3
,4,nice value for money,4
,4,very good quality and product,5
,4,nic power bank,3
,4,not badvalue for money,4
,4,awesome productbest oneð,3
,4,good qualitydeliver in time thank u flip cart,8
,4,nice light weight,3
,4,value for money,3
,4,good one for house cleaning,5
,4,very nice product,3
,4,colour best he,3
,4,product is good but installation service provider was not good,10
,4,good power full,3
,4,worth for money,3
,4,wifi variant are value of money,6
,4,best tv mode but very fast internet connectivity required,9
,4,vvvv very nice packageing ad good set,7
,4,nice smell non great and easy to absorbe in skin,10
,4,very useful ðgood quality,4
,4,must buy product,3
,4,very good product,3
,4,product is good,3
,4,good product easy to assemble has decent strength,8
,4,very soft nice,3
,4,design and quality is good,5
,4,very nice product in this price range,7
,4,the product was excellent but it was little bit small,10
,4,very good loved it,4
,4,working good warranty registration to be made simple,8
,4,good product but use small cable at a charging time,10
,4,product is good,3
,4,very nice producti love it,5
,4,plug and pad space is sort,6
,4,good64gb card shows 6406 gb,5
,4,cecsesfull delivery good product,4
,4,i purchased for drawings and editing,6
,4,very good product,3
,4,very gud product,3
,4,nice football â½â½â½,3
,4,excellent product ðð,3
,4,size is perfect,3
,4,very good product,3
,4,good in that price range,5
,4,screen mirroring not getting,4
,4,good but small size,4
,4,its nice and d price is good,7
,4,quality is medium feel good in wear,7
,4,very very nice and good product,6
,4,good nice product,3
,4,improve your clothes quality and shilai of weast ilastik,9
,4,nice but bowl is very small,6
,4,best value for money laptop just go for it,9
,4,the quality is good and delivery is quick,8
,4,value for money,3
,4,good but small,3
,4,gzb products fit body,4
,4,packed very nice awesome stitches made by methanks to flipkart,10
,4,i havent used it yet but look wise its good,10
,4,good product but small,4
,4,thish product is very good ð,6
,4,handy very much wort it,5
,4,good for 22 family,4
,4,a good product value for money,6
,4,one of the best product,5
,4,watch is very awesome look is very smart,8
,4,valu for money,3
,4,pretty good for domestic purpose,5
,4,worth for price,3
,4,nice product nice built,4
,4,be smart lookvery good featureslong life batterymagnetic charger,8
,4,very good product ð,4
,4,item is very nice,4
,4,good cloth h,3
,4,nice but its small but good product please buy,9
,4,very nice product,3
,4,its looking good,3
,4,good quality thank you flipkart,5
,4,comfortable and fit size,4
,4,its really nice,3
,4,good but costly,3
,4,nice design look performance and valuesble money,7
,4,awesome product in reasonable price,5
,4,good product no battary only ac,6
,4,good product worth money,4
,4,good n nice big fluffy pillow,6
,4,very nice ðððð,3
,4,best led tv in this price,6
,4,its a good product,4
,4,superb but kent customer care worst,6
,4,very good quality and instructions are very good,8
,4,working good but not for all dishes,7
,4,performance is good with excellent battery life,7
,4,very nice good i am liked,6
,4,i like this,3
,4,already this product price is 3599,6
,4,good product water hot until 14 to 15 hours,9
,4,very nice product but size is little small,8
,4,product is too good,4
,4,quality is good,3
,4,super extent fast charger,4
,4,satisfied good product worth it,5
,4,good product ð,3
,4,i am satisfied working fine,5
,4,very fine product just love it,6
,4,nice lookgood products,3
,4,value of money,3
,4,best products thank you flipkart,5
,4,quality is too gud value for money,7
2206.0,4,just wow i loved it ââ,6
,4,such a good product in these prize ð,8
,4,almost grow all seeds ð,5
,4,thank u flipcart,3
,4,good product ð,3
,4,product worth the price,4
,4,looking so nise,3
,4,its working fine good one,5
,4,good dishwasher better washing than my maid,7
,4,good but price is higher,5
,4,very good product thank youâï,5
,4,best in the market,4
,4,worth of money,3
,4,nice product i like this product,6
,4,the product is good but two stands are broken,9
,4,i like itvery good product and quick delivery,8
,4,working very good value for money,6
,4,the product is good value for money,7
,4,nice product ð thanks flipkart ð,6
,4,its very good product thanks to flipkart,7
,4,amazing blanket regular use in amazing,6
,4,amazing product in this range,5
,4,nice but 5ghz range is low,6
,4,very good product,3
,4,superb ðð and delivery boy is too good ð,9
,4,awesome product ð,3
,4,good productsize variation,3
,4,excellent product at a beautiful price,6
,4,more than expected nice quality and material,7
,4,working goodlike itðð,3
,4,worth of moneyvery good productgo for it,7
,4,quality is good value for money,6
1452.0,4,cooling system is good but body material is so poor,10
,4,good renj best quality,4
,4,very nice product,3
,4,chip in best,3
,4,must buy this,3
,4,worth to money,3
,4,camera is good ðððbut camera lens focus very weak,9
,4,working well android application allows you to download multiple applications,10
,4,sond is good but no bass up to mark,9
,4,after three attempt got original its depends on your luck,10
,4,good product but size is very bigðð,7
,4,good product but light passing through it,7
,4,very good ð,3
,4,nice but give oneair fill objects,6
,4,very good product,3
,4,worth it go for it,5
,4,since picture on table is differentbut quality is goodnice product,10
,4,ok good charger,3
,4,good quality product but installation is little bit difficult,9
,4,good quality same as the picture,6
,4,its easy n good for home use,7
,4,product is perfectonly exhaust pipe provide is little small,9
,4,till now its working good,5
,4,very good product,3
,4,nice chief best thank for flipcard,6
,4,its very comfortable for work,5
,4,nice i like it,4
,4,tv is good but there is no web browser,9
,4,1 nojust go gor it,5
,4,pure camphor great product,4
,4,it was amazing,3
,4,worth of money,3
,4,awesome quality oil at price of 131smell is also grate,10
,4,nice productusing for 10 days,5
,4,a better product,3
,4,reasonable pricegood productthank you flipcart,5
,4,overall chair is goodback support is high but its ok,10
,4,reasonable and satisfactory,3
350.0,4,cooling is perfect,3
,4,nice quality product,3
,4,v nice product,3
,4,super so nice,3
,4,very nice football â½,4
,4,product is good but packaging is not gooddelivery men good,10
,4,value for money,3
,4,good product but very expensive,5
,4,good producthere is some scratches here and there,8
,4,quality good and washing is decent value for money,9
,4,overall very nicebit stylishlooks niceeverything else is also goodðð,9
,4,value for money product thank u flipkart,7
,4,display is very good for study purpose,7
,4,good product really helpfull,4
,4,good money worth,3
,4,product is goodgo for it,5
,4,working perfectly with hp 2331 printer,6
,4,product are awesome but delivery time is not good,9
,4,good product nice sound quality,5
,4,its good one service of flipcart is wonderful,8
,4,nice product vallu for money,5
,4,100pure cotton and very fast delivery ð,7
,4,its nice and good quality,5
,4,good one value for money average product,7
,4,a go grab it product ðð,6
,4,product is good good quality and good packaging also,9
,4,good as expected,3
,4,best for students go for it,6
,4,happy to ordered this product,5
,4,very useful product especially in winter,6
,4,quality is very good,4
,4,itâs a gud purchase go for it,7
,4,super grinder for all,4
,4,useful and comfortable worth for money,6
,4,best geyser in this price range,6
,4,good product and quality also good,6
,4,very nice product ð,4
,4,good but small in size from given photo,8
,4,very good products ðððð,4
,4,good product price is also good for this price range,10
,4,nice i love it,4
,4,its is a good product and quality also good,9
,4,normally use in better,4
,4,awesome and cute product ððð,5
,4,ok but need to improve design and look,8
,4,nice product ill review after 1week use this cycle,9
,4,nice product vallu for money,5
,4,good in this range,4
,4,good quality nd price also good,6
,4,good product in small budget,5
,4,two products are super good and another one below average,10
,4,very good product,3
,4,very good com fast hiting need 2lper kettle,8
,4,happy with this product nice at this price range,9
,4,its looking good well plesent working,6
,4,looking small but nice product,5
,4,nice wall clock this price range,6
,4,very silent and powerful refrigerator from samsung,7
,4,product is goodbut miss the pusher in the packings,9
,4,watch was look so classy,5
,4,time being ok nw,4
,4,everything ok value for money,5
,4,looking good and stylish ð,5
,4,good for multipurpose household work,5
,4,nice quite satisfied,3
,4,good original product and fast delivery,6
,4,fantastic wall clock really love itð,6
,4,veary nice item,3
,4,good product more noise and heating soon,7
,4,good qualitylook royal watch,4
,4,its a nice speaker,4
,4,my friends u can purchase happily,6
,4,value for money,3
,4,good dilevary at times,4
,4,nice one but improve lite build quality,7
,4,product is ossom,3
,4,my daughter liked itð,4
,4,good nice product,3
,4,very nyc product,3
,4,i like it ð,4
,4,its very nice i like it,6
,4,very nice oii,3
,4,superb thanks for flipart,4
,4,best camera in low budget,5
,4,really have good product,4
166.0,4,good but its too big,5
,4,verry nice product,3
,4,best in the market value for money,7
,4,nice does heat the water in a short span,9
,4,good mobile in this rage,5
,4,the product is good but packaging is very bad,9
,4,need additional facilities like battery and bluetooth connection,8
2867.0,4,its best for students,4
,4,sound quality is very good,5
,4,nice but can be more better,6
,4,products is good,3
,4,good quality product,3
,4,pure camphor i like it,5
,4,nice product from flipkart,4
,4,well these clogs are impressive,5
1423.0,4,its a great phone best for your parents,8
,4,very good product,3
,4,sound quality is exelent super desine value for money,9
,4,good sound qualitybut bass is lil bit low,8
,4,best tab for students,4
,4,all over good,3
3280.0,4,very nice value for money,5
,4,yes it is good,4
,4,fast charging and value money,5
,4,very nice product,3
,4,very good product,3
,4,nice sound and superb product,5
,4,good productmust buy nice product by milton,7
,4,value for money,3
,4,really good buy,3
,4,prodect is nice,3
,4,superb but heating issue,4
,4,it s work so fast nice product,7
,4,nice and very low cost,5
,4,not upto the mark,4
,4,very good product,3
,4,good ð in flipkart,4
,4,very good product,3
,4,good product as it is shown at catalogue,8
,4,value for money,3
,4,its an amazing,3
,4,very nice product,3
,4,working good but made in china feeling guilty,8
,4,dish washing product see is good,6
,4,super nice wacth,3
293.0,4,excellent cooler happy with it,5
,4,best quality nice product,4
,4,nice but 8hars hot ok,5
,4,overall performance and design are good,6
,4,ok product size is small,5
,4,very must watch i am very very happyð,8
,4,minor heating issue but does the job,7
,4,very nice product looking good value for money,8
,4,very good product,3
,4,awesome very nice product,4
,4,good mobile phonebasic useful mobilenot use gaming mobile,8
,4,worthit good quality as sameshown by flipkart,7
,4,nice football at this cost,5
,4,very good watch i likeâ itð,6
,4,value for money,3
,4,value for money,3
,4,its small in size but its good,7
,4,over all good slim design fast charging,7
,4,very nice product,3
,4,except connectivity and mirroring issue rest feature are good,9
,4,awesome lovelyvery much fast heating,5
,4,value for money 4220,4
2267.0,4,i love this product,4
,4,best in this price,4
,4,item is very nice product service is good,8
,4,this product quality is good,5
,4,good product but it produce heat more frewuently,8
,4,nice productworth of money,4
,4,very nice ðð,3
,4,good but more expensive,4
,4,very good itam material was fabulous go for it,9
,4,too goodusing from 1yr,4
,4,very nice product thank you flipkart,6
,4,nice product in the price,5
,4,better but not best,4
,4,gud one for the price,5
,4,nice heating and low power consumption,6
,4,very good ð,3
,4,provide is good but delay delivery,6
,4,good to decorate,3
,4,one lare but overall product is good,7
,4,i didnt like the smell,5
,4,gud item good report,4
,4,it is good but only for mild winter,8
,4,as per the cost its very good item,8
,4,very good performance,3
,4,its really very nice product,5
,4,item is ok,3
,4,nice watch â,3
,4,very good nicecomfortable for sleep,5
,4,very good products must buy,5
,4,value for money,3
,4,it is good,3
,4,nice product but price is high,6
,4,worth to money lovely design good one,7
,4,good but finising not luxurious,5
,4,very soft and warm blanket,5
,4,dinner plates r small bt its good,7
,4,this is good product,4
,4,nice and beautiful product at a budget price,8
,4,nice my child was very happy,6
,4,product quantity is very good,5
,4,naice product muny for velyu products,6
,4,awasomeim fall in lovevalue for money,6
,4,good for this price,4
,4,good product ðð,3
,4,nice but didnt receive regulator for the fan,8
,4,so very nice rice cooking,5
,4,very nise nalla protect,4
,4,ya its a good product,5
,4,very good quality and fun to kick,7
,4,display is very good for study purpose,7
,4,realy nice quality also good,5
,4,good i like it,4
,4,thats a good product i love it,7
,4,very softthese cushion are really very soft and big ð,10
723.0,4,nice but could have been better,6
,4,good but size not proper,5
,4,very good product works great,5
,4,good product for small family,5
,4,its taking more time but it is very good product,10
,4,good product paise vasul product,5
,4,v good product i like this oven,7
,4,very good quality,3
,4,its nice product in this amount,6
,4,good product my wife like very much,7
,4,nice and strong product,4
,4,best machine in this price,5
,4,best quality milton,3
,4,happy with this order,4
,4,very nice product thanks to flipkart ðºð,7
,4,good product at this price,5
2656.0,4,its good in bachuer room,5
,4,quality according to rates is very good ð,8
,4,good quality product,3
,4,best mobile phone,3
,4,very nice ðð,3
,4,nice product ðð,3
,4,very good product,3
,4,tray is broken but overall awesome product,7
,4,very good according to price,5
,4,amazing products good quality,4
,4,nocei like it,3
,4,it was good deal and product is also awesome,9
,4,very good im so happyðððð,5
,4,nice watch better performance,4
,4,quality was ok,3
,4,after 4 month it is good,6
,4,good product ð,3
,4,good product deliverd product in particular date and time,9
,4,nice m happy,3
,4,worthy to buy,3
,4,quality is very good,4
,4,value for money ð,4
,4,its a too good product,5
,4,nice product n also pocket friendly ððð,7
,4,very good nice ð,4
,4,ok money worth,3
,4,at this price it really worth it,7
,4,very nice n soft it is worth for money,9
,4,very nice phone at this price,6
,4,super product i am very happy worth of money,9
,4,technical could be better than him,6
,4,its very useful for office or school time,8
,4,materials quality is very good and design also very stylish,10
,4,very good but bass only low overall performance good ð,10
,4,same as shown,3
,4,good fan value for money i am really happy,9
,4,product is good,3
,4,this watch quality is excellent and nice look,8
,4,very nice productvery good condition,5
,4,nice product beautiful dish super,5
,4,value for money,3
,4,product is good,3
,4,its really good quality i really liked it,8
,4,good router for a single home in best price,9
,4,this is good product,4
,4,nice productyou search for casual wearthis product for you,9
,4,nice product in this price,5
,4,that is awesome product,4
,4,nice looking use the all customer,6
,4,number one quality shuddh cotton,5
,4,nice product i am feeling cool,6
,4,amazing product worth every single penny,6
,4,good product overall,3
,4,smooth and nice,3
,4,no use milton flask,4
,4,good one for the price can try,7
,4,affordable âºïi like it,4
,4,this products is good quality,5
,4,very nice product,3
,4,thank you flipkart,3
,4,my iron please mistake,4
,4,good product thanks flipkart,4
,4,best quality but small in size,6
,4,its design and colour is excellent,6
,4,worth for money excellent product,5
,4,excellent product for me,4
,4,very satisfied with the product,5
,4,owsum product color same,4
,4,not authentic but working fine,5
,4,god is great ð product is not bad âºïð,9
,4,good product and good service for flipkart,7
,4,product is good,3
,4,nice and low cost best productin mi,7
,4,very nice ððððð,3
,4,super tq flipkart,3
,4,stylish good price but verry small,6
,4,great product good for keeping my books and stuffs,9
,4,very nice product,3
,4,nice 10 year warranty,4
,4,value for money but prints would have been more,9
,4,very good product,3
,4,good for the price,4
,4,write speed 20 mb per second,6
,4,quality is super size is good,6
,4,good and very comfortable,4
,4,it is okayi am using it since 1year,8
,4,good product timely delivery by flipkart,6
,4,awesome productloved it,3
,4,brand is always a brand suggested many,7
,4,works fine with mi a3,5
,4,sounds good super bass but remote not working,8
,4,i like it,3
,4,nice product value for money,5
,4,i love this,3
,4,best designbest qualitywith noof qty best buyvalue for money,9
,4,light weight good speed plastic body,6
,4,nice worki but not a super,6
,4,very light seeing good,4
,4,its a nice productð,4
,5,very nice product,3
,5,nice pillows worth of money,5
,5,good fragrance is oil,4
,5,good quality product,3
78.0,5,on time delivery received exact productthank u flipkart,8
,5,awesome product by inhalsa,4
,5,awesome product pure genuine leather and also value of money,10
,5,excellent products under1159 i just loved it,7
,5,value for money product,4
,5,very nice product,3
,5,very good service flipkart,4
,5,nice product ðð,3
,5,thats a good product,4
,5,amazing product under a huge discount,6
,5,very good products,3
,5,excellent flipkart service and excellent singer machine,7
,5,osm good product,3
,5,battery capacity sera quality fantastic ððð,6
,5,amazing worth buying at low cost go for itðððððð,9
,5,thanks very good,3
,5,great product to use,4
,5,work is first product is very best,7
,5,little and nice product fast delivery thanx flipcard,8
,5,very very beautiful productliked it very much,7
,5,very good productmudt buy,4
,5,very nice products,3
,5,outstanding productit is really cool and comfortable to wear,9
,5,very good product,3
,5,product works very silent and excellent with accuracy,8
,5,very nice product ðð,4
,5,i bought it less than 18999,6
,5,gud product in this range,5
,5,i like it âï,4
,5,doing its job just fine,5
,5,good writing speed and light weight value for money ð,10
,5,very excellent mi tv ð,5
,5,i like this product very much,6
,5,door mat was super and quality also super,8
,5,very good product ð thank you flipkart,7
,5,just loved the look and performance,6
,5,very good product,3
,5,its really awesome worth the money good quality,8
,5,delivery took time but the product is good,8
,5,very good product,3
,5,very good setup box very easy installation,7
,5,amazing i love itð,4
,5,tq so much flipkart,4
,5,perfect power bank,3
,5,must buyðð looks very amazing,5
,5,awesome productnice packing,3
,5,nice product thank you flipkart,5
,5,this is very nice this product is good,8
,5,very nice ð,3
,5,value for the money,4
,5,nice product ðkrupesh narayankhed,4
,5,worked fine in my hp704 cartage,6
,5,worth it value for money not disappointed,7
,5,classy one they r best fr giving giftssss,8
,5,my daughter always talking with it,6
,5,very good product,3
,5,perfect qualitynice deliverygood products,4
,5,very good productrate is reasonable,5
,5,nice product quality very good i love it,8
,5,nice product 2 month use,5
,5,nice product ð,3
,5,value of money,3
,5,very good product,3
,5,very nice product,3
,5,its good product and 89 hours tea is getting hot,10
,5,the product is good,4
,5,i liked this product,4
,5,value for money product,4
,5,very good productdont hesitatego for iti am fully satisfied,9
,5,vego good company i am happy,6
,5,good phone at this price,5
,5,flexible and bright go for it,6
,5,excellent quality easy to install thumsup,6
,5,bild quality performance is beautiful and value for money ðâï,10
,5,this product is amazing at this price range,8
,5,good but need give another bowl only one given,9
,5,nice valu for money,4
,5,very good product,3
,5,very nyc products,3
,5,nice and exlent supper service,5
2214.0,5,as expected from dell,4
,5,thermos quality is goodthank you flipkart,6
,5,just loved this and packing is mostly very nice,9
,5,it has a fine look,5
,5,best cooling nice model,4
,5,value for money ok this price range,7
,5,very nyc product but rate is very high,8
,5,the product is asome so nice,6
,5,very nice im very happy,5
,5,excellent product in this price ð,6
,5,nice product ð,3
,5,excellent product just sufficient for the family of 23 members,10
,5,good product liked it useful 1,6
,5,very gud product,3
,5,value for money,3
,5,its good product thank you flip kart,7
,5,gud must buy,3
,5,good product but battery not available,6
,5,good product in market with good price,7
,5,nicc thenks flikeart,3
,5,high tech ups with compact design,6
,5,nice one must buy,4
,5,best product in juicer,4
,5,as usual good,3
,5,very good product easy installation,5
,5,good football but loses air in little amount of time,10
,5,very nice product comfort,4
1593.0,5,nice cooler with proper cooling movable too,7
,5,very very good,3
,5,good product value for money,5
,5,its have to stretchedgood product,5
,5,nice product worth full,4
,5,superb quality thankyou so much,5
,5,awesome productgo for it ð,5
,5,very good quality and easily cut the sticks ð,9
,5,superb but re heating iis not possible,7
,5,daily use excellent product,4
,5,great product i just loved itâï,6
,5,perfect just as expected,4
,5,delivered without defect and arrived on timebest value for money,10
,5,very good productvalue for money,5
,5,is product good quality,4
,5,its very very useful,4
,5,very very good product v gaurd always best,8
,5,best quality values of money,5
,5,comfortable product ð,3
,5,very useful prdct tnx flpkrt,5
,5,nace its is a good producketwifi range its good,9
,5,i m sooooo happy âºïâºïðð,5
,5,beautiful and strong products,4
,5,really amazing product better than expected,6
,5,the product is very good,5
,5,thanks flipkart for help me in study,7
,5,awesome fragrancewas delivered within 1 dayhappyð thankyou flipkart ð,9
,5,i am happy,3
,5,thanks flipkart nice and beautiful dinner set again thanks,9
,5,really impresive awsome product 1719,5
,5,superb and very fast delivery,5
,5,product good thanks shopy,4
,5,go for it reduce your work load,7
,5,good one in the price range,6
,5,very good bass and sound value of money,8
,5,best in the market,4
,5,super fast charger ðððððð,4
,5,very good condition,3
,5,super sound bess quality,4
,5,quality was good and on time deliver,7
,5,nice love must buy,4
,5,good and smooth watch,4
,5,love that product well and good with this price ðð¼,10
,5,very good sound,3
,5,good quality light weight and price see a good product,10
,5,good quality assurance,3
,5,good product and good service,5
,5,very very good quality,4
,5,apples most value for money product,6
,5,very usefuleasy to stitch im happy with this machinethanks flipkart,10
,5,good quality and this is for winter season,8
,5,good product original,3
,5,good product ð,3
,5,thnx flip kart for dis awesome product ð,8
,5,product is good worth it,5
,5,super product in this price,5
,5,i loved it thank u fk,6
,5,same as expected,3
,5,awesome product worth for money,5
,5,best coliti best products,4
,5,very good soundbar loudly proudly made in india,8
,5,installation done in time good,5
,5,thats great wonderful amezing,4
,5,nice products and colour,4
,5,overall nice product,3
,5,very good product,3
,5,product is nice and smooth working,6
,5,good product must bye,4
,5,excellent product really love this blue color ðâ,8
,5,best products value for money,5
,5,much satisfied with design cloth and size,7
,5,nice machine very useful,4
,5,thats watch was very goodðthis watch helped me ðððððððððð,9
,5,product is very nice,4
,5,awesome product quality was impressive,5
,5,awesome machinehelps very much in day to day life,9
,5,my mom love it,4
,5,great product loved it,4
,5,excellent tool for chopping shredding vegetables slicing is very thin,10
,5,value for money,3
,5,bedt item nd for good,5
,5,very good product,3
,5,its very nice to look,5
,5,awesome product really worth your money,6
,5,good for small family,4
,5,all of them best,4
,5,nice product i am fully happy,6
,5,super quality value for money its good product,8
,5,super and nice pursue,4
,5,nice cycle ð²ðððððððð,3
,5,osm product i am happy thx,6
,5,nice product and delivered right time,6
,5,nice product really impressed highly recommended,6
,5,nice phone ñ,3
,5,good quality and installation people were very nice,8
,5,gr8 product from motorola âï i love it,8
,5,overall good experiencenice product,4
,5,super loved a lot ð,5
,5,superb ipadin such price,4
,5,best product ð,3
,5,100 original charger charging speed is awsm,7
,5,good satisfied with the product,5
,5,vry good iteam,3
,5,great it was awesome for my room,7
,5,i liked the product,4
,5,very good quality,3
,5,i like the product thank you flipkart,7
,5,nice product vera level ð,5
,5,super one less cost much benefit,6
,5,very nice product by google,5
,5,osm value for money,4
,5,awesome ð i like it,5
,5,awesome sound quality and heavy bass just loved it,9
,5,excellent product ððð,3
,5,its awesome go for it,5
,5,very good quality and lite,5
,5,very nice product,3
,5,excellent served the puepose,4
,5,good but not perfect,4
,5,very good product and i am happy know,8
,5,good quality sturdy product,4
,5,good flask ððð,3
,5,nice sound this is best product,6
,5,good product ðð,3
,5,so wondeful item,3
,5,very good product,3
,5,nice basss ðððððð,3
,5,is si good,3
,5,very good and nice product,5
,5,very good in use mindblowing products,6
,5,just what i was looking for,6
,5,looking very nice and quality also good,7
,5,perfect product for those who is a first time user,10
,5,worth the money best product,5
,5,nice product but little expensive,5
,5,so nice you can buy it,6
,5,very best sound quality,4
,5,i gave five star rating for this productgood one,9
,5,good product delivered,3
,5,awesome productgo for it,4
,5,very very good,3
,5,super product good quality,4
,5,love this ð,3
,5,very very comfortable,3
,5,v v v v nice,5
,5,great deal thanks flipkart,4
,5,apple is as always very reliable and best in performance,10
,5,nice product good quality,4
,5,must buy it you find result with in 5 days,10
,5,its a really useful product ððð thankyou flipkart,8
,5,super bassbut sound low love it âð,7
,5,good product go for it,5
,5,best brand and quality product by mama earthwe like it,10
,5,its brilliantsound quality superalso bass is lovely,7
,5,very nice product,3
,5,thank u awosome led light and amazing speed,8
,5,best purifier available in market value for money,8
,5,excellent product for me thanks flipkart,6
,5,i am happy to buy little stuff ð,8
,5,over all nice,3
,5,so niceexcellent delivery service,4
,5,very nice table and afortable price as customer wise,9
,5,nice cushions good meterial,4
,5,good on quality nice design,5
,5,just awesome thanks flipcart,4
,5,the quality is too good i love this product,9
,5,very good product i am so happyð shame as shown,10
,5,its really very very comfortablesuperb,5
,5,awesome quality great product go for it without any doubt,10
,5,superb go for this guys,5
,5,osm dinner set,3
,5,heavy packing and materials is also good,7
,5,awesome best quality,3
,5,best at this price range ðð,6
,5,super qwality chala bagunavi,4
,5,gud servicedelivery on timethanx flipcart product also gud,8
,5,very nice product,3
,5,good for money,3
,5,it is very useful and working in good condition,9
,5,nice product really flipkart awesome,5
,5,nice product working good,4
,5,nice product ðððð same images ð,6
,5,its a great product for simple photoshoot,7
,5,very good product,3
,5,very good product,3
532.0,5,good product thanks for flipkart thanks delivery boy,8
,5,very good productð,3
,5,mind blowing purchase must buy,5
,5,very nice mobile and delivery boy very good behavior,9
3154.0,5,this is a very nice product and,7
,5,best laptop in this range,5
,5,good product thank u realme,5
,5,good productprice is very low for compare than other companies,10
,5,good decision if you are taking this lovely product âââââ,10
,5,go for it,3
,5,received in a good condition and fresh stems,8
,5,very good qualityi love it,5
,5,i like this product,4
,5,good all ok,3
,5,very nice product,3
,5,value for moneygood design,4
,5,good quality product,3
,5,good quality and value of money,6
,5,i love it,3
,5,good and durable,3
,5,good product if u like the size,7
,5,best for baby,3
,5,good marq otg very good and value for money,9
,5,fully automatic i loved it,5
,5,nice so beautiful product,4
,5,best good product,3
,5,nice very good,3
,5,thanks for flipkart ððð,4
,5,hmmvalue for money,3
,5,awesome product nothing 5o complain does the job exceedingly well,10
,5,good producteasy to use for beginners,6
,5,very nice product at nominal cost,6
,5,very effective spray and quality is also good,8
,5,love the qualitymust buy ðððð,5
,5,material is soft and looks exact like picture,8
,5,excellent product blindly go for it,6
,5,its very good product,4
,5,good and excellent working,4
,5,product is really good and helpful,6
,5,nice product bt do not demo,6
,5,nice for home use,4
,5,very nice i am so happy,6
,5,very good product,3
,5,very good product,3
,5,nice design and nice working in machine,7
,5,good very beautiful âºï,4
,5,hight speed date transferring hdd,5
,5,best sound bar in this price range go for it,10
,5,little bit of small size otherwise very good,8
,5,very good product,3
,5,best in the price,4
,5,beat deal thanks flipkart,4
,5,this is amazing,3
,5,good quality and looks gud also,6
,5,nice product ð,3
,5,love it ððð,3
,5,nice product thanks flipkart,4
,5,nice but ram 350 gb,5
,5,great and good product and original i am happy,9
,5,good support for work outs,5
,5,nice product i loved it,5
,5,very good product perfectly delivered,5
,5,i like very much super ð ð,7
,5,super soft and comfy,4
,5,its is above awesome ð,5
,5,very nice strong,3
,5,nice cycle good to goð,5
,5,happy with this product âºïð,5
,5,vare nice ø,3
,5,very good quality,3
,5,very nice ðððððððð,3
,5,berry good product for collage student,6
,5,very nice product ððð,4
,5,i love the product,4
,5,pure cotten bed sheet,4
,5,very nice it fitted me great,6
,5,good quality round neck maroon tshirt,6
,5,very useful product âºïâºïâºï,4
,5,very good cycle,3
,5,parfect clean floor,3
,5,simply awesome product and i strongly recommend to purchase,9
,5,absolutely right choice,3
,5,nice product value of price,5
,5,awesome product fast delivery,4
,5,thanks ð filipkart,3
,5,nice product ð i am very happy,7
,5,spacious and can bear heavy and bulky books,8
,5,nyc product and goodð quality,5
,5,the best 8n this range thanks flipkart,7
,5,super accha hai value for money,6
,5,this is second purchase of this product paisa wasool product,10
2612.0,5,good product ðð,3
,5,very good product,3
,5,very good i am happy,5
,5,cooling system is very effective it cool it in seconds,10
,5,thats very good product very very nice clothes,8
,5,budget friendly and perfect working,5
,5,very good productgo for it,5
,5,so nicely workingi am using it since 4 month,9
,5,very good product i m very happythank you flipkart,9
,5,one of the best quality thank u flipkart,8
,5,its better worth of money ðð,6
,5,nice excellent øøø,3
,5,excellent products thank you flipkart,5
,5,v happy loved it,4
,5,nice packageingnice build qualitynice product,5
,5,very good and awesome,4
,5,super but i want to test for some time,9
,5,insulation demo ok ganesh,4
,5,nice product good,3
,5,chanceless priceworth of buying this items,6
,5,product not much more good,5
,5,very useful product my old photos collect panker,8
,5,good sound guality,3
,5,value for money product,4
,5,very good my daughter is very happy,7
,5,very good product,3
,5,very good quality,3
,5,very free 2 use go for it,7
,5,it is a good product,5
,5,great yr easy to use,5
,5,awosome productvery good qualitybut dilivery too lateits ok,8
,5,i am happy,3
,5,small and cute,3
,5,good quality and product,4
,5,good product nice valuble for money bachelors needful this product,10
,5,nice delivery and item,4
,5,this keyboard is completely awesomesuperb smooth to use hpâï,9
,5,nice good product in this price,6
,5,sooo small and cute,4
,5,very good product genuine product and quality,7
,5,very nice product,3
,5,i love it,3
,5,nice product picture quality is good,6
,5,this is very good product,5
,5,super product with reasonable cost speed cooking recommended,8
,5,i does its job well,5
,5,very good quality patches thanks filpcart,6
,5,im happy good product thank you flipkart,7
,5,its amazing to use,4
,5,light waight nice bottle,4
,5,very soft cushionsmust buy it,5
,5,excellent product by cannon,4
,5,the product is very nice it is op,8
,5,best ever product in this price range,7
,5,very very very excellent product,5
2562.0,5,just quality improve outher wise it s well product,9
,5,nice product good quality,4
,5,best buy good product,4
,5,great quality products indeed fragrance is nice like it,9
,5,as per price its good,5
,5,best in budget,3
,5,product is very beautiful and good quality,7
,5,good product but please check the quality,7
,5,itâs very super nice,4
,5,good choice for home usaging,5
,5,very good quality ð,4
,5,nice product ð really ð,5
,5,very good table strong,4
,5,very nice for home,4
,5,product is nice,3
,5,good quality âºï thanks flipkart ðð,6
,5,average good product,3
,5,very good fabric is upto expectations,6
,5,quality products with suitable price,5
1215.0,5,it is a good cooler at a affordable price,9
,5,v nice serum,3
,5,its really good ð,4
,5,good for below rs500,4
,5,best of all seeds,4
,5,very good quality,3
,5,good and affordable price,4
,5,super memory card,3
,5,best phone at this price,5
,5,very good productð,3
,5,nyprodect weight gain,3
,5,superb i saw the clear result from my first use,10
,5,good finishingbut material wise i cant give 5 star,9
,5,product is too good just appropriate for normal household use,10
,5,super thank you flipcart,4
,5,nice product and good service,5
,5,thanks very good sarvesh,4
,5,awesome product thank you flipkart amazing service,7
,5,value for money abundant wind from wings,7
,5,very powerful product very nice,5
,5,must buy highly recommend,4
,5,value for the money suprb,5
,5,very comfortable alot noisy but a great product,8
,5,this is the strong product for summer days,8
,5,product is very good,4
,5,its good as i expected,5
,5,this is a good product,5
,5,very nice product,3
,5,super product im soo happy ð thank you,8
,5,good quality product,3
,5,like it value for money healthy liquid,7
,5,super value for money,4
,5,good in this price range,5
,5,awesome mahadev ðhar har mahadev ðð¼ð,6
328.0,5,camera quality is good,4
,5,it is good product,4
,5,am so much happy for this product,7
,5,nys prodect bt delivere is too late instales also late,10
,5,this product is very powerful and very nice,8
,5,value for money,3
,5,super materiallooking expensivethanks flipkart,4
,5,good product got it delivered on time,7
,5,superb all seeds germinate with in a week love it,10
,5,same as product i love it ð,7
,5,vry good ð,3
,5,very nice product,3
,5,pretty great alot better than alexa,6
,5,very good quality,3
,5,awesome productluv you miviâïâï,4
,5,very good product,3
,5,its futuristic and super stylish working nicely awesome performance,9
,5,just wowbest quality value of money,6
,5,nice product quality ok,4
,5,very nice product as expected the product was came,9
,5,good to go,3
,5,very nice ð,3
,5,good product fast deliveryâïâïðâïâïð,4
,5,good qualitywith bulbvalue of moneythank u flip kart,8
,5,very nice product value of money love iteasy to useð,10
,5,very good products,3
,5,nice product âïðð have,4
,5,very good productplease upload video using metod,7
,5,awsome i love it,4
,5,stylish and comfortable loved it,5
,5,very good ð,3
,5,really nice in quality,4
,5,ai am satisfiyed with foot ball must buy,8
,5,very nice product,3
,5,go for it,3
,5,great product with great delivery thank you flipkart,8
,5,awesome quality and original product,5
,5,delivery boy is good,4
,5,worth of money,3
,5,nice very long sized,4
,5,very nice watch,3
,5,good product thank you flipkart,5
,5,i very happy with the product,6
,5,good quality product ððð,4
,5,good quality cushion,3
,5,this ball is very bouncing,5
,5,worth the money,3
,5,nice product and good quality,5
,5,mind blowing adaptor superb flipkart,5
,5,perfect ones must buy,4
,5,machine is running fine,4
,5,very good product,3
,5,its a valuable and worthy product,6
,5,very good thanks,3
,5,nice experience ÿ thanks,4
,5,nice lookand comfortable in riding,5
,5,a good product âºï i am very happy,8
,5,thanks flipkart ðð,3
,5,performance is far better than expected loved it ð,9
,5,mini wallet ð,3
,5,very good simple product,4
,5,i love it â,4
,5,good product help to decrease the knee pain,8
,5,its very nice and his price is also too good,10
,5,very nice product,3
,5,this is to good you can buy it,8
,5,good shoes this price range7 star,6
,5,starting kit is not attached,5
,5,good product for juice r,5
,5,looks sturdy enough,3
,5,good looking and best in price,6
,5,super product fast delivery from flipkart thanks a lot,9
,5,nice and strong,3
,5,value for money,3
,5,its really good ð,4
,5,this product is very good,5
,5,the original product,3
,5,very good product,3
,5,very very good microwave,4
,5,value for moneynice producti am happy,6
2200.0,5,i am very satisfied this product and cost too,9
,5,product is good and worthy,5
,5,nice product ð,3
,5,slightly costly but its good,5
,5,good product and value for money,6
,5,good product for money,4
,5,good product thanks flipkart,4
,5,good but the battery is missing,6
,5,good seed germination ði m so happyð,7
,5,best is the tea,4
,5,super powerful grinder from prestige,5
,5,good product nice,3
,5,its good product,3
,5,amazing product by flipkart good productfast delivered,7
,5,i love this tv ðº awesome thank you xomi,9
,5,super blue colour is the best,6
,5,excellent washing machine ð,4
,5,thank you flipkart cool product,5
,5,good product with reasonable price,5
,5,nice working designing super value of money thank you,9
,5,simple and perfect,3
,5,great and useful product,4
,5,excellant product ððððð,3
,5,nicely grinding a juice,4
,5,very good quality product,4
,5,good product in this range,5
,5,very good productgood servicethanks flipkart,5
,5,amazing the tube light was not included but ok done,10
,5,thats comfortable with style thank you,6
,5,i am super happy with this product,7
,5,best sound quality and there is a bluetooth connection issue,10
,5,must buygood performers,3
,5,nice quality ððð,3
,5,nice product it gives true speed in budget,8
,5,this is awesome,3
,5,just wow a1 quality and must for whoever seeing this,10
,5,excellent product and excellent installation,5
,5,good productworth for money,4
,5,heavy and good for books and anythingððð³ð³ð³,7
,5,very soft and stylish,4
,5,excellent pro active service,4
,5,very good quality frame rim colour finishing accessories,8
,5,i love this product this is great,7
,5,nice value for money,4
,5,very good product,3
,5,product is excellent,3
,5,thanku filkcart good packing,4
,5,very nice product and service thanks flipkart ðð,8
,5,very nice product,3
,5,tq flipkart it is amazing ð,6
,5,wow its great item,4
,5,very nice packing the product works,6
,5,its looks good,3
,5,it was awesome product for this priceâï,7
,5,amazing product and very good packing,6
,5,nice but small size,4
,5,worth of money,3
,5,im happy is good product,5
,5,very good behaviour,3
,5,good quality nice product,4
,5,super quality price valuequality soft,5
,5,nice product thanks flipkart,4
,5,very good product,3
,5,nice and good behave dilivery boy,6
,5,i like butterfly good product,5
,5,best in all,3
,5,quality is very good,4
,5,i like the clarity of sound,6
,5,good product love it,4
,5,i wanna to say just go for it ðâï,9
,5,very useful great product on this range must buy,9
,5,very good product,3
,5,very good fabric and design and size,7
,5,very smooth tshirt,3
,5,best wrist wraps at best price got it for 99,10
,5,best product result after 1 month,6
,5,good quality nice overall,4
2198.0,5,value for money monitor with ips panel,7
,5,does the job go for it,6
,5,nice product good fitting,4
,5,very nice i like it thank you very much ð,10
,5,great and awesome quality,4
,5,i am happy,3
,5,nice product good working thanks flip kart,7
,5,thank you flipkart,3
,5,haire made this great product value for money product ð,10
3361.0,5,awsm product very good quality,5
,5,good product in this price,5
661.0,5,good quality and delivery service very good thanks flipkart,9
,5,verry good product,3
,5,worth buying value for money excellent quality,7
,5,good but no bag,4
,5,affordable cost and efficient working,5
,5,verry nice and good,4
,5,wonderful product u can go without any research,8
,5,quality of product good,4
,5,good product value of money ðð,6
,5,the coat was amazingmy father loved itmust buy,8
,5,overall a good product,4
,5,delivery boy very good,4
,5,i am happy ðððð,4
,5,my skin so softly,4
,5,super quality dinner set,4
,5,very good product,3
,5,very nice product for only study parpas,7
,5,good looking nice product,4
,5,nice cargo pants,3
,5,nice but insurance card is not given,7
,5,value for money ðð,4
,5,this is the gaming laptop âïâïâïðððððâïâïððððððððððð,6
,5,value of money,3
,5,very good product at this price range,7
,5,best quality otg in the marketreasonable price,7
,5,its nice loved the product,5
,5,good i like,3
,5,nice product but late delivery,5
,5,good for gaming,3
,5,amazing producti like it,4
,5,very good product ð,4
,5,good product excellent support by flipkart social media team,9
,5,works smoothly must try,4
,5,just amazing ð,3
,5,nice product thanks flipkart,4
,5,power full motorlow noisego for it,6
,5,very nice ð,3
,5,its a genuine problemworks fine for my skin,8
,5,nice and strong quality product as using,7
,5,i love this cream,4
,5,nice product light weight smooth riding,6
,5,very good product,3
,5,very perfect product for studying purpose,6
,5,awesome product ððð½anyone can buy this without doubts ðððððððð,9
,5,its really good product,4
,5,beautiful as shown in the picture,6
,5,very good product in this range,6
,5,top quality best product,4
,5,nice product and low price,5
,5,ok for the price tag,5
,5,its amazing i love it,5
,5,it is too good and value for money,8
,5,im happy very good cargo pant quality best design super,10
,5,superb product but pathetic brand and flipkart after sales supoort,10
,5,all is well,3
,5,its good quality is best value of money,8
,5,value for money,3
,5,best product for kitchen,4
,5,v nyc products,3
,5,it is a good product value for money,8
1283.0,5,good product nice cooling,4
,5,value for money,3
,5,go for it worth d money,6
,5,very nice product dont mind the wrong comments vgood product,10
,5,good very useful,3
,5,awesome productsatisfiedfair price,3
,5,book shelf v nice,4
,5,nicequality is goodyou can buy for giftcomes with a box,10
2518.0,5,its good to use,4
,5,awesome delivery and awesome i pad,6
,5,its really pure sine wave inverter,6
,5,its just a amazing phone ñ,6
,5,very good product,3
,5,very nice product and super speed,6
,5,very nice one,3
,5,very very nice blanket i loved it,7
,5,very nice thankyou flipkart,4
,5,excellent watch ðso i ordered 2 watch,7
365.0,5,very very nice product,4
,5,very good product yes you buy,6
,5,in this rate it was osm go for it,9
,5,product is good ð,4
,5,very easy to use and worth the price,8
,5,bahot i badiya seeds value for money,7
,5,very useful product,3
2219.0,5,awesome product full hd screen 24 inch colours is bright,10
,5,very nice clothes,3
,5,very good quality looking beautiful ð,6
,5,value for money,3
,5,product quality is very good but size small,8
,5,the product is so good,5
,5,value for money,3
,5,100 good quality,3
,5,looks very beautiful,3
,5,very nice ð good,4
,5,same as picturebeautiful,3
,5,cheap nd bestâï,3
,5,its quality is good,4
,5,good product clear voice sound ðð,6
,5,amazing i love it,4
,5,thank you for watch,4
,5,very nice product,3
,5,very nice ball,3
,5,nice cloth but size small,5
,5,nice bahut pyar h thank god bless you,8
,5,value for many product at this price range,8
2070.0,5,i like it,3
,5,good quality products,3
,5,very nice go for it,5
,5,just awesome âï must buy ððð toooooo good,8
,5,very happy with the product,5
,5,very good products including money,5
,5,its a awesome and very good quality,7
,5,best quality under this price,5
,5,very good product thanks flipkartð,5
,5,material quality is good thank you flipkart,7
,5,nice thermosteel product,3
,5,its good product ðð,4
,5,nice and genuine product satisfied with the purchase,8
,5,good but somthing dought,4
,5,good product and value for money,6
,5,i liked it perfectly suits for my requirement,8
,5,very nice product worth for money,6
,5,nice product sound effects good value for money,8
,5,very nice and useful,4
,5,very goodthis watch is so comfortable,6
,5,awesome chimney best value,4
,5,good product very soft,4
,5,original product thanks flipkart,4
,5,washing is good except for some hard strains,8
,5,super good product amazing,4
,5,nice amazing product,3
,5,i love itworking perfectly without any problem,7
,5,looking superb fantastic got in only rs2250working very good,9
,5,very good product ð,4
,5,simply superb i am so happy thank you flipkart,9
,5,i am happy,3
,5,best charger i got,4
,5,good quality products,3
,5,awesome product affordable price,4
,5,quality is a best,4
,5,its a amazing running machine,5
,5,over good product as compared to other conventional brand,9
,5,very good procrcer,3
,5,nice quality of plants,4
,5,best product ð,3
,5,super super very nice flipkart,5
,5,it works perfectly,3
,5,its soo beautifulâïð,3
,5,nice product in less price,5
,5,chief and best places bought this product,7
,5,very nice product,3
,5,so beautiful âï,3
,5,its completely worth i like the one,7
,5,nice one product is as in image,7
,5,very good product,3
,5,its taste is just awesome,5
,5,mind blowing ð,3
,5,every parts n processor is okn working best too,9
,5,awesome product just go for it value for money,9
,5,expected as in size and good looking,7
,5,best product with best price range,6
,5,very nice product,3
,5,products is very goodð,4
,5,very good âïâïâï,3
,5,very good product,3
,5,best material best fetting,4
,5,nice harddisk fast loading,4
,5,excellenti recommend to purchase this productsuper fast processing,8
,5,very nice product,3
,5,excellent and value for money,5
,5,nice product thank you flipkart,5
,5,its excellent product,3
,5,good product and service,4
,5,awesome i like too much,5
,5,very good car,3
,5,same as shown pic thnx flipkart,6
,5,very good tv for this price range,7
,5,very nice products,3
,5,best disine and best for ambren but price is high,10
,5,lovely camera ð,3
,5,just go for it quality is perfect,7
,5,this watch â is good tq,6
,5,very good product,3
,5,very very worth for money,5
,5,rsnound product in reasonable price,5
,5,its very good,3
,5,my best laptop ever its absolutely amazing,7
,5,good but let me see for some more days,9
,5,so beautiful âïâïðð,3
,5,super dabulu ku viluva,4
,5,it is very useful for boil water,7
,5,i am satisfied,3
,5,excellent purchase thnx,3
,5,nice hair oil,3
,5,value of moneygoood product,4
,5,very satisfied thanku flipkart fir this awesome study desk,9
,5,good for this price,4
,5,happy to got it,4
,5,superb cool hot nore than 24hrs,6
,5,good charging good product good qualitybest product,7
,5,excellent for flat,3
,5,nice product ð,3
,5,thank you flipkart,3
,5,perfect choice for dust cleaning instantly,6
,5,happy with it âï,4
,5,very nice products quality awesome,5
,5,ink so well,3
,5,original product âï,3
,5,liked it nice one,4
,5,very good quality,3
,5,worth buying awesome product,4
,5,very nice ð,3
,5,very good quality great stitch,5
,5,best quality of this product super dupper osm i âit,10
,5,does its work properly only for heating purpose fully satisfied,10
,5,exilent supar dupar ok,4
,5,like this products,3
,5,nice best gift to your child,6
,5,very nice product i loved itso beautifulð,7
,5,my kid liked it a lot,6
,5,very very very good creme incomparable with others,8
,5,same as shown very nice,5
,5,very useful product loved it,5
,5,great deal at this price range,6
,5,really nice product thank you flipkart thank ððððððððððððð,8
,5,product nice ð,3
,5,awsome product from flipkart,4
,5,superb product free channels for life time,7
,5,nice i am happy,4
,5,good productlove its,3
,5,item was poor,3
,5,awesome good quality,3
,5,very good quality,3
,5,the remote is working very well good product,8
,5,best quality ligiting design awesome,5
,5,very good nice ð,4
,5,good product and installation,4
,5,good product quality worth for cost,6
,5,very good febric n bedcover quality n desing also,9
,5,very nice product,3
,5,amazing mop and very nice quality easy to use,9
,5,just go for it,4
,5,nice product i strongly recommend this product,7
,5,gud experience with filpkart,4
,5,good product ð value for money ð,7
,5,its too goog for small family,6
,5,awesome productthanks flipkart âïâï,4
,5,very nice product 24 hrs,5
,5,i am happy nice product,5
,5,value for money ð,4
,5,it really very worth for money,6
,5,vary nice product,3
,5,very nice producti am happy,5
,5,i love it,3
,5,very nice products ð,4
,5,excellent product with the price âºï,6
,5,value of money,3
,5,the product is so prettydont waste time order it quickly,10
,5,good prodact â,3
,5,ideal for a small room totally worth it,8
,5,best item i purchased,4
,5,usefull product very nice ð,5
,5,good for hostel days,4
,5,best cycle for riding ðâ,5
,5,very nice value for moneu,5
,5,watch received in working conditionwatch is excellent looking premium,9
,5,awesome wallet wonderful,3
,5,nice bottle without leakage,4
,5,very good milton brand,4
,5,fast delivery excellent service thank u mi flippant,8
,5,nice product ððððððð,3
,5,nice product ððthank u filpkart,5
,5,8 hours after hot milk,5
,5,quality is good worth a buy,6
,5,good for a gift item,5
,5,fantastic product it is ââ,5
,5,the best quality,3
,5,good working value for money,5
,5,light weight500ml is sufficient for single user,7
,5,v good product,3
,5,very nice watch good luck,5
,5,same as shown,3
1160.0,5,phone working is very good,5
,5,very good product,3
,5,nice product delivery on time offordable price,7
,5,super very nice tv,4
,5,once again thank you so much flipkart âï,8
,5,very good product no problem till now,7
,5,good fan this price,4
,5,super producti like it,4
,5,very nice product i like itðð,6
,5,good fartilizar thanks flipkart,4
,5,good and love it,4
,5,so nice loved it highly recommend,6
,5,good product battery backup is super,6
,5,its just awesome ð,4
,5,thank you flipkart,3
,5,perfect choice i made,4
,5,nice i loved it,4
,5,as a biggener its too good,6
,5,superb product at low price and working is awesome,9
,5,it is so so so nice,6
,5,perfect for work from home,5
,5,nice product no insect were left in my garden,9
,5,super product go for it with out any hesitation,9
,5,good product i like it,5
,5,verey good ð,3
,5,very good product thanks e kart,6
,5,excellent product value for money,5
,5,very cutenice quality,3
,5,nice product quantity and value,5
,5,i love it perfect performance,5
,5,i really liked the order,5
,5,cycle is a best for cycle tyre tal,8
,5,high quality product,3
,5,good product ð thanks flipkart,5
,5,value for money nice watch,5
,5,good productgreat deliverythank you flipkart,5
,5,very good product,3
,5,amazing blazer too good quality,5
,5,good quality product,3
,5,thank you flipkart,3
,5,nice product good fabric,4
,5,best saund collety,3
,5,i loved it very impressive,5
,5,very nice product,3
,5,nice product flipkart flipkart,4
,5,very good and easy to stitch,6
,5,good product excellent support by flipkart social media team,9
,5,excellent product by flipkart,4
,5,very nice product,3
,5,super product all functions okay,5
,5,nice on this price,4
,5,good n comfortable,3
,5,good all ok,3
,5,nice batquality is good,4
,5,it is just amazing ðâ,5
,5,very good product,3
,5,i am satisfied with hindware,5
,5,awesome super vooce,3
,5,good quality product,3
,5,very nice productgo for it,5
,5,classy product at low cost thnks flpkrt,7
,5,my remote got demage,4
,5,very good product,3
,5,nice one as shown as picture ð,7
,5,really good with this price,5
,5,osm package and beautiful delivery,5
,5,i loved it,3
,5,very good product,3
,5,buityfull proudect and good quility,5
,5,coiling is the bestðððððððððððð,4
,5,its such a wonderful product,5
,5,its a very nice product love it,7
2300.0,5,very good product,3
,5,nice product ðð,3
,5,i like it very nice product,6
,5,ultimate value for money,4
,5,very very good product,4
,5,very nice ð,3
,5,very nice ðð,3
,5,very good product,3
,5,good quality ð,3
,5,very nice mixer grindervalue for money,6
,5,very good product in this range,6
,5,very nice bedsheet,3
,5,osm product in this priceð,5
,5,nice product for kitchen good working,6
,5,superb worth for money,4
,5,very easy to assemble and good for books storage,9
,5,nice and gud one by this pricejust awesomeððâïâïmust buy,9
,5,owsem quality thanks flipkart ð,5
,5,very good product ð,4
2291.0,5,very good product,3
,5,nice product very powerful motor,5
,5,very nice milton,3
,5,beautiful and bright value for money,6
,5,excellent value for money,4
,5,awesome keyboard ðâï,3
,5,best in market,3
,5,fantastic ðð but battery ð not add,7
,5,good i am satisfied before timely delivered,7
,5,best product in the miltonthanks flip cart,7
,5,its so goodand it deliverd me safelythanks flipcart,8
,5,happy with this product with reasonable price,7
,5,osm like as a premium quality,6
,5,awesome product with slighty disappointing battery performance,7
,5,very useful for me,4
,5,it is very useful,4
,5,value of money,3
,5,very good product ðð,4
,5,got at very competitive price smooth delivery excellent performance,9
,5,perfect and very impressive i like it,7
,5,beautiful bedsheet go for it,5
,5,go for it,3
,5,good quality with gr8 colours,5
,5,awesome product go for it love it,7
,5,excellent quality value for money,5
,5,all is nice,3
,5,very helpful for indian kitchen company services is also good,10
,5,good for pooja long time brun,6
,5,product is very good,4
,5,thank you flipkart its great,5
,5,it is very good product it is so helpful,9
,5,its really good,3
,5,i love ð it,4
,5,this product is very very good ððð,7
,5,very good product i recommend for all,7
,5,very good product,3
,5,good fan in this range value for money,8
,5,amazing bed sheet,3
,5,this is good product,4
,5,thank you nice table goodð,5
,5,very nice product,3
,5,wow really super product motor sound very slow smooth,9
,5,value for money amazing performancego for it,7
,5,nice everything is good satisfied with the product,8
,5,performance like butter ðâðâïone time investment only,7
,5,very good product value for money,6
,5,such a nice table tq flipkart,6
,5,very good product,3
,5,nice for childrengood product,4
,5,thank you flipkart nice product thank you,7
,5,good charger for pixel 6a,5
,5,sound is in lower side otherwise all thing super,9
,5,its very comfortable,3
,5,good product very use full,5
,5,a nice product and looks feels premium value for money,10
,5,very good quality and comfortable,5
,5,super power work,3
,5,great great productstnks flipkart,4
,5,nice quality perfect fittingsatisfied,4
,5,superb awesome excellent,3
,5,very good product quality,4
,5,very nice product,3
,5,best laptop under 50k,4
,5,very nice and beautiful product,5
,5,nice quality as shown in picture,6
,5,nice product in 849rs thanks,5
,5,amazing product the range the build everything is just perfect,10
,5,good qualityðthanku flipkart,3
,5,goodall key working,3
,5,very nice product very useful and good qualityoriginal product,9
,5,i love this,3
,5,worth for money very helpful in this lockdown,8
,5,very good product like this ok sir thanku,8
,5,nice productlove it,3
,5,extremely satisfied with the technicians servicevery good professional,8
,5,thanx to my beloved hubby for gifting this,8
,5,its would be more better its ok product,8
,5,good product no damages,4
,5,so happy its beautiful,4
,5,good productthanx to flipkart,4
,5,good quality memory,3
,5,very good product delivered,4
,5,thank you google and flipkart no 01 product,8
,5,go for it very good quality product by brand milton,10
,5,nice blanket with fur,4
,5,it look nicei love it ðððð,6
,5,good for beginners easy to use,6
,5,i am happy ððð,4
,5,very nice product thank you flipkart,6
,5,good mobile at this budget and better than poco c3,10
,5,very good thank you flipkart,5
,5,look nice but size small ok,6
,5,very good product,3
,5,must buy it,3
,5,perfect to fit,3
,5,nice camera video graphic photography,5
,5,very nice product,3
,5,very good thank you flipkart,5
,5,nice impressive ð,3
,5,nice product i m happy ð,6
,5,very good product,3
,5,nice product and good delivery,5
,5,nice product âïâïâïâï thanks you flipkart,6
,5,very good âºï,3
,5,very good products,3
,5,very very good,3
,5,superb cooking and fast cook,5
,5,nice cargo pant,3
,5,value for money,3
,5,good service and nice delivery boy behaviour,7
,5,amazing productvery nice,3
,5,i am very very happy for this product,8
,5,so nice super,3
,5,very good kwaliti,3
,5,good product in this range,5
,5,best watch value for money ð,6
,5,quality is good,3
,5,thank you flipkart,3
,5,great material will purchase once more,6
,5,very good product,3
,5,nice product milton,3
,5,love this product n colour âï,6
,5,very good condition,3
,5,good purchase ðð,3
,5,nice productbest sound quality,4
,5,gd product and best quality,5
1929.0,5,worth for money,3
,5,attractive products super quality matterial is also good,8
,5,nice product useful,3
,5,best comfortable onenice product,4
542.0,5,got it for 7200 value for money,7
,5,good quality and fast delivery ðð,6
,5,very good product,3
,5,superbnice packinggood quality,3
,5,excellent qualityno damages,3
,5,good book selves heavy duty,5
,5,good for medium area,4
,5,good product ð,3
,5,nice product thankyou flipkart,4
,5,excellent product âïworth the money go for it,8
,5,worth for money and laptop working speed is awesome,9
,5,super good product ðððððððððð,4
,5,it is very good product,5
,5,very good quality with cover soft and very durable,9
,5,super t sart,3
,5,low budget nice performance,4
,5,nice product value off money,5
2919.0,5,nice product and worth itmust buyyy,6
,5,value for money,3
,5,nice and beautiful,3
,5,great and beat product,4
,5,nice this price range,4
,5,good and 10 minla super hot water,7
,5,nice qualityloved it,3
,5,vary good product ðððð³ðð³ðð³ðð³,4
,5,speed 140mbper sec,3
,5,very very very nicethankyou flipkart,5
,5,very nice product 100 cotton,5
,5,really worthy have utility children will like this product,9
,5,very nice product,3
,5,waoo so cute and i m happy ty flipcart,9
,5,its working good,3
2111.0,5,i love it its amazing very good product,8
,5,nice working fine,3
,5,handy to usevalue for moneyoverall a great experience,8
,5,value of money,3
,5,love it works so well thank you flipkart,8
,5,it is a good product will recommend this,8
,5,its really good,3
,5,nice product valve for mony go for it,8
,5,quality is awesome,3
,5,its good product but small,5
,5,nice products look very smart,5
,5,beat qualitythaks flipkart,3
,5,good condtion 64 gp memory capacity useful product,8
,5,working very nice we lived it,6
,5,overall good looking and nice experience with samsung,8
,5,best hai im happy,4
,5,very nice product,3
,5,almost good products,3
,5,very good product,3
,5,perfect wrist strap,3
,5,good in this range,4
,5,very nice and useful,4
,5,amazing product and very easy to use best for bachelors,10
,5,great product go for it,5
,5,very nice product,3
,5,very good product highly recommended,5
,5,good product good,3
,5,great value for money,4
,5,good product ð,3
1033.0,5,best cooler using 15 days,5
,5,easy to use very good product,6
,5,excellent product and excellent service of flipkart,7
,5,its good value for money go for it,8
,5,kent product very nice but some times water smell coming,10
,5,i love it its really work,6
,5,very good nice quality god working,6
,5,just wow ð,3
,5,nice battery and fast charging,5
,5,very good product wipes clean dries fast,7
,5,nice prfomence camera,3
,5,its awesome i just loved it,6
,5,value for money,3
,5,very good ð,3
,5,very good product,3
,5,very nice and superb quality,5
,5,good product and speed charge and fast delivery,8
,5,great product at this price,5
,5,india number 1 company lenovo good ðððð,7
,5,good geysergo for it,4
,5,shoes is nice but they get dirty soon,8
,5,this presure cocker is very nice product,7
,5,best qualityand best size,4
,5,very good product,3
,5,it is worthy to buy,5
,5,beautiful buds in zinnia lovely seeds must buy,8
,5,very good quality,3
,5,best product by philips thanks,5
,5,best set top box for dth,6
,5,really very nice my kids are enjoyedð,7
,5,mindblowing product in good price in bbd sale,8
,5,nyc and reasonable price,4
,5,height should be 8 feet is better,7
,5,it looks so pretty and decent highly recommended,8
,5,awesome producttop qualitythanks flipkart ð,5
1240.0,5,cooler is best,3
,5,nice product value for money,5
,5,good product very useful,4
,5,very nice blanket same as shown in picture,8
,5,value for money,3
,5,working is good,3
115.0,5,wonderful product can go for it,6
,5,soft and comfortable value for money,6
,5,very nice blanket,3
,5,very nice product ððð,4
,5,flipkart service great as usual,5
,5,good product in this price,5
,5,good n worth,3
,5,its looking very nice good product,6
,5,original one go for it,5
,5,the thing is very good i am very happy,9
,5,go for it,3
,5,best all buy this products,5
,5,very nice products,3
,5,this product is amazing ð,5
,5,veri nice product,3
,5,very good product ðð,4
,5,good product i purchased at 5399,6
,5,good product ðð,3
,5,its a good camara and awesome featuresi loved it,9
,5,best product from milton,4
,5,its working too fast,4
,5,quality is nice worth buying it,6
,5,my family likes it very much,6
,5,super i like it,4
,5,sound system very good,4
,5,good and very useful product ððð,6
,5,rock solid mech kb for the price,7
,5,as shown as i found this best for groom,9
,5,best qualityfeeling softð,3
,5,great one go for it,5
,5,nice buy thank u flipkart,5
,5,good productsame as showncolour and quality also super,8
,5,awesome product great price,4
,5,really amazing product very compact and easy to use,9
,5,its good and worth buying ðð,6
,5,valo but akta bowl vanga chilo,6
,5,happy to have itgreat product,5
,5,nice packing is wow i am happy,7
,5,i love it nice pant,5
,5,good product i have impressed,5
,5,super product veri nice,4
,5,good and very nice,4
,5,over all experience very well,5
,5,excellent qualityplease go fo it,5
,5,nice beautiful product,3
,5,worth for cost very very easy to handle,8
,5,the ball was very goodbut little hard,7
,5,nice laptop with value for money specifications,7
,5,very good excellent product,4
,5,very good product very smart,5
,5,the smart ð buy,4
,5,thank you flipkart,3
,5,osm look cycle,3
,5,it is very good quality such buy,7
,5,good but small in size,5
,5,value for money,3
,5,super and perfect,3
,5,value for money ð,4
,5,value for money and very nice product,7
,5,product was good,3
,5,awesome product very nice fabric,5
,5,super product i am using it for meats and vegetables,10
,5,i am happy good thomson tv,6
,5,value for money,3
,5,it was a good experience ðð,6
,5,its a really great product,5
2062.0,5,extremely good product,3
,5,its a very good milton product,6
,5,its awesome ððð,3
,5,product is very nice,4
,5,worth for money i like very much buying this item,10
,5,very superb product,3
,5,serves the purpose,3
,5,very nice product and best thing is made in india,10
,5,very very useful,3
,5,over all good,3
,5,very well packedafter one week seeds started growing,8
,5,this is a good,4
,5,very good ð survive proper ð,6
,5,superb ipadin such price,4
,5,good service nice product belo 10000,6
,5,very nice thank you so much flipkart,7
,5,very nice product,3
,5,very beautiful and comfortable,4
,5,super satisfied go for it guysðð,6
,5,best ever laptop,3
,5,good product value for money,5
,5,superb laptop âjust loved it,5
,5,good and like it,4
,5,value for money,3
,5,it is excellent football,4
,5,value for money,3
,5,awesome quality taste,3
,5,good quality and very very useful and smoothly play cricket,10
,5,value for money,3
,5,nice product ð,3
,5,worth for money,3
,5,cycle is amazing,3
,5,very nice suppoter ðð,4
,5,good prise and product,4
,5,perfect fit very good product just go for it,9
,5,flexible almost invisible when off warm feel loved it,9
,5,fully satisfied supper productlow waist more juice,7
,5,nice power bankvery good quality valu for money,8
,5,super product best in market it is so strong,9
,5,just wo product,3
,5,wah wah superb,3
,5,thank u fripkart its amazing,5
,5,very cute and beautiful i loved it,7
,5,best for beginners kudos to flipkart for early delivery,9
,5,very best quality,3
,5,superb performance excellent service,4
,5,working good for now,4
,5,nice packing and amazing ðð product,6
,5,i just love this productðð,5
,5,comfortable to wear very nice,5
,5,nice bed sit,3
,5,besr ipad in budget for students,6
,5,perfect for my requirement,4
,5,thenks flipkart team,3
,5,very good quality product very nice,6
,5,really awesome product,3
,5,good value for money,4
,5,nice product and good sound,5
,5,nice have to buy,4
,5,marq amazing washing ultimate product in low cost,8
,5,good style super,3
,5,no word for this,4
,5,value for money thanks flipkart,5
,5,i love the item,4
,5,best phone in this price segment i am really happy,10
,5,very good product nyc service,5
,5,good value for money,4
,5,attractive colors happy with the product thnx flipkart,8
,5,good product i use everyday,5
,5,mindblowing sound best product,4
,5,osm product yrrð,3
,5,good sewing machine,3
,5,nice product worth for money,5
,5,very beautiful worth for money,5
,5,excellent product iam happy âï,5
,5,very nice product 100,4
,5,very gud product,3
,5,just a fabulous product lovely,5
2192.0,5,value for money,3
,5,love this machine,3
,5,received as expected,3
395.0,5,best cooler i got it for 7k,7
,5,best product for apple,4
,5,very nice product,3
,5,very good productð worth of money,6
,5,go for it nice ð,5
,5,worth and awesome product,4
,5,machine super but nobody come to give demo class,9
,5,nice product ð very much happy ð thank u flipcard,10
,5,vare vare good,3
,5,very good product must buy,5
,5,very nice âïâï,3
,5,very good one,3
336.0,5,super very good product,4
,5,very nice product,3
,5,surprisingly an amazing thing in this price,7
,5,beautiful delivery boy is very polite in behaviour,8
,5,owsome and great fitting,4
,5,this amar akhbar antoni are absolutely heathy,7
,5,nice product ðððð,3
,5,good work nice ball i love it,7
,5,value buying product,3
,5,good product i have ever seen,6
,5,going good good product,4
,5,very good on quick delivery,5
,5,just go for it,4
,5,spr quality i love it i recomended,7
,5,thanks flipkart this is best grinder,6
,5,good ð ðð,3
,5,very nice product,3
,5,very good product,3
,5,very nice good sound quality batter this price,8
,5,its a very good products,5
,5,its very well,3
,5,best quality angle,3
,5,nice productgood one to have,5
,5,usefully product thank you flipkart,5
,5,nice product im soo happy,5
,5,very good product picture quality better,6
,5,very good product,3
,5,best products in low price,5
,5,very good product,3
,5,great product very easy to usesuper dust cleaner,8
,5,superb samsung fridge,3
,5,its very good producti satisfy,5
,5,superbb quality i am soooo happy thank u flipcart,9
,5,i love it this product ððð,6
,5,using since 1year no problem working good verified supplier,9
,5,very good product,3
,5,verry good product,3
,5,superb productthanks flipkart for such reasonable deals,7
,5,a freakin beast for this price,6
,5,great assistant nice build quality,5
,5,good easy to use thanks to flipkart,7
,5,love this product thanks flipkart,5
,5,its good for regular usage,5
,5,very goodi am so happy,5
,5,good bi cycle,3
,5,1 number best,3
,5,very good product,3
,5,good product with this price,5
,5,very good product,3
,5,good looks and best price,5
,5,just fabulous âºï,3
,5,very nice product like it,5
,5,so nice tshirt,3
,5,awsome products value for money,5
,5,i love it,3
,5,owsome and great fitting,4
,5,very good inverter,3
,5,nice product and value for money,6
,5,value of money to cheep,5
,5,good produced ð,3
,5,product is good,3
,5,good quality product,3
,5,value for money,3
,5,value for money,3
,5,fully satisfied with the product,5
,5,nice product just awesome,4
,5,nice experience and nice product i love it,8
,5,thank you flipkart elv excellent product,6
,5,its a very good itam,5
,5,really amazing experiencei like it,5
,5,too good for its priceawesome,5
,5,it is so niceðâï,4
,5,very good product,3
,5,super book rack,3
,5,wow amazing product very nice product i like this product,10
,5,awesome cloth n fitting,4
,5,good to go,3
,5,good onenot highly recommendablebut worth it,6
,5,vary good product,3
,5,very nice product,3
,5,awesome productgood signal strengthboth 25 g,6
1693.0,5,good cooling and easy to use,6
,5,looks superbgood perfomancehappy with the product,6
,5,very good product i am happy,6
,5,super super super ðð,4
,5,very good product u most buy valuable product,8
,5,good value for money high juice yield,7
,5,good quality but packing is very very bad,8
,5,best quality value for money,5
,5,product is same as shown in the picture,8
,5,awesome productðððthnku flipkartðð,3
,5,good product with affordable price,5
628.0,5,it is best parchase thanks flipkart,6
,5,very good producti am fully satisfied this product,8
,5,very nice product,3
,5,very nice product ðð thank you flipkart,7
,5,very quality product,3
,5,product was good,3
3336.0,5,super product and useful,4
,5,excellent product and really worth for money,7
,5,good in this price segmentprice and product worth all penny,10
,5,it is perfect for gamers,5
,5,good product very fast installation worth for money,8
,5,it is awesome,3
,5,camera quality asm,3
,5,best dinner set,3
,5,very awesome productdelivered on time,5
,5,very good product,3
,5,super product at less price,5
,5,best product âïâïâïâï,3
,5,osm products quality is so good i like it,9
,5,awesome product i received i like this one thanks flipkart,10
,5,this is very good product,5
,5,product is butter smooth,4
,5,is was great experience nice tv i lv it,9
,5,quality product by samsungdelivery very firstbehavior good help fullthnx philipkart,10
,5,very good product,3
,5,value for money product thank you flipkart,7
,5,good febric as i expected,5
1222.0,5,it was good,3
,5,this is so good,4
,5,its very good product,4
,5,my mom very happy nice product thank u flipkart ððð,10
,5,good productthanu so much,4
,5,its good we are very satisfied with the product,9
,5,i love it ð thank you so much,8
,5,very good product,3
,5,excellent product ðð,3
,5,this color is my favorite thanks flipkart,7
,5,amazing mixture machine bhailog i am happyðððððððððððððð,7
,5,good machine at a budget rate,6
,5,does the job,3
,5,great experience worth buying ð,5
,5,i like this moisturizer like itreally best product ð,9
,5,sure if you want buying it,6
,5,value for money water temperature remains the same,8
,5,working well at good price range better then wd,9
,5,worth for money looks good,5
,5,it is amazing in this price,6
,5,awsome purchase 15300,3
,5,it was nice product,4
,5,amazing nice quality highly recommended,5
,5,very nice producteasy mopping,4
,5,very good product,3
,5,very good productðthank you flipkart ðð,6
,5,good product ðalso delivery goodðthank you flipkart â,8
,5,high quality sub woofer i like it,7
,5,good one with password protection,5
,5,very good thank you flipkart,5
,5,awesome providing 100 quality product,5
,5,nice and best quality,4
,5,osam dinner setððð price satisfied ðjust buy it,8
,5,best product under this price rangelove this ðð,8
,5,its good product,3
,5,good bill colety and good product,6
,5,very nice product,3
,5,very nice product ð,4
,5,nice sd card,3
,5,good product this price,4
,5,good i love this,4
,5,nice productby flipkart,3
,5,excellent product and service,4
,5,thanks sanyasi very nice,4
,5,very good in this price,5
,5,amazing product of pigeon highly recomended,6
,5,really its good ð product,5
,5,best in budget,3
,5,best inverter in this price,5
,5,its item is amazingð,4
,5,super and good quality product,5
,5,excellent heating capability water heating up within few minutes,9
,5,it is nice product good built quality,7
,5,product is very nice i am very happy with flipkart,10
,5,good plates are a little bit small in size,9
,5,mind blowing products,3
,5,best laptop in this price range highly recommend,8
,5,best in class,3
,5,very good product,3
,5,its to good,3
,5,super duper hit tab,4
,5,its goodworth it,3
,5,very nice curtains we love it,6
,5,nice quality 30hrhit the water,5
,5,very good swing machine good quality and silai good,9
,5,good demo and good service,5
,5,value for moneyvery comfortable to weargives same comfort as crocs,10
,5,best product for beginners excellent product,6
,5,my baby love tis one,5
,5,happy with the product,4
,5,best quality and best company and best product,8
,5,just apt for my needaccessories given are a supportive gesture,10
,5,it was nice,3
,5,nice product to use it,5
,5,indeed very good it is worth,6
,5,awsome so happy,3
,5,very good product,3
,5,very good product,3
,5,awesome please go for it without a doubt,8
,5,crafted beautifully material is sturdy,5
,5,excellent fantasticworth for money,4
,5,very nice quality as mentioned as it is,8
,5,cloth is v nice pure cotton must buy,8
,5,it is very cool product and very smooth control,9
,5,this price range very nice product,6
,5,well packed very good for night lamp,7
,5,just got this today after playing will update hows it,10
,5,i love it,3
,5,value of money,3
,5,its a good product,4
,5,water remains warm more than 12hrs,6
,5,very goop fridge,3
,5,nice product very nice,4
,5,very very very very nice product,6
,5,nice product flipkart thank you,5
,5,very nice cool,3
,5,very nice product,3
,5,best memory card,3
,5,its too good,3
,5,very good product 750 wat power,6
,5,so pretty andgood quality,4
,5,good product and faster delivery,5
,5,stylish design shoes,3
,5,its too good,3
,5,nice product space saving also,5
,5,very nice product,3
,5,i love this productsuper,4
,5,its quite good using first time have enough speed too,10
,5,good packing very nice,4
,5,good quality original,3
,5,good and delivery so fast,5
,5,very nice ð,3
,5,very good product,3
,5,nice product ð value for money 100 waterproof âï,9
,5,all sets are so beautiful,5
,5,its super and very good performance,6
,5,nice product for heavy sleepers ð,6
,5,good to wear,3
,5,good for ample music in rooms,6
,5,good very nice acha hai,5
,5,same as shown in the picture,6
,5,super quality products,3
,5,very good ð,3
,5,value for money,3
,5,nice oneðtq flipkart,3
,5,thank flipkart very nice products catvision set top box,9
,5,mast product and very useful,5
,5,great product very nice,4
,5,battery low problem,3
,5,very good product really worth,5
,5,very nice product,3
,5,good quality product,3
,5,nice looking and good product,5
,5,its really osm,3
,5,very nice product i am happy thanks flipkart ð,9
,5,poora paisa usule,3
,5,very good product and easy to carry,7
,5,this product is too good,5
,5,good quality product stitching is perfect,6
,5,waao good product,3
,5,good product service and installtion was also good,8
,5,best product in price,4
,5,wonderful product ð,3
,5,excellent product awesome,3
,5,better quality for less amount,5
,5,good and reasonable price,4
,5,best watch âï,3
,5,good quality without any damage,5
,5,best buy 399,3
,5,excellent quality really amazing picture quality,6
,5,best seed in lowest price awesome product,7
,5,reasonable products good quality,4
,5,value for money good you may go it,8
,5,great pick must buy tablet,5
,5,super watch very nice,4
,5,best hair oil thanks flipkart,5
,5,blindly go for it osm but select proper size,9
,5,very good product,3
,5,super clean good,3
,5,good quality product,3
,5,supr item paisa vasoolð,4
,5,nice product thank you flipkart,5
,5,very good product,3
,5,good quality products flipkart excellent services thanks more regards,9
,5,i my very happy for this,6
,5,best items of this time,5
,5,i am happy,3
,5,same as shown in the picture good quality,8
,5,best sewing machine,3
,5,very good product awesome,4
,5,very good product,3
,5,i just love it pure cotton bedsheet,7
,5,i am happy ððð,4
,5,nice packing and product,4
,5,product is awesome according to price,6
,5,terrific product by cyphus nice color and comfort fit,9
,5,good product quality also good,5
,5,value for money,3
,5,product is very good,4
,5,very nice iteam,3
,5,comfort and fit,3
,5,its very useful in my housetq flipkart,7
,5,nice product to use,4
,5,best product thanks flipkart,4
,5,value for moneynice product,4
,5,nice product easy to handling everything,6
,5,very good product,3
,5,verry nice ð,3
,5,very useful product thank you ekart,6
,5,it is very beautiful,4
,5,nice curtains but quality is normal,6
,5,amazing wrist band best product imported ððððððððâïâïâïâïâï,7
,5,delivery boy is good person,5
,5,very gud product,3
,5,nice product flipkart dilivery to good,6
,5,very good ð,3
,5,product working very good thank you flipcart,7
,5,always good product thanks flipkart,5
,5,best of best also so comfortable,6
,5,good product worth for money,5
,5,dont think much its awesome âï,6
,5,problam in hot milk in this producy,7
,5,excellent product suitable for all skin types,7
,5,good quality perfect fit,4
,5,good producteasy to usefast deliverylove this one,7
,5,nice value product,3
,5,good product when compared to others,6
,5,very good quality,3
,5,value of money good product,5
,5,full laisa vasool decent in size and good quality picture,10
,5,just loved it ðð,4
,5,very good for washing my car and bike,8
,5,very good sound,3
,5,good quality product,3
,5,go for it no doubt best in the market,9
,5,value of money,3
,5,superb thanks flipkart,3
,5,work money wonderful material,4
,5,good product ð,3
,5,its too good product,4
,5,perfect grinder and supbb quality price range is also excellent,10
,5,product is good working is also good,7
,5,my papa is completely satisfied for drortho knee belt,9
,5,its a very good product ofr study,7
,5,nice product ðð,3
,5,good quality same as picture,5
,5,good product worth for the money,6
,5,good and thank you filipcard,5
,5,awesome product ð,3
,5,so nice ððð,3
,5,super thanks to flipkart perfect product for childrens,8
,5,i am very happy with bosch dish,7
,5,value for moneyvery nice productgood valet service,7
,5,beautiful dinner set i love it,6
1355.0,5,good product thanks flipkart,4
,5,very good material for dinner set,6
,5,nice product according to price,5
,5,really nice and amazing loved it,6
,5,good quality best fabric,4
,5,products is good kharid lo bro,6
,5,thanks ekart fast delivery,4
,5,ver comfortable an nice product must buy,7
,5,good camera for bigener,4
,5,value of money compare to others chair,7
,5,very useful product,3
,5,very very nice product,4
,5,wow just luv it,4
,5,quality is good,3
,5,best remote h,3
,5,excellent value for money,4
,5,very nice product loved it,5
,5,all handset best controller,4
,5,very niceððð watch worth every pennyð,6
,5,very nice cycle,3
,5,make in india one of the best brand mi,9
,5,good printing quality,3
,5,really good for this price,5
,5,very good product,3
,5,very good product worth buying,5
,5,nice product worth price fast delivery too,7
,5,good and feel healthy food skin ð,7
,5,super deliverygood product good service,5
,5,good quality nice product ð,5
,5,best at this price segment,5
,5,superb best for this price,5
,5,amazing product blindly go for it ððððð,7
,5,good product at affordable price,5
,5,very good qualityhappy with purchase,5
,5,good new launch product,4
,5,does the job beautifully,4
,5,good product on swetable prices,5
,5,amazing oil with alovera extracts perfect for frizzy hair,9
,5,best value for money,4
,5,such a great quality,4
,5,outstanding le lo yarrr ð ðð³âï,6
,5,very good product,3
,5,wroth it nice product for this price,7
,5,very good in such price,5
,5,amazing looksgreat product,3
,5,very good nice product,4
,5,i m satisfied very good product value,7
,5,nice product thanks flipkart for this product,7
,5,nice product helpful for winter must buy it âºïâºï,9
,5,awesomevalue for money,3
,5,very good quality plastic chair,5
,5,this toy is so attractive for kids,7
,5,so nice product value of money,6
,5,very good product,3
,5,super mobile best price,4
,5,best in the market,4
,5,grt product i loved it,5
,5,very good product,3
,5,very nice product,3
,5,good product ð,3
,5,value for money,3
,5,very nice product,3
,5,this product simply superb and had reach my expectations,9
,5,good product and reasonable price,5
,5,it was nice and good watch in low priceð,9
,5,to good on this price range,6
355.0,5,minimum price maximum performance,4
,5,really good product thankyou flipkart,5
,5,best for this price segment,5
,5,this is a very good,5
,5,very good and comfortable,4
,5,must buy without any doubt,5
,5,best tv at this price,5
,5,i like ð,3
,5,working properly cartridge,3
,5,nice chimney really good,4
,5,worth for penny its best vermicompost,6
,5,nice and tough product,4
,5,good productvery fast heat the water,6
,5,best i am happy,4
,5,product is good,3
,5,good product and very comfortable ø,6
,5,very nice product,3
,5,looking fantastic nice productgood proformas,5
,5,very very happy,3
,5,i like this belt,4
,5,very good quality,3
,5,wow its looks like a luxury product,7
,5,very nice product,3
,5,super product im veryyyy happytq flipkart ð,7
,5,nice product ð,3
,5,very nice and delivered very quickly,6
,5,good product very happy,4
,5,free free to go for it ððððð,7
,5,worth it loved it,4
,5,nice product ð thank you for flipkart ð,8
,5,light and so nice,4
,5,best camera in the budget segment superb pics,8
,5,good working super,3
,5,very nice whach,3
,5,excellent mixy superb just unpacked super delivery,7
,5,so nice and helpfull,4
,5,product is so good,4
,5,better but cost high,4
,5,its too good quality is super,6
,5,i love this mopâïð,4
,5,very good product,3
,5,very very nice good job ðððððððððð,6
,5,very nice item,3
,5,very very nice product,4
,5,just like that,3
,5,wow products thanks plipkart ð,5
,5,very good product,3
,5,value for money ø,4
,5,its good and look wise also good,7
,5,better battery life beautiful watch so like it,8
,5,very nice product,3
,5,very fast water heatwithin 10 minutes got boil like water,10
,5,good quality value for money,5
,5,nice product in cheap price,5
,5,light weight and best vaccum cleaner for daily use,9
,5,very smooth and no ping drop ølove it,8
,5,good value for money ð,5
,5,very nice thank u flipcart,5
,5,awesome product must buy it thanks flipkart,7
,5,excellent super service delivery boy good combination,7
,5,two hand â tq flipkartâïâïâïâïâïâïâïððð,5
,5,very good cargo,3
,5,quality is good value for money product,7
,5,a good one for beginners ð,6
,5,for a price of 240its damn good ð,8
,5,very good product,3
,5,product is reached expectations and worth of money,8
,5,good product ððð,3
,5,awesome ð value for money,5
,5,very wonderful good product and stylish look,7
,5,good at this price range,5
,5,best dinner set in this range,6
,5,very nice product,3
,5,very nice cooker,3
1082.0,5,very good but air flow is less,7
,5,very nice product,3
,5,most expensive3bhk of best product,5
,5,really very beautiful light,4
,5,wow superb item thanks flipkart for good product,8
,5,good led product,3
,5,i loved it just classic look awesome great,8
,5,beautiful product âïâïâï,3
,5,the product is too good and strong thanks for flipcart,10
,5,exelent product thank u flip kart,6
,5,very good product,3
,5,good sound quality full paisa wasool,6
,5,fully satisfied with this productthanks flipkart,6
,5,very good product,3
,5,thank you flipkart very fast delivery nice installation and demo,10
,5,nice quality thank you,4
,5,nice product awesome ð,4
,5,good quality product,3
,5,beautiful producti am very happy,5
,5,nice thank you flipkart,4
,5,simple and perfect,3
,5,good product thanks bajaj and flipkart,6
,5,ðgr8 product and service by flipkart,6
,5,excellent for this price rangepremium quality soundgo for this,9
,5,it was awesome,3
,5,thank u flipcart,3
,5,this product very good condition,5
,5,go for it,3
,5,gud product and pretty fast thanks flipkart,7
,5,very nice and useful,4
,5,awesome products as expected ð,5
,5,worth every pennyð excellentððð,4
,5,itâs very nice n amazingðð,5
,5,great for the price,4
,5,i am loving it,4
,5,very nice superbbb,3
,5,good awesome look in design,5
,5,very nice and good qualityâï,5
,5,very comfortable and nice clogs looks goodim happyð,8
,5,product is good delivery and installation is too late,9
,5,best quality at this low price ð,7
,5,my favourite ðð productreceived before time,6
,5,best under 5k,3
,5,good product but price lil high,6
,5,good product nice,3
,5,nice colour and good quality for cycling,7
,5,nice and awesome speed,4
,5,wow beutifully wall clock ðð,5
,5,very nice really 5 years children suitable ðð,8
,5,thanks for giving best bicycle ð²,6
,5,overall it is a good product,6
,5,nice design ð,3
,5,good quality canon but in side no memory card,9
,5,worth for money âïð,4
,5,good and fast charing support,5
,5,this tab is really nice worth for money,8
,5,good product worthy,3
,5,very good product,3
,5,nice good material,3
,5,for beginners good quality photos,5
,5,good productâworth it,3
,5,very good product,3
,5,gajab ka sound hai very nice product,7
,5,good quality and stylish,4
,5,excellent photography shoots by camera,5
,5,very good product i like this ðððððð,7
,5,nothing to say its best,5
1238.0,5,perfect cooler loved it best cooling,6
,5,exact product as described same as the original item,9
,5,i loved it,3
,5,very good fitting colour is superb must buy it,9
,5,great job keep it up ðð,6
,5,nice product super speed,4
,5,i love this product,4
,5,super verry nice,3
,5,very very very nice im happy,6
,5,thank you flipkart âïâïâï,4
,5,good at its price,4
,5,excellent product customer support,4
