ID,Rating,Review
0,5,Best under 60k Great performanceI got it for around 58500Battery backup is bit low but thanks to rapid charger its very fast Display is Ok for this price range Decent speakers with many customisation optionsVantage software is so good for customisationOverall good performance till nowWill update later if any problem occurs
1,5,Good perfomence...
2,5,"Great performance but usually it has also that gaming laptop's issue of battery. It can only stand for 2 - 3 hrs without adapter. So, I prefer that use it with adaptor if you are using any software or playing games."
3,5,My wife is so happy and best product 👌🏻😘
4,5,"Light weight laptop with new amazing features, battery life is awesome."
5,5,"Amazing laptop, am so much happy, thanks for Flipkart."
6,5,Over all a good laptop for personal use
7,4,Thank you so much Flipkart
8,5,Amazing product
9,3,"Good for normal work , students, online classes, watching movies etc.Not for havy tasks, gaming, buisness work, office work.editing etc.Overall good laptop in this range in budget laptops."
10,5,Laptop received was in good packaging and good condition. Performance wise little bit slow compared to i3 processor of Intel. For general usage this laptop performs good.
11,5,Very nice
12,4,Good product but dilevary slow
13,2,"If you can affort few thousands extra you can prefer other laptops with same config.I came to know about done limitations of this laptop-poor webcam not even suitable for day to day online classes-Sound very low, need to connect external speakers-Keypad not visible due to same colour of laptop body and keys. Backlight not available.-Low battery backupTo save cost Asus has done these compromises.Performance wise doesn't see any issue, but since I'm using HP laptop also these small th..."
14,5,Good
15,3,All good but battery backup not good enough
16,5,"I'll update this review again after a month usage...As of now, it's a good laptop, but battery is not upto the mark..."
17,5,I love it ....❣️
18,4,Good
19,4,Best Laptop 💻 👌 in the segment. Classy performance 👏 because of ssd memory.Battery 🔋 is good enough.Design is so sleeky.Recommend you to buy.
20,5,Awesome quality and very likely
21,5,Incredible laptop Performance very good 👍
22,4,good looking and performance also good
23,5,I love it 💗💗 not because of prize but it's really fast working..and good product...must try it once.
24,5,"First of all thanks to Flipkart for a faster delivery, it was under 2days. You guys are awesome. The laptop is so much slik looking and classy. It is so much premium looking. The display is great and the performance is even faster. I am a student, doing my bachelor's, so for student work it is more faster than required. I just loved the laptop. But for gaming I don't know, because I can't play games that much. Boot time is less than 6 second."
25,4,"Good Laptop under 40k got it at 39k. Good for students,professionals not built for heavy task but normal excel power point run smoothly. Sound quality is average but audible. Overall good laptop."
26,5,Awesome specifications and reasonable price.. Slim and well designed.. Built quality is awesome
27,5,"Delivery was done after 8 days after purchasing quite long time taken.but overall product is great,compitable,slim & handy.. performance is outstanding in this range.everything works fine"
28,5,Nice product in this price range .. Go for it
29,5,Performance of this laptop is very niceDisplay quality is awesome
30,5,Very nice laptop.
31,5,Every thing is just fine but the tn display is so annoying as always
32,5,Nice product in this price point I recommend you....you can go for it
33,4,"This laptop has major scree issueviewing angle is very badI'm not going to enjoy multimedia in this pc.This os irritating.If you tilt your screen then you will see only black and white colours.Everyone told me about hp is a brand that provides better service , build Quality, coustomer satisfaction, Display and also battery.I will never think about that hp laptop comes with wrost screen experience.**For those Costomer who will read my review:-One thing that i have noticed about Hp...."
34,5,"It is a very good laptop, Starting speed is very fast, it starts in 2 to 3 seconds only. Everything is nice with this laptop must buy. Intel UHD graphics support is very good in this."
35,4,Nice product light weight. everything is okay.
36,5,Everything is Good Must Buy
37,4,Nice Product
38,3,nice product everything is okay but battery power worst.otherwise no backlight.am not satisfied .i disappointed 😞 for Flipkart.
39,1,"Display so bad quality and wifi connectivity ia also poor, camera vry poor. Not UP to the mark."
40,5,Very Good pc in this price with HP Brand
41,5,Excellent 🤩🤩🤩
42,5,Awesome Laptop 🤩
43,5,It's awesome for multipurpose computer very smoothly to use & worked performance is superb i like it 😋😍😇
44,5,"First impressions are awesome ! Will update the review after some usage !Edit : Review update after a week.Well laptop is blazingly fast ! i3 11th processor rocks. SSD also makes it quick. Webcam is not that bad. I have seen worse. And I don't know why people are complaining about its display. I didn't find any problems with it so far. On the contrast, I actually liked the display. It is HD and is quite clear. Now about battery backup -So if you are using it without wifi. Then it will ..."
45,5,Best laptop in this segment...I like this product....but just camera is avarage quality...not so impressive.. overall I think it is a very good product in this price.
46,5,Value for money at this price range.1) fast fingerprint.2) camera very low quality.3) prosesor super fast.
47,3,Nice looking
48,4,"Best Laptop in this price from AsusVery fast processor Performance is goodBest for students, official work and Entertainment purposes.But camera quality is not good.Overall Nice Laptop.Thankyou Asus and Flipkart."
49,5,Firstly the price of this laptop is quite impressive and the functions.SSDIn this range with this generation the processor is quite fast and in comparison with hdd SSD always gets an upper thumb as it makes your pc/notebook fast.BatteryIt is not as par with HP as they have 3 cell and in Asus they are 2 cell so here in the case of battery it lacks behindCamera: Really not good at all it seems like VGA camera
50,4,"Read this if you're going to buy any laptopMy advice is please not to look brand in buying laptops .The laptops with same specs of brands hp,full,aver,lenovo,asus etc are same To get to for minimum cost try asusDont feel asus is not as good as hp or dellFor this laptopPros- ●high speed boot up(faster than mac pro)● intel i3 good performance if your use is home,student,and coding●extra slot for ram.if you add 8 gb ram(you can get for just 2500 in flipkart and can add it yourself)You ..."
51,4,Best laptop under 35k just go for it I have got in 33k on sale Pro : i3 11th gen under 35 k  * Display quality is good but view angle is not so good but it's okay for me * Speaker sound is better* It's booting Time is fastKeyboard quality is goodDesign is awesomeAnd the best part is that it comes with extra slot fully confirmed by me and  asus care  you can expand upto 12gb ram there is  4gb onboard ram and extra slot you can put 8 gb there and you can upgrade hdd upto 1tb Built quali...
52,5,Im statisfied .. valueble money
53,4,Satisfied with laptop. Performance is good. Problems came like Flickering screen and search options not worked when upgraded to windows 11 so I reverted back to 10. So better don't upgrade to windows 11 now wait for some more days.
54,5,Thanks flipkart for the wonderful deal. Fully satisfied as of now right from timely delivery and performance.
55,5,"Performance: Today is first day so as per performance level no issue. I am using 10-15 tab in google chrome daily basis. Battery: As per company claim 10 hours. This is only for light users. If you use movie & music then may be. Design: decent design. Display: As per price range best display. Value for money: Yes this is value for money. Today this price 39,990 but it was 37,990 while ordered this one. But i got offer in Rs. 32,490 in sale time. I will submit after some days with proper ..."
56,4,Everything is better than other laptops of this range of price but there is only one thing is missing which the Numericals Pad. Overall performance is good. Good for using software like AutoCAD.
57,5,Best part is design and build quality. Battery backup is superb only one problem is display is not good very bad viewing angles.
58,4,Awesome.
59,5,I wrote this review after the use of  45 days. I never saw a lack in this laptop and the sound quality is also good. Not heating I thought this price range recommend. Thanks for reading my review.
60,4,nyc laptop
61,3,"Bought it for Trading Purpose.Except for the screen and sound quality, everything working fine, Updated to Window 11, no issues yet. Handles all the task easily. 11th gen processor 🔥"
62,4,Overall good 👍
63,5,Good product
64,5,This price range it’s super…..
65,1,Very bad experience
66,5,Laptop is amazing and sleek. Good for day-to-day use.SSD really helps in boosting the performance however do buy a laptop stand as it may heat up otherwise.Boots-up in around 30 secs. Windows 11 licensed is pre-installed. Works smoothly for not so heavy users.
67,4,Nyce product
68,5,Excellent
69,4,Nice one
70,3,Good  performing laptopBut less port option Doesn't have rj45 and type c portAnd display isn't bright enough
71,5,Awesome.I edited my review after 10 days of using.Performance DisplayBatterySsdHdd....... everything is mind blowing...
72,5,Nice product
73,5,Laptop display is perfect & fastly moved in precess but late for deliver.Best budget laptop for coding dell Inspiron 3511 256sdd/1TB hdd:-42490/-Value for Money 💰.Battery is normal 4to5 hrs.
74,4,Better option
75,5,Brilliant Laptop 😍
76,4,This is thing I want to be...It s worked suprb fast due to ssd Value for money really worth it
77,5,"I writing review for this product after same day used. It's really good laptop for all purposes.. attractive design, good performance etc..On time delivery.. thank you flipkart..😊😊"
78,4,"Good experience...its better use for office, home and good gaming experience... Go for it"
79,5,It's a very good choice in this price range .nice display .and light weight . It also contain ms office lifetime free version .best choice for students and office works .ryzen3 perfomes well and with 256 SSD boots faster .I really like the product
80,5,Such a nice laptop. In my opinion it's the best one. Happy to have this as my first pc.
81,5,V.good  🤞🏻
82,4,Not bad
83,1,Speakers are completely not working well.worst product please don't sold the product.my experience you'll definitely help.please don't sold
84,1,Start Hanging within a week
85,5,Great product... happy with the purchase
86,5,Great Product and best for Productivity and Professional use only. Note for new Buyers: This is a 13.3in WQXGA display. Mentioned 15in is wrong. So buy at your own risk.
87,5,Best in  small segment ....Portable and powerful
88,5,"Here is my review on this laptop after using for 2 weeks.I've heard that this laptop heats up really quickly, but I didn't felt any thing like that. This laptop never reaches more than 10 degrees above my room temperature, even after I game on it for 4 hours. This can run mostly all games on high setting with 60 fps. I personally have tried 2 games on it valorant and apex legends both runs on high setting with 60 fps. And even this gives me 60 fps with high settings while recording in Valor..."
89,5,"Good Product, I am satisfied all of the features, except battery life, It is very awesome product, wheather have a little bits of improvement in battery life time."
90,5,Performance is good as I expect in this price segment they giving intel i5 10gen with 4gb nvidia 1650  there are no issue with normal use like surfing  web and it can handle some heavy application like matlab etc it's good for coding etc. If you are a heavy gamer this will not satisfy you but it suits for entry level and lite gamers. Worst battery back up it stands for 2 hours in normal usage and in heavy usage it will stands max 1 hours. But it's a value for money laptop and in this price se...
91,4,"Posting this review after 8 days of usePros: Value for money          Graphics card can handle some good application          and softwares and games( far cry 5, batman Arkham          Knight) gonna install more after couple of days.          Display is good           Keyboard is good          Battery life is also good as of yet 😅Cons: Gets heated up really quick while gaming plus                     real hot 🔥           Speaker is average Overall in this price segment this lapt..."
92,3,"So basically, laptop is well and good. But the huge and huge and huge problem is battery. Battery is drains so fast that you can't imagine, and trust me those who personally use this laptop can say same, and second worst part about this laptop is it's speakers, seriously your mobile phone can play better sound than this laptop. Pros - 1. Laptop performance is good (4.5) 2. Laptop display is just ok (4) 3. You will get fast boot time about 6-8 sec (4.5)  Cons -1. Worst battery (2) 2. ..."
93,5,"Best deal in this budget 👌, boot in just fraction of seconds, really very very fast, performance wise it's best in segment, N-Vidia Graphics card along with 512ssd, makes ideal for gaming & other hevy tasks, only drawback is battery but we should understand that gaming laptop consume more power, rest of the things you will enjoy for sure. What I wants in a laptop it has all."
94,5,"Value for Money!  Amazing Laptop I got!  It has mind blowing perfomance, It takes only 8 - 9 sec to boot ! Build Quality is also good...design is excellent ! It is completly made up of plastic but...build quality feels like it has mettalic body ! This is a quick review !"
95,5,Total good laptop
96,5,Amazing laptop. It has a premium and professional look with powerful hardware. Sound is a bit low but I bought external speakers for that so no problem. Everything else about the laptop easily makes up for that. Thanks alot Flipkart for the fast and safe delivery
97,5,A very nice laptop with good display . Also very well performed in day to day activities as well as gaming.Definitely worth for money.  Buy it!!!
98,5,GOOD
99,5,I was confused between asus and lenovo s145 laptop but chose go with this laptop because of build quality.Lenovo s145 feels quite flimsy while asus is reinforced with metal plates under the keyboard and in side supports of screen.4gb ram and ryzen 3250u is good for everyday uses and light office work like browsing with5-6 tab oepn in chrome and 2-3 office files and for heavy uses there option to increase ram capacity.Ssd read speeds are quite fast 950mb/s and write speed upto 350mb/s th...
100,5,"Absolutely great product. Beautiful design, the ips level display.... Absolutely stunning. Packaging was secure too.Now lets come to the performance. The SSD inside it gives the performance a big boost. 4 gigs of ram is sufficient for light multitasking (I'll add 4gigs of ram later). The laptop boots up in just 6-7 sec, and there's no lag in app opening and closing.Battery performance is good I'd say. I was typing a document in MS word, and the laptop only consumed 6% of the battery in 45..."
101,5,"It's an amazing laptop in this prize segment. Because in this prize we get all types of specifications and aspects... Like it having 256GB SSD drive, FHD display, a allround king processor unit everything is fine.i using this laptop till 8days ago... I think this was my right option.Props:---1.FHD Display ---one of the good IPS LCD display with good resolution capacity2.SSD :--- the maximum boot up time will taken approximately 4second to 6 second3.Ryzen 3 3340U :---- all round an exc..."
102,5,First I would like to thank flipcart for sending this great product in 3 days . REVIEW -... I BOUGHT IT IN 32K IN BIG BILLION DAYS SALE .1. The looks of this laptop is great and nyc.2. Speed is fantastic running like butter on daily         usese remember it is not a gaming laptop so don't try heavy software. I install a android emulator on it and when I open the software I can clearly hear the noise of fan.3. it boot up in 6 second and off in 3 second thanks to nvme SSD remember there...
103,5,"The product is realy good and value for money battery life is not up to the mark but its ok in this price range .it is best for online class and study ,you can play small games but not a big game like pubg and gta 5 butin low setting you can play*Packing is also good very genuine packing was there it takes time to reboot for only 5 to 7 seconds In light usage its to fast for office work and study it is best"
104,5,In this price range it's an amazing laptop. Don't think just go for it.😊1. Bilt quality is good. 4/52. Performance is amazing. 5/53. Display is great. 5/54. Battery is decent. 4/55. It's an best laptop for students. work and multimedia consumption.😊 6. And it's ryzen 3 3250U prosessor is amazing and makes more fast with SSD storage. Loved it😊🔥
105,5,Awesome Laptop good for office normally work in word & Excel Hard more work for office need costly laptop otherwise this Awesome for normally work in Office
106,4,"My 7 days review and I upgraded to Windows 111.Except VGA camera, everything is good.2.It get heated when u do heavy work. I think every laptop get heated when CPU usage more Power.3.I am using for programing n tools I use are VS code, Postman n also chrome (8-9 tabs), still no lags.4.All above observation is of 4gb of ram so I will update my ram by 8gb. 5.Also I play Asphalt 9 still no lags.6.My frd have i3 10th gen laptop and I buy Ryzen 3 laptop. Trust me Ryzen 3 gives me great perfo..."
107,5,"Attractive design .Very fast booting ,it takes only 5-7 second.No lags by multiple work .Display is good .It is best for daily task but not for gaming."
108,4,"Best battery life, best performance (boots fast), fingerprint sensor is fast,full hd display etc. Everything is good in price range. One thing I miss is a Bakelite keyboard. Very good are these VivoBook lineup laptops. Using from last 5 days. Let's see after months how it will work."
109,5,A great mid range laptop with form factor even better than MacBook Air. It comes with a great display and 11th Gen i5 processor packed with 16GB dual channel Ram which makes it a complete package overall.
110,5,"Sturdy, nice display, best performance"
111,5,Wonderful product
112,5,"It's just amazing! Let me get the details here:• At this price it will be the best buy for office/casual use, average gaming (Haven't played any high res games yet).• It has 1 SSD 256GB and 1 HDD of 1TB. Windows is installed in SSD so the loading time (from turned off to start) is near about 5-7 seconds.• Usable Ram is around 5.86GB. 8GB is installed in one slot so another one is free to get another ram installed.• It is very light. It doesn't have a CD drive. Honestly, I don't think any..."
113,4,"Product is good but the fan is running continuously, its little annoying if you live in a quiet peaceful area.Second thing I have mention is the build quality of the product. Its made of plastic, not the best one but little low in quality. Otherwise it is a good product, good display, good performance, good battery life, soun of the speakers are also loud. I'm satisfied with this product."
114,4,"Thanks Flipkart for fast delivery in our lockdown zone.Now I am writing review after 10 day use of laptop.1. Better performance cause of 8gb ram and 256gb SSD, it boots up only in 7 secs. and I didn't faced any lag till now.2. Better Battery Performance (upto 6-7 hrs ) with fast charging.3. Screen Quality is good but it has little bit backlight bleeding issue cause of IPS Display (this is only noticeable on Black Screen).4. Fan speeds and noise only increases when Work load increase..."
115,5,I have been using this laptop for 2 months now. Its the best one available in this price range. Has a great and smooth performance as well as good battery life. Excellent for work and studies. I play cs go and it runs without any lag. Excellent product.
116,5,Got it today. Thanks to flipkart for the fastest delivery. The design and the display of the laptop is awesome. Booting in just 5 sec after setup thanks to ssd for that. Performance is good. Battery is for about 3-4 hours but fast charging and with pre-installed microsoft office for life time. Webcam is average. It is the best laptop with both ssd and hdd with good performance and quality product around 40k.
117,5,"Very good product by hp,this laptop is very slim and powerful prosser,good battery back up, design is very good,i got this 37699 i recommend all of you this laptop,thanks flipcart, very good laptop,"
118,5,"Using it for 10 days , almost good laptop , ryzen 3 is a almost fast processor than i3.booting time almost 11 seconds after it appears password screen. Os on ssd that make processing fast also.almost value for money ."
119,5,Very good It's a beast at the price of 40kLoved it and also the cheapest ssd laptop offered by hp you won't find it anywhere else. Thank you Flipkart for quick delivery
120,5,"It's  amazing! Best is this category. I just bought this item for the prime purpose to support my daughter for her online classes of class XI. After using it for 4 days my observations are as under :1. Speedy Delivery : So thankful to Flipkart for its speedy delivery. I booked it on 21st of May by evening, got delivered  on 23rd Morning. Really impressed!!!2. Product Style, look and feel : Superb! Light weight, handy, quite presentable !!!3. Speed and performance :  With 256GB SSD, its boo..."
121,3,Have faced issue of the system getting Hang couple of times in Last 1 week. Pls check before purchasing as the configuration is good in this price but the system Hang issue is a Spoiler.
122,3,"After buying, everything is good. intel i3 1125g4 is enough good since it's a quad core processor, normally in this range we can get only dual core processor .   battery can be used only upto 4 hours on a full charge, charging speed is very high ,can charge just in a hour . Normally battery of the laptop doesn't last for a longer time so it's enough .Display is decent , viewing angles are not like smartphones but okk .Display is enough bright for indoor, normally can work outdoor too ."
123,4,Smooth performance
124,3,It's Nice This is first day .
125,4,This one js nice on time delivery
126,5,Looks promising. i3 11th Gen (1125G4) with 4 cores and 8 threads should be good enough power for day-to-day tasks.
127,4,Good laptop
128,5,Worth for money. In this price range this is certainly a good choice.
129,5,Just amazing in this price..it gave quad core with dual storage space just a wow piece..
130,4,Worth it! Back-lit keyboard Problem 😐
131,5,"Used it for a month, overall a good product, speed with ssd is superb!"
132,4,Giving this review after using for 7days:*Slik design*Decent colour*Great performanceCons: I am little disappointed 😞 with picture quality...U can actually see the display with certain angle...
133,4,"Nice laptop at 50K , good performance, but finger print is not available."
134,5,Veryy very capable laptop🔥only downside is the display bake everything is perfect.😁super satisfied😁🔥
135,5,Valuable product .. Good processor with specifications in this price range..(49000)Just Go for it....😊
136,5,Review after 15days use 1.performance good... 2.Battery backup is also enough about 5-6hours rough use3. Windows 11 amazing working4. All over good at this price 5. Build quality average Best leptop only 2things missing1.Finger print and 2.matalic body
137,5,Superb Laptop Under 50K ♥️🔥
138,5,"I hve been using this product from 10-12 days and it is quite good. Performance wise it is too good. Keyboard and display are also good. The speakers could have been a little bit louder but still it is enough. It boots and runs pretty fast. No screen bleeding issue . Keyboard feels nice and 2 levels of backlit are present, no keyboard flex which is nice. Touchpad is pretty normal. Battery is better than what I expected. I usually use it for coding and it gives 4+ hrs of coding normally. Don't..."
139,5,All thing is too good in this range but battery performance is not as much as good is i expect good battery performance but it is also like acer nitro 5
140,4,It's good but the one one time the laptop keybord is not worth it because thay are so soft and battery is manageable but you cannot aspect this keybord for gaming it's quite heat up but thermals are  good
141,5,"Every Laptop has its pros and cons:Pros:1. Build quality is very good compared to similar laptops at this price range.2. No keyboard and top lid flex at all.3. It has maximum number of ports so need of any hub.4. It looks sleak and simple.5. It has a Xbox game pass too, u can enjoy 200+ games for 8 months for free.6. Lenovo Vantage software is very good and it has mux switch also which helps in a little FPS boost.7. Most of the games can be played in Highest graphics settings.8. 120H..."
142,5,Superb
143,5,"A bit outdated as in 2022 but still is performance for a medium level user or gamer is excellent. You can wait for 2021 model's price to come down. Although everyone knows that legion is the true king of gaming laptop. Only one cone which I noticed its that it has less battery backup. Even in the case of activating power saver option the laptop doesn't give good battert backup, there is nothing else to complain."
144,5,"I have been using it for more that a month now , during the time I have been using it for coding and some light gaming. Performance wise it's great Lenovo has done a good job in cooling as even while gaming for 2 to 3 hours the temperatures were under control, the boot time is also great.The build quality is great, it feels dense and sturdy. There were three reasons why one would pick this 1. The build quality2. The I/O is great , a normal user would not need USB hub3. The option to swit..."
145,5,Very good 👍performance 👏
146,5,Awesome product!
147,4,"Laptop is a bit expensive comapred to its counterparts, features are good but my laptop got FREEZE two times in the first month of the use. Performance is top notch given the specs."
148,4,Good
149,5,Very nice
150,5,It is a really good laptop under this price( 42-43)k  and is worth the money. The boot time is so fast (10sec.). This processor is more powerful than i3 11th generation. Maximum battery backup is 5 hour. The only con is that it doesn't have ips display.
151,4,"Laptop is goodPros :  (1) Absolutely great performance            (2) Battery is excellent           (3) keyboard is good           (4) overall is good, value for money           (5) build quality is average neither very good nor very                 bad Cons :  (1) Display is TN - viewing angles are so bad as it should                 be as a TN pane. Colour reproduction is bad, this                                 this display has yellow tint and so I calibrated the             ..."
152,5,Value for money
153,5,Too good
154,5,Super quality
155,5,Great device. Let me tell the Pros..1. Superb build quality 2. Great display. 3. Camera is great in good lighting conditions 4. Processing is great. 5. Sound is superb. 6. Call quality is great. 7. Red colour looks superb.8. Portrait mode photography is Superb.
156,5,"Who all loves older size i.e., 4.7 inch type should definitely go for this.  Nothing is better than XR, XS or 11. Best for price and usage."
157,4,Can be surely preferred as your first iphone Value for money Some what battery is not sufficient but as we already know about the batteries of iphone Camera is up to mark but there is insufficiency of night mode wideangle mode but that’s ok its not a big deal Display performance is good enough Overall lookup is impressive and off course attractive Speakers are mind blowing dual speaker setup which is quite loud compared to others At this price range this phone is best if you are intere...
158,4,This is the first iPhone I hv bought .. It’s bit diff for me using this first first as for so many years I hv been using android.. but I am actually liking it .. The camera omg it’s really awesome .. like it feels classy using this .. Battery is also as of now good enough .. I am writing this review after using it for 40 days.. if anyone is thinking of buying this pls go for it .. Thanks.
159,5,One of Best phone in 2020..Excellent Camera and Performance..battery also good without Games..Thanks u Flipkart Best offer and fastest delivery .
160,5,Great camera for pics and videos Battery life is good so far with some setting turn of which i never use and when i use i turn those on and i use it in power saving mode all the time so a full day with light gaming of 1hr or more using camera for 1hr or more listening music in my car on youtube and Bluetooth on for couple of hours it gives me full day of battery varing from 4/5 to 6/7 hours sot per dayPerformance is top notch plays every game and every task with easeVery premium phone look...
161,5,"This iPhone SE is the best phone ever you get. Beautifully designed gives a classy look in your palms. Moreover, performance wise it is a benchmark. You will not be disappointed in this budget. My purchase point was its size. If you are looking for the same you won’t be disappointed. I strongly recommend this phone to people who is more work oriented. Game loves should skip this phone as this is not a game phone. Best features with stunning looks & performance. Battery life is very good..."
162,4,Mobile is very handy. Packed with good performances and nice camera. This is my first iPhone. Very good experience with Apple. Battery is worst. I am hardly getting 5 hours screen on time.  Positive thing is I came to know how many hours I was spending on my mobile. Because of poor battery now I am only using mobile for 4 hours a day.
163,5,This is my second iphone after iphone 4s. I’ve been a long time android user in between. I’ll tell you who this phone is for. Prospective buyers can then decide1. For photo and video enthusiasts. Very reliable camera. Fast and excellent picture quality. Videos are absolutely stable and professional quality. You would be amazed how many people shoot Youtube videos on an iPhone. The only downside is that the display doesn’t do justice to the photos and videos you have taken. Night photos are ...
164,4,"Totally worth the price if:- you are a iOS fan- like compact phone- want to switch from android to iPhone- you like clicking some good photos (camera is unbeatable)- you multitask (normal phones get stuck between apps, this will keep you going without a hiatus (lag)- you like to listen to music (have 2 speakers, one on the front, and another below; when I watch a movie with 4d-5d music, it feels like Dolby atmos)There a lot a technical advantages too which I dont want to get into (yo..."
165,5,Very nice and excellent product considering its price. Perfect 🥰. But camera doesn't seem to be of 50mp as claimed. But overall excellent product.
166,5,"This smart phone is the best smartphone in this price range. This phone is really value for money phone.Camera- 8/10Best 50MP AI triple camera with 2 MP depth and 2 MP macro camera. Image quality is better than any other smartphone in this price range. Max 1080p full hd video also record by rear camera. HDR and night mode support in the camera8 MP Front camera pic quality is better in this price range comes with front screen flash, HDR mode, ai face beautification.Max 720p video record b..."
167,5,I have been using this phone since 5 months. fast performance. processor is very good. battery is very good. camera is okay not very good. good purchase. it is cheaper than other phones of the same configuration
168,4,"The build of the phone is very good and packaging was very good but transparent cover was not given by seller and the front camera is worth 8mp but the rear camera is not worth 50mp.It also does not have many applications likePhoto Gallery,Security Scanner,File Manager,Speed Connection etc.Overall, I would like to give 4 star out of 5 star."
169,4,Mobile ok
170,1,Poor camera quality Infact same time not working Poor displayPoor performanceNothing is good in this set
171,1,Phone Is Value For Maney ..But Camera Is Bad Condition..
172,4,Osm mobile volue for money 🤑 realme is good company..and thak you so much .. flipkart very fast delivery 🚚
173,5,Super camera at night
174,5,Nice phone... best 😍
175,3,Good for simple use battery life is good but charging time is more than 2.5 hour all of good product is compair to its price
176,1,Don't buy this phone it has bad camera quality
177,1,Worst ever!!
178,5,Good
179,1,"Don't buy if you don't want your money wasted. It's 13mp camera is a gimmick, it gives worst photos, Pathetic camera quality, didn't expect this from realme."
180,5,Working smoothly. As expected.
181,5,Nice
182,3,Nice camera
183,2,Very bad quality
184,5,Nice product and 📸 is bad
185,5,"Awesome mobile for young generation and old generation, though it is not 4g mobile, but it's very good in look. You can go only for look if you are not old enough. Red colour is costly, that's disappoint the customers, everything was else is good enough. Its for the person who was not able to purchase flip mobile due to its cost and price. The warranty is Awesome, the price is awesome, go for this mobile."
186,4,"I have been using this device for a week now.I bought it to use as my primary device to make and receive phone calls and so far it has been great. Nostalgia part is also there. Owned Samsung and Motorola flip phones in the past during school days and these phones have a special place in my heart.It is good value for money device. Good battery life, good clarity during phone calls, no heating or any issues so far. Jio 4G doesn't work but I have tried using Vodafone, Airtel and BSNL and the..."
187,5,Good and Nice Product. With good battery back up for (3 Days) as i used it for some days and writting my reviews. Best and good phone a very handy one. Aapka apna shauk flip phones k liye hai toh zaroor purchase kariye. It is a good phone.
188,5,"Wow... It is an amazing product. Honestly, I bought it just for looks and design. It is a nostalgic feeling when you hold it in your hand. Bright in colour and very light in weight. Camera on the other hand is just OK for a phone in this range. Display is also good. This product can easily draw anyone's attention towards the user. Over-all a very nice product from LAVA and I would definitely love to see more new and upgraded models of such a phone."
189,5,Awesome feature mobile 📱. Smart keypad . Wireless FM .Long battery backup. Auto call recording. 32GB expandable memory. Led flash for call message and battery charging. Standard look . Handy mobile And most important Proudly Indian.Awesome Lava .... looking for this type feature mobile for long time.... expecting more flip phone from Lava...
190,5,Value for money. Battery lasts for 10 days. Incredible.
191,4,"Decent Basic mobile at this price. Satin finish gives elegant look. Battery Backup is comes for 3 days on regular use. Display is good. It's just a VGA camera which is enough,if it is used for calling purpose. Collectively product is good for its look, basic usage."
192,3,Cutting two stars for pathetic  delivery.  Delivery man was so bad. I can't even describe how he bothered.  And this happened very first time.  Otherwise product is very good.Pros first: 1. very good looking phone2. Battery backup is very good.3. Some preloded  timepass game.4. Phone looks classy and stylish.5. Flip gives very comfortable talking experience Now cons:1. Would be better if had a dual display 2. Phone  is bit overpriced. 1200-1300 would be a great deal3. At least int...
193,5,"Super cute one(Red) though I always use samsung, one plus & iphone still I took this one for my passion and love for small red flip.. really loved it❤️ it's damn cute❤️❤️"
194,4,Nice backup phone at this price range... classy look n feel...battery backup is really good...call quality is also very nice.. network capturing is great..I mean no distortion of voice even when the phone has 2 bars..only downside is the voice prompt keypad.. it's a little annoying.. but overall it's a great phone to have..
195,3,Good for simple use battery life is good but charging time is more than 2.5 hour all of good product is compair to its price
196,1,Don't buy this phone it has bad camera quality
197,1,Worst ever!!
198,5,Good
199,1,"Don't buy if you don't want your money wasted. It's 13mp camera is a gimmick, it gives worst photos, Pathetic camera quality, didn't expect this from realme."
200,5,Working smoothly. As expected.
201,5,Nice
202,3,Nice camera
203,2,Very bad quality
204,5,Nice product and 📸 is bad
205,3,Bad Things :-1. Camera quality is normal. 2. Selfie is bad3. Micro USB4. Sound system is not good Good Things:-1. Battery back up is awesome 2. Some extra features in this price3. Finger print sensor and Face lock sensor is so fast4. Screen resolution is goodOverall :-Overall this phone is good except camera quality.
206,3,"Just an Average PhonePros:✓The phone build quality is good.✓The display is average, it's not that bright outdoors.✓Beware that the Realme OS is different,  it comes with Realme UI R, which is stock android version of realme UI, I think the chipset being not that powerful, With this OS phone can perform better.✓Camera is decent outdoors, without enough lighting it struggles like hell.Cons:× If you think of doing gaming on this device, my advice would be go for POCO M3, M2 reloaded or S..."
207,3,1) many options missing - no game mode OR game space like stuff - no stock file manager ( google files installed ) - no stock gallery ( google photos installed )Most of the stock options is replaced with Google appNEED GAME SPACENAVIGATION BAR REMAINING BLACK WHILE PLAYING BGMIAverage CAMERA QUALITYDon't buy if you like to get pictures and SelfiesBattery Good enough batteryCharge full 100% at least once when you buy GamingNo Game Space - Notification annoying while playing ...
208,4,"Super Company but in this phone I am not having gallery and I am seeing my photos in Google photos and screenshot settings are also not nice but the phone is very sensitive so, I am giving 5 star rating and the sound quality is best and the geometrical design is just looking class, the torch is also powerful."
209,4,"If youre buying for clicking nice photos and videos, then swiftly avoid it, the camera is not for you. Other than that, it's a fine phone, fast processing, superfast fingerprint censor and cool weight distribution and not like typical light weight phone of realme brand. Only weird thing is that I couldn't find a FILE MANAGER and GALLERY application in it. Very very weired."
210,5,I loved this phone. I can't believe they are giving this phone at this price. I really don't understand the bad reviews.And the camera is not that bad it is ok for normal use. It is not a gaming phone so don't buy it if you are looking for that. But for normal users the phone is perfect at this range. It is awesome guys go for it. Thank you flipkart 💐💐.
211,4,"Mobile touch is very smooth ☺️ and battery backup is best , but front camera is not good .but beat phone in this money 💰👍👍.                                     Thank you Filpkart 👍"
212,1,"Cons.1.Three finger screen shot option not available2.default  system app lock option not available3. Double tap screen lock, screen wake up not available4.real time network speed tracker option not available5. Data usage icon not available6. Realme system theme app not available7.realme system default gallery app not available only Google photos pre-installed8. Realme file manager app not available only Google file manager installed9. Camera quality poor like VGA camera10. Low end..."
213,5,Realme mobile is battery very good camera is best rest mobile awesome mobile thank you
214,5,"At this price range realme c21y is good for daily uses,rear camera is good at sunlight,u can click quite good images,it's battery backup super,display is good enough at this price range,i'm disappointed with the selfie camera,they have used very basic camera,this phone is not for selfie lovers.speaker sound is not bad,about overall performance,yeah is okay."
215,3,Bad Things :-1. Camera quality is normal. 2. Selfie is bad3. Micro USB4. Sound system is not good Good Things:-1. Battery back up is awesome 2. Some extra features in this price3. Finger print sensor and Face lock sensor is so fast4. Screen resolution is goodOverall :-Overall this phone is good except camera quality.
216,3,"Just an Average PhonePros:✓The phone build quality is good.✓The display is average, it's not that bright outdoors.✓Beware that the Realme OS is different,  it comes with Realme UI R, which is stock android version of realme UI, I think the chipset being not that powerful, With this OS phone can perform better.✓Camera is decent outdoors, without enough lighting it struggles like hell.Cons:× If you think of doing gaming on this device, my advice would be go for POCO M3, M2 reloaded or S..."
217,3,1) many options missing - no game mode OR game space like stuff - no stock file manager ( google files installed ) - no stock gallery ( google photos installed )Most of the stock options is replaced with Google appNEED GAME SPACENAVIGATION BAR REMAINING BLACK WHILE PLAYING BGMIAverage CAMERA QUALITYDon't buy if you like to get pictures and SelfiesBattery Good enough batteryCharge full 100% at least once when you buy GamingNo Game Space - Notification annoying while playing ...
218,4,"Super Company but in this phone I am not having gallery and I am seeing my photos in Google photos and screenshot settings are also not nice but the phone is very sensitive so, I am giving 5 star rating and the sound quality is best and the geometrical design is just looking class, the torch is also powerful."
219,4,"If youre buying for clicking nice photos and videos, then swiftly avoid it, the camera is not for you. Other than that, it's a fine phone, fast processing, superfast fingerprint censor and cool weight distribution and not like typical light weight phone of realme brand. Only weird thing is that I couldn't find a FILE MANAGER and GALLERY application in it. Very very weired."
220,5,I loved this phone. I can't believe they are giving this phone at this price. I really don't understand the bad reviews.And the camera is not that bad it is ok for normal use. It is not a gaming phone so don't buy it if you are looking for that. But for normal users the phone is perfect at this range. It is awesome guys go for it. Thank you flipkart 💐💐.
221,4,"Mobile touch is very smooth ☺️ and battery backup is best , but front camera is not good .but beat phone in this money 💰👍👍.                                     Thank you Filpkart 👍"
222,1,"Cons.1.Three finger screen shot option not available2.default  system app lock option not available3. Double tap screen lock, screen wake up not available4.real time network speed tracker option not available5. Data usage icon not available6. Realme system theme app not available7.realme system default gallery app not available only Google photos pre-installed8. Realme file manager app not available only Google file manager installed9. Camera quality poor like VGA camera10. Low end..."
223,5,Realme mobile is battery very good camera is best rest mobile awesome mobile thank you
224,5,"At this price range realme c21y is good for daily uses,rear camera is good at sunlight,u can click quite good images,it's battery backup super,display is good enough at this price range,i'm disappointed with the selfie camera,they have used very basic camera,this phone is not for selfie lovers.speaker sound is not bad,about overall performance,yeah is okay."
225,5,Nice Display ❤️
226,3,Value for Money
227,5,value for money....thanks flipcart
228,5,Just AwesomeHighly Recommended
229,1,"This product is not good, Battery charging take more time and battery lasting is too poor. Don't west your money."
230,4,Nice good working
231,5,Good phone
232,5,Good
233,5,Product is very nyc
234,3,Good product
235,1,"Battery good,camera quality not goodPerformance is not good very slow work I am not satisfied with performance I don't like this phone because its performance is not able to me."
236,4,I am very happy to purchase this product and it's display and camera quality is very good . I recommend you to buy this product
237,3,Very good
238,5,Nice product
239,3,#NAME?
240,5,Nice product
241,4,Screen awesome but speaker 🔊 Too bad yr     Not satisfied  settings ad speaker
242,4,Nice
243,3,My review After using 3 days Camera- 2/5Battery- 5/5 because of fast chargerDISPLAY-3/5 because no FHD+ DisplayPerformanc-4/5Back panel and build quality is weak😡😡
244,1,"Please Don't Buy This Phone.This is totally waste of money.I was excited to see my phone 50 mp phone's camera but camera is very bad.In this phone software is very different from any other realme phone.In this phone there is no one app of photos and videos.In this phone settings is very different from any other realme phone.In this phone there is no app lock and no hide apps settings.And there is no option of return in it, so that's why I could not even return this phone.Please Don't ..."
245,1,"Battery good,camera quality not goodPerformance is not good very slow work I am not satisfied with performance I don't like this phone because its performance is not able to me."
246,4,I am very happy to purchase this product and it's display and camera quality is very good . I recommend you to buy this product
247,3,Very good
248,5,Nice product
249,3,#NAME?
250,5,Nice product
251,4,Screen awesome but speaker 🔊 Too bad yr     Not satisfied  settings ad speaker
252,4,Nice
253,3,My review After using 3 days Camera- 2/5Battery- 5/5 because of fast chargerDISPLAY-3/5 because no FHD+ DisplayPerformanc-4/5Back panel and build quality is weak😡😡
254,1,"Please Don't Buy This Phone.This is totally waste of money.I was excited to see my phone 50 mp phone's camera but camera is very bad.In this phone software is very different from any other realme phone.In this phone there is no one app of photos and videos.In this phone settings is very different from any other realme phone.In this phone there is no app lock and no hide apps settings.And there is no option of return in it, so that's why I could not even return this phone.Please Don't ..."
255,1,"Battery good,camera quality not goodPerformance is not good very slow work I am not satisfied with performance I don't like this phone because its performance is not able to me."
256,4,I am very happy to purchase this product and it's display and camera quality is very good . I recommend you to buy this product
257,3,Very good
258,5,Nice product
259,3,#NAME?
260,5,Nice product
261,4,Screen awesome but speaker 🔊 Too bad yr     Not satisfied  settings ad speaker
262,4,Nice
263,3,My review After using 3 days Camera- 2/5Battery- 5/5 because of fast chargerDISPLAY-3/5 because no FHD+ DisplayPerformanc-4/5Back panel and build quality is weak😡😡
264,1,"Please Don't Buy This Phone.This is totally waste of money.I was excited to see my phone 50 mp phone's camera but camera is very bad.In this phone software is very different from any other realme phone.In this phone there is no one app of photos and videos.In this phone settings is very different from any other realme phone.In this phone there is no app lock and no hide apps settings.And there is no option of return in it, so that's why I could not even return this phone.Please Don't ..."
265,5,"At this price range no better phone could come, good built quality, light, very good call quality with clear sound, loud ringtone. Forget Nokia and Samsung buy Lava with much better quality u won't regret. Itz a steal."
266,5,Super handy low budget + nice feature loud speaker and battery saver mode make this device fabulous.I am telling you in this budget segment no one can compitition.Close ur eyes and buy.
267,5,"Perfect phone at the basic price range. This phone can be a very good secondary phone where there is an option of dual sim, backlit keypad, music player, fm radio, bluetooth and option for a 32 GB memory card. Paid Rs 812 for this which is amazing."
268,4,Good product ....Must buy....I bought 2 mobiles....Thank u fkipkart
269,5,I buy 3 mobiles verry good calling nd loud sound for old pepoles..
270,5,Best feature phone in this price segment. Everything is good. the one point is no vibrating.
271,5,Worth money value for basic purpose..... Thankyou Flipkart 😊
272,1,Very bad phone
273,1,Battery backup is very poor so sad 😭😭😭
274,5,Good mobile
275,1,"Battery good,camera quality not goodPerformance is not good very slow work I am not satisfied with performance I don't like this phone because its performance is not able to me."
276,4,I am very happy to purchase this product and it's display and camera quality is very good . I recommend you to buy this product
277,3,Very good
278,5,Nice product
279,3,#NAME?
280,5,Nice product
281,4,Screen awesome but speaker 🔊 Too bad yr     Not satisfied  settings ad speaker
282,4,Nice
283,3,My review After using 3 days Camera- 2/5Battery- 5/5 because of fast chargerDISPLAY-3/5 because no FHD+ DisplayPerformanc-4/5Back panel and build quality is weak😡😡
284,1,"Please Don't Buy This Phone.This is totally waste of money.I was excited to see my phone 50 mp phone's camera but camera is very bad.In this phone software is very different from any other realme phone.In this phone there is no one app of photos and videos.In this phone settings is very different from any other realme phone.In this phone there is no app lock and no hide apps settings.And there is no option of return in it, so that's why I could not even return this phone.Please Don't ..."
285,4,"This is best budget phone.... Poco C31, and order this product because I have Poco M2 Reloaded, i was gift this phone to my sister on her birthday, she loved it Thanks Flipkart for fast delivery Thanks Poco Team"
286,3,Pros : 1. Colour and design.2. Big display at low price.3. Camera as expected at this price range.4. Battery is good. Lasting almost 1.5 days.Cons : 1. Working slow.2. Ram management is not upto the mark.3. Camera is not good comparison to Redmi and Realme. Redmi and realme click far better than this mobile at this price.4. Not for gaming.5. Missing back cover in the package. At this price other companies provides back covers.
287,5,Budget mobile
288,5,Camera quality is good
289,5,Vary good product POCO C31Good
290,5,Superb
291,5,Nice products👍 thanks Filipcard
292,4,Not bad
293,5,Very good ptoduct
294,5,Nice mobile
295,5,Very nice and excellent product considering its price. Perfect 🥰. But camera doesn't seem to be of 50mp as claimed. But overall excellent product.
296,5,"This smart phone is the best smartphone in this price range. This phone is really value for money phone.Camera- 8/10Best 50MP AI triple camera with 2 MP depth and 2 MP macro camera. Image quality is better than any other smartphone in this price range. Max 1080p full hd video also record by rear camera. HDR and night mode support in the camera8 MP Front camera pic quality is better in this price range comes with front screen flash, HDR mode, ai face beautification.Max 720p video record b..."
297,5,I have been using this phone since 5 months. fast performance. processor is very good. battery is very good. camera is okay not very good. good purchase. it is cheaper than other phones of the same configuration
298,4,"The build of the phone is very good and packaging was very good but transparent cover was not given by seller and the front camera is worth 8mp but the rear camera is not worth 50mp.It also does not have many applications likePhoto Gallery,Security Scanner,File Manager,Speed Connection etc.Overall, I would like to give 4 star out of 5 star."
299,4,Mobile ok
300,1,Poor camera quality Infact same time not working Poor displayPoor performanceNothing is good in this set
301,1,Phone Is Value For Maney ..But Camera Is Bad Condition..
302,4,Osm mobile volue for money 🤑 realme is good company..and thak you so much .. flipkart very fast delivery 🚚
303,5,Super camera at night
304,5,Nice phone... best 😍
305,5,It's Super Performance for any old age at home. I brought for my Father and he liked a lot. Super Lava in basic phone. Nothing to think more juts go for it...i loved a lot.. I got for (1300) lesser as seen in other apps.. Thanks to Flipkart for low prices
306,5,Everything's Good....sound quality aswm....❤❤👍👍👍👍👌👌👌..delivery service good...thnx flipcrd...
307,5,Looking so nice and best mobile in keypad set awesome mobile phone. So smoothly use this phone.
308,4,Good mobile
309,4,"Low budget phone , Performance and battery is good .camera is not good but better under this low budget.Average display screen..Purchased this Device for my father ,and he'd liked it."
310,5,"Excellent key pad phone ( Lava Gem) so far I have used.Its look is good, battery backup and sound quality is superb as well as it is easy to operate and above all its colour in blackish blue etc make an altogether attractive key pad phone now available in the market. Moreover, Flipkart delivery executive has delivered the product much earlier before the scheduled date."
311,5,This phone is very nice.
312,5,Buy without any hesitation
313,4,Good product....
314,4,Good phone
315,5,Great device. Let me tell the Pros..1. Superb build quality 2. Great display. 3. Camera is great in good lighting conditions 4. Processing is great. 5. Sound is superb. 6. Call quality is great. 7. Red colour looks superb.8. Portrait mode photography is Superb.
316,5,"Who all loves older size i.e., 4.7 inch type should definitely go for this.  Nothing is better than XR, XS or 11. Best for price and usage."
317,4,Can be surely preferred as your first iphone Value for money Some what battery is not sufficient but as we already know about the batteries of iphone Camera is up to mark but there is insufficiency of night mode wideangle mode but that’s ok its not a big deal Display performance is good enough Overall lookup is impressive and off course attractive Speakers are mind blowing dual speaker setup which is quite loud compared to others At this price range this phone is best if you are intere...
318,4,This is the first iPhone I hv bought .. It’s bit diff for me using this first first as for so many years I hv been using android.. but I am actually liking it .. The camera omg it’s really awesome .. like it feels classy using this .. Battery is also as of now good enough .. I am writing this review after using it for 40 days.. if anyone is thinking of buying this pls go for it .. Thanks.
319,5,One of Best phone in 2020..Excellent Camera and Performance..battery also good without Games..Thanks u Flipkart Best offer and fastest delivery .
320,5,Great camera for pics and videos Battery life is good so far with some setting turn of which i never use and when i use i turn those on and i use it in power saving mode all the time so a full day with light gaming of 1hr or more using camera for 1hr or more listening music in my car on youtube and Bluetooth on for couple of hours it gives me full day of battery varing from 4/5 to 6/7 hours sot per dayPerformance is top notch plays every game and every task with easeVery premium phone look...
321,5,"This iPhone SE is the best phone ever you get. Beautifully designed gives a classy look in your palms. Moreover, performance wise it is a benchmark. You will not be disappointed in this budget. My purchase point was its size. If you are looking for the same you won’t be disappointed. I strongly recommend this phone to people who is more work oriented. Game loves should skip this phone as this is not a game phone. Best features with stunning looks & performance. Battery life is very good..."
322,4,Mobile is very handy. Packed with good performances and nice camera. This is my first iPhone. Very good experience with Apple. Battery is worst. I am hardly getting 5 hours screen on time.  Positive thing is I came to know how many hours I was spending on my mobile. Because of poor battery now I am only using mobile for 4 hours a day.
323,5,This is my second iphone after iphone 4s. I’ve been a long time android user in between. I’ll tell you who this phone is for. Prospective buyers can then decide1. For photo and video enthusiasts. Very reliable camera. Fast and excellent picture quality. Videos are absolutely stable and professional quality. You would be amazed how many people shoot Youtube videos on an iPhone. The only downside is that the display doesn’t do justice to the photos and videos you have taken. Night photos are ...
324,4,"Totally worth the price if:- you are a iOS fan- like compact phone- want to switch from android to iPhone- you like clicking some good photos (camera is unbeatable)- you multitask (normal phones get stuck between apps, this will keep you going without a hiatus (lag)- you like to listen to music (have 2 speakers, one on the front, and another below; when I watch a movie with 4d-5d music, it feels like Dolby atmos)There a lot a technical advantages too which I dont want to get into (yo..."
325,4,"This is best budget phone.... Poco C31, and order this product because I have Poco M2 Reloaded, i was gift this phone to my sister on her birthday, she loved it Thanks Flipkart for fast delivery Thanks Poco Team"
326,3,Pros : 1. Colour and design.2. Big display at low price.3. Camera as expected at this price range.4. Battery is good. Lasting almost 1.5 days.Cons : 1. Working slow.2. Ram management is not upto the mark.3. Camera is not good comparison to Redmi and Realme. Redmi and realme click far better than this mobile at this price.4. Not for gaming.5. Missing back cover in the package. At this price other companies provides back covers.
327,5,Budget mobile
328,5,Camera quality is good
329,5,Vary good product POCO C31Good
330,5,Superb
331,5,Nice products👍 thanks Filipcard
332,4,Not bad
333,5,Very good ptoduct
334,5,Nice mobile
335,5,Fantastic phone. I loved it. Looks better then the photos in showcase. I will suggest this phone to People who are looking for a good budget phone. But the camera is not that good. The phone lags sometimes. Because it has 3gb of ram and MIUI is heavy. I will suggest the 4gb version. The CPU is powerful enough for daily tasks. It gives a premium experience. (Better then redmi) It doesn't have any ads.
336,5,"Phone is best in its price range, +Poco is knows for its best mobile, good 👍 I like it."
337,5,Vry vry good quality and performance is too good awesome design / everything is too good
338,4,"This is 2nd buy of poco brand, it is easy to operate, good for an average user, cost wise also looks better than other brands."
339,5,"It's more than a week buying poco C31. Honestly in my view I was little bit afraid of it's size, battery backup and display aspects but it just surprised me now that nowadays you can afford a good phone too in this much cost! Camera- avg but still gives you a feel to capture some micro shotsBattery- I just charge it 100% in the morning and ít backup let me use it the entire day. It consumes 70% in a day even after a heavy use.Processor- I almost used more than half of it's RAM ßtill it run..."
340,5,Super good
341,4,Good mobile for budget range... Camera is average but this is ok for this range and battery backup is good... Performance is good for normal users... Overall good smartphone at this price... Thanks to Flipkart
342,5,Super
343,4,Nice phone with okay display but good battery backup. Working smooth and overall good performance.
344,5,Performance- 4Battery- 5Display - 4Camera - 3Value for money- 4
345,5,Very Very Very Very Very Very Good Products Nice Mobile And Best Price Thank You So Much Flipkart...
346,5,this is all you get for a tiny budget phone like this one. the sound quality and call quality is quite good on this phone. the best part is the battery back-up on this phone. Till now no issue with this phone although i have used for only about a month so far. Not too sure how good it will function in the future.
347,4,Good For Basic Usage
348,5,"Value for money.  Excellent Battery backup.  Very Good Tower Signal ,  Very good display,  Very Good voice Clarity.  Loud speaker. Overall Very good phone."
349,5,"Awesome phone bought for my aunty best phone in this price, very useful for flexible use. Nice sound and volume, don't think gofor it. Also wireless fm works nicely. We can hear songs I the radio without headset."
350,5,"Today, 3rd Aug, 2020, I received the mobile phone. I am very happy with the phone. it is really low price but good  feature phone. Battery is 1750 mah which is more than enough for a feature phone. Another remarkablefeature of this phone is it has inbuilt sound amplifier, that's why loudly and clearly music can be listened. This is purely indian origin phone. Feeling proud to be an Indian. Thank you Lava international."
351,3,"Good display, good battery perfomanance, best gift for aged people. Easy to use, light weight"
352,5,Awesome design and features at this price point...Camera quality is not very good but decent 👌Battery backup is most highlight feature of this phone..😁I am love with this lava A3😘😘
353,3,Good product..You want a simple mobile using call these mobile very nice for calling and battery backup is also good with 2 days.
354,5,fantastic super super fast delivery very best choice for keypad mobile phone packaging is very good and very fast delivery before the date it is very glad to part of Flipkart fantastic mind blowing service from Flipkart and the product is very very good 👍👍👍👍👍👍👍👍
355,5,Very nice and excellent product considering its price. Perfect 🥰. But camera doesn't seem to be of 50mp as claimed. But overall excellent product.
356,5,"This smart phone is the best smartphone in this price range. This phone is really value for money phone.Camera- 8/10Best 50MP AI triple camera with 2 MP depth and 2 MP macro camera. Image quality is better than any other smartphone in this price range. Max 1080p full hd video also record by rear camera. HDR and night mode support in the camera8 MP Front camera pic quality is better in this price range comes with front screen flash, HDR mode, ai face beautification.Max 720p video record b..."
357,5,I have been using this phone since 5 months. fast performance. processor is very good. battery is very good. camera is okay not very good. good purchase. it is cheaper than other phones of the same configuration
358,4,"The build of the phone is very good and packaging was very good but transparent cover was not given by seller and the front camera is worth 8mp but the rear camera is not worth 50mp.It also does not have many applications likePhoto Gallery,Security Scanner,File Manager,Speed Connection etc.Overall, I would like to give 4 star out of 5 star."
359,4,Mobile ok
360,1,Poor camera quality Infact same time not working Poor displayPoor performanceNothing is good in this set
361,1,Phone Is Value For Maney ..But Camera Is Bad Condition..
362,4,Osm mobile volue for money 🤑 realme is good company..and thak you so much .. flipkart very fast delivery 🚚
363,5,Super camera at night
364,5,Nice phone... best 😍
365,5,"Best in this price band, I bought for my sister, and she loved it.... Camera is perfect for this price range, decent performance, buttery smooth experience as it has 90hertz display.. Just one thing, if there would be a wide angle lens, it would be better, but no issue.. Go for it"
366,5,Great phone under budget for gaming and for taking pictures. For PUBGM/BGMI players you should know that this device has gyroscope delay(5000milisec) but while playing BGMI in Graphic:smooth FPS:ultra(40) works well without lags... And tbh this is a great gaming phone under budget.
367,5,I think phone awesome very good products I like you phone camera is good processor g88 90 h display big battery full hd display I think good like this phone
368,5,"Best budget smartphone , all features are very good sound quality awesome and display quality very good"
369,4,Now Infinix is a good brand.. This smart phone is a budget smartphone.. I am very happy.. I recommend you all please use this phone.. Value for money.
370,4,"Best budget smart phone under this price. If you are planning for a budget smart android phone with good battery backup, big display, nice camera quality photos, great stereo sounds and performance without any lags.. Then close your eyes and go for it. Review of mine after a week."
371,5,"Honest Review after 7 Days.. Let's start with cons1. No notifications light (except charging) 2. Noise cancellation of phone mic is not so impressive3. Lots of Bloatware which you can't uninstall4. Game boost mode crashes every time while trying to launchOk now pros1. Phone is big, I mean really big2. Battery life And charging time is best in class 3. It comes with 90hz refresh rate but i am using it at 60 hz And it works flawless4. Sound quality of speaker is bestHonestly at th..."
372,4,Good in this price range. Everything in this range is ok (neither too god nor too bad).I felt that Infinix should work & improve their build quality. Infinix smartphones are not good in build as compared to other smartphones.
373,5,Nice model I fully satisfied value for money camera quality very good battery is good
374,5,"Terrific phone in this price...... Didn't expect this to be that good, night mode in the camera is great as well as the gaming performance.... battery is also great..Proper value for money"
375,5,"Best in this price band, I bought for my sister, and she loved it.... Camera is perfect for this price range, decent performance, buttery smooth experience as it has 90hertz display.. Just one thing, if there would be a wide angle lens, it would be better, but no issue.. Go for it"
376,5,Great phone under budget for gaming and for taking pictures. For PUBGM/BGMI players you should know that this device has gyroscope delay(5000milisec) but while playing BGMI in Graphic:smooth FPS:ultra(40) works well without lags... And tbh this is a great gaming phone under budget.
377,5,I think phone awesome very good products I like you phone camera is good processor g88 90 h display big battery full hd display I think good like this phone
378,5,"Best budget smartphone , all features are very good sound quality awesome and display quality very good"
379,4,Now Infinix is a good brand.. This smart phone is a budget smartphone.. I am very happy.. I recommend you all please use this phone.. Value for money.
380,4,"Best budget smart phone under this price. If you are planning for a budget smart android phone with good battery backup, big display, nice camera quality photos, great stereo sounds and performance without any lags.. Then close your eyes and go for it. Review of mine after a week."
381,5,"Honest Review after 7 Days.. Let's start with cons1. No notifications light (except charging) 2. Noise cancellation of phone mic is not so impressive3. Lots of Bloatware which you can't uninstall4. Game boost mode crashes every time while trying to launchOk now pros1. Phone is big, I mean really big2. Battery life And charging time is best in class 3. It comes with 90hz refresh rate but i am using it at 60 hz And it works flawless4. Sound quality of speaker is bestHonestly at th..."
382,4,Good in this price range. Everything in this range is ok (neither too god nor too bad).I felt that Infinix should work & improve their build quality. Infinix smartphones are not good in build as compared to other smartphones.
383,5,Nice model I fully satisfied value for money camera quality very good battery is good
384,5,"Terrific phone in this price...... Didn't expect this to be that good, night mode in the camera is great as well as the gaming performance.... battery is also great..Proper value for money"
385,5,Very Very Very Very Very Very Good Products Nice Mobile And Best Price Thank You So Much Flipkart...
386,5,this is all you get for a tiny budget phone like this one. the sound quality and call quality is quite good on this phone. the best part is the battery back-up on this phone. Till now no issue with this phone although i have used for only about a month so far. Not too sure how good it will function in the future.
387,4,Good For Basic Usage
388,5,"Value for money.  Excellent Battery backup.  Very Good Tower Signal ,  Very good display,  Very Good voice Clarity.  Loud speaker. Overall Very good phone."
389,5,"Awesome phone bought for my aunty best phone in this price, very useful for flexible use. Nice sound and volume, don't think gofor it. Also wireless fm works nicely. We can hear songs I the radio without headset."
390,5,"Today, 3rd Aug, 2020, I received the mobile phone. I am very happy with the phone. it is really low price but good  feature phone. Battery is 1750 mah which is more than enough for a feature phone. Another remarkablefeature of this phone is it has inbuilt sound amplifier, that's why loudly and clearly music can be listened. This is purely indian origin phone. Feeling proud to be an Indian. Thank you Lava international."
391,3,"Good display, good battery perfomanance, best gift for aged people. Easy to use, light weight"
392,5,Awesome design and features at this price point...Camera quality is not very good but decent 👌Battery backup is most highlight feature of this phone..😁I am love with this lava A3😘😘
393,3,Good product..You want a simple mobile using call these mobile very nice for calling and battery backup is also good with 2 days.
394,5,fantastic super super fast delivery very best choice for keypad mobile phone packaging is very good and very fast delivery before the date it is very glad to part of Flipkart fantastic mind blowing service from Flipkart and the product is very very good 👍👍👍👍👍👍👍👍
395,4,"//  What I Like Most? //1) Double door fridge with a convenient button control panel and with a 3 star energy efficient rating is an amazing deal. Nearly consumes 195 units per year, very economical.2) Cooling is very good, you need to set freezer temperature at optimal settings for ice making. Within 1.5hrs it is making ice, which is good. For the fridge 1 to 7°c has been given at the outdoor, 3°c is enough throughout the year, at summer peak times you need to set it at 1 or 2°c.3) Power ..."
396,5,"The model that I ordered was Frost free Refrigerator. There are two models which look very similar, however the difference that I found was with the buttons in front. This one has just a button for power cool and the temp buttons (pic uploaded). Until it works, I have no issues with the buttons. Though it has 3 stars the unit consumed is very less (pic uploaded) Delivery took just one day. Just next day in the afternoon the installation guy came, opened and installed the refrigerator. I a..."
397,5,A good buy and Kudos to the team who delivered it in 1days time.. do note that this may be an exceptional case even I was surprised delivery during lockdown.Very happy with the purchase
398,5,"Colour is nice, Function are User friendly, and easy to operate, performance is good, and overall worth for Money. Satisfied and impressed by Flipkart one day delivery service thanks You"
399,1,"I have ordered this fridge and delivered on time therefore I got offer on it that exchange option with my old fridge which is very good working quality and not even fainted its lustre and even after 6 years of used still it's glitter very well,perhaps in the bottom of side little bit rusted that's y I decided to purchase new one and after fascinated by this new fridge which I have been ordered and the delivery executive refused to accept my old fridge which is even working compresser in super..."
400,5,"Excellent product , it works well , I happy with it"
401,3,"Main thing is space management, Samsung managed but not done smartly , LG is best in space management , we can not put 2.25 drink bottle vertically in fridge, even single door fridge can , we can not put medium sized utensils with out removing one rack , performance is ok , Design is good , not so practical"
402,5,"Awesome product.. samsung is the best brand ever! Product delivered safely, thanks flipkart only thing is installation of product is delayed.. rest it's a nice product buy without any second thought, value for money 👍"
403,1,Received dented and unbalanced. Bottom is uneven. Totally disappointed.
404,4,I was sceptical about some dent on the backside of the product but the delivery and installation was surprisingly swift and on time. And after two weeks I am writing this review. I must say the product is great in space and design. Even in semi loaded and moderate settings it's cooling nicely in this summer condition. Now I have not monitored the energy consumption of it and would surely like to do it in future. I am satisfied with the product .
405,5,I am using this from last 10 days and its having a wonderful performance. Best thing is that its having no noise while compressor is working... awesome product and awesome service..thanks to Flipkart and delivery boys are decent n polite. Ekart service is superb.
406,5,"Received this product today, after you see the product trust me you will be thinking that you have best decision to buy this fridge.1) The capacity of the fridge is way more than enough for a family with up to 4 members.2) The top of the fridge is matt finish. So very less risk of the top and sides getting scratched.3) The refrigerator does not make much of noise, that's the perk of buying a 5 star fridge.Later I will update about the power consumption of the fridge and any issues if I c..."
407,5,"Best product, affordable price , good service  It saves electricity ,we are happy with this product"
408,5,I am very happy with this product and thank u flipcart for giving me in best price..
409,5,"Design wise most beautiful but lock quality & chiller tray, vegetable box quality is cheap according to price. Led light is beautiful. l strongly belive in samsung technology. So from my sight awesome product (Blived in closed eyes). Also belive in omniTech retail too. Thanks both of you"
410,5,"Excellent , low noice"
411,1,"Brought this few days back. Now start giving problems. Automatically getting defrost any random time.Ice cream, ice melt every days. Always you can see the water droplets on glass."
412,5,The working of fridge is very good it is enough for small family. The egg tray is useless and it is very good product. The horizontal handle is not that much convinient apart from this it is ver good good cooling
413,5,It's been 5 days we have been using this refrigerator. The fridge is running very smoothly without making any noise. I am pretty much satisfied with product i have chosen. Kudos to Flipkart for offering this fridge on a decent price and Samsung as well for awesome design.
414,5,I have ordered the product on 9th Jan and is delivered on 12th.Decent and smooth delivery.After 5 hours I have put the unit on power.Amazing.No unwanted sounds.But whenever you put some additional items it makes little sounds which is acceptable.Next day I put the unit on my 1Kv solar system with battery backup.Again amazing.Excellent for small families.6 days completed.So far I am very happy and that is why I am giving 5*.Finally thank you Flipcart and your delivery partner.
415,5,Immersive look and great deal to buy the refrigerator of samsung thank you flipkart for giving the such a great deal by you thank you 🙏🙏🙏
416,5,"It is more than our expectations. Colour is very enchantic, spacious inside, racks are also good,** constructing material of racks needed to be more strong.**very modest delivery persons and fastest delivery as well. Thank you flipcart giving the best deal..."
417,4,The refrigerator is beautiful and cooling is very good as well...the product has a good space inside to store big items as well. Overall worth the money.
418,5,"Loved this one! Just received one day back. Performance is as usual. Its new so can't review on the performance yet. But lookwise, its great! It has a glossy finishing on the door which is cool. I bought this for my baking items. So its tiny size is perfect for my need. Recommended!"
419,5,Good products
420,4,"Nice body fridge, osm color i like performance great everything is good"
421,5,Nice to have a refrigerator like this for a small family and value for money in this range. Over all good to have this refrigerator
422,5,Mind blowing 👌👌👌👌👌
423,5,"Very good performanceRight Size for small family, fit well in limited space.Freezer door material is plastic, the quality could been improved."
424,5,Worth buy. Sophisticated design. Usable for small family 3-4 person. Great ergonomic with low price. Easy instructions to use product.
425,5,I am using this from last 10 days and its having a wonderful performance. Best thing is that its having no noise while compressor is working... awesome product and awesome service..thanks to Flipkart and delivery boys are decent n polite. Ekart service is superb.
426,5,"Received this product today, after you see the product trust me you will be thinking that you have best decision to buy this fridge.1) The capacity of the fridge is way more than enough for a family with up to 4 members.2) The top of the fridge is matt finish. So very less risk of the top and sides getting scratched.3) The refrigerator does not make much of noise, that's the perk of buying a 5 star fridge.Later I will update about the power consumption of the fridge and any issues if I c..."
427,5,"Best product, affordable price , good service  It saves electricity ,we are happy with this product"
428,5,I am very happy with this product and thank u flipcart for giving me in best price..
429,5,"Design wise most beautiful but lock quality & chiller tray, vegetable box quality is cheap according to price. Led light is beautiful. l strongly belive in samsung technology. So from my sight awesome product (Blived in closed eyes). Also belive in omniTech retail too. Thanks both of you"
430,5,"Excellent , low noice"
431,1,"Brought this few days back. Now start giving problems. Automatically getting defrost any random time.Ice cream, ice melt every days. Always you can see the water droplets on glass."
432,5,The working of fridge is very good it is enough for small family. The egg tray is useless and it is very good product. The horizontal handle is not that much convinient apart from this it is ver good good cooling
433,5,It's been 5 days we have been using this refrigerator. The fridge is running very smoothly without making any noise. I am pretty much satisfied with product i have chosen. Kudos to Flipkart for offering this fridge on a decent price and Samsung as well for awesome design.
434,5,I have ordered the product on 9th Jan and is delivered on 12th.Decent and smooth delivery.After 5 hours I have put the unit on power.Amazing.No unwanted sounds.But whenever you put some additional items it makes little sounds which is acceptable.Next day I put the unit on my 1Kv solar system with battery backup.Again amazing.Excellent for small families.6 days completed.So far I am very happy and that is why I am giving 5*.Finally thank you Flipcart and your delivery partner.
435,5,"Writing this review after almost one month of usage of this product. We are family of 4 members and I was looking for fridge that will help our need. This fridge is good enough to do so. this is very nice designed fridge. As it's claim for fastest ice making 🧊 yes if compare to other brands it does fulfill its claim. Less noise till now and hoping it continues to be silent. Overall a good buy and satisfied with this product. And yes, thank you flipkart for timely delivery."
436,5,"After 10 days of using, I am giving this feedback.  Superb  cooling in less time.  Amazing looking as good 3d printing. Lower drawers  is extra features for keeping patato and onion. But power cords is little less. Compressor noises is absolutely  zero. I am suggesting to all customers to purchase it. Value for money. Also the lg care person came for installation. Provide all information and good behavior."
437,5,A very nice and value for money product. The inner space is enough and the space utilisation is quite practical. This makes very less noise. The quality is top notch. The reliability of LG brand is unquestionable in electronics.The delivery was very good.. The delivery person helped to bring the product to second floor. His behaviour was nice and supportive. Liked the overall experience about the product and delivery.
438,5,Very nice LG👍👍
439,5,Best refrigerator & Value for money because I am purchased this refrigerator in Big Billion Days So Nice Offers
440,5,My refrigerator is really Awesome performance and very good cooling.. I got this refrigerator very good thanks flipkart and seller....
441,5,Very good
442,5,Thank u flipkart for this refrigerator at this price I m very happy n it's just a day so I don't about the performance of refrigerator..let me use 1st after that I will write review about it ..good for small family 💕👪
443,4,Good
444,4,Very good refrigerator 🙂 performance good but  little bit noise coming other wise very good  looking good
445,5,Delivered on time. Great Fridge at a gr8 price!!!! Thank u flipkart. Colour is amazing i love it...
446,5,"Adequate for 3 people and delivery was fast and installation done next day.best value for money product ,cooling was good being used for a week as of now"
447,5,Very nice...  I'm very happy to see this item..  Very good product.. Wroth amount
448,5,"Refrigerator performance is very good with awesome design, I would like to give 7 stars to flipkart as I received refrigerator from Ekart with dent on door but flipkart gave support above my expectations and good the door replaced within 3 days.Applaud to flipkart service and samsung team"
449,5,Good
450,5,One of the best refrigerator in this price range. The quality of the product is very good. The color and space is also very good. Good for 4-5 people family.I have not faced any issue in last 15 days. One thing I like the most is this fridge has almost zero noise. I gave five start for this fantastic machine.
451,5,Very good
452,5,Very nice & good product
453,5,Very well liked and very beautiful
454,5,Thanks flipcart for this wonderful delivery. Looking wise so cute. I recommend this refrigerator for all
455,3,This model doesnot comes with cool pack and fresh room. The reviews and photos posted for this model are actually for another model. Flipkart shows same reviews and photos under all the Samsung refrigerator models which is alot confusing as we don't know if that particular model is worth buying. It's like their one model got good reviews so they are using those positive reviews and ratings for all the models to sell their products.
456,5,"First of all thanks to Flipkart for their two day safe delivery. I received the product with not even a single scratch. Coming to the product , it's spacious and suitable for a family with 5-6 members. Two separate motors for freezer and refrigerator made me impressed. Samsung's unique 5in1 convertible technology is pretty useful. There are two side racks in the freezer also in which we can keep small items such as Chocolates , nail polishes etc.. Freezer space is also huge.Deodorizing filt..."
457,5,"A must buy, if you need a bigger sized fridge. Optimal space design. Bottle holder at door are sufficiently wide and tall to hold 2.25L cold drink bottle, juice cartoon, milk cartoon, etc. The ice tray and storage box comes as a independent unit, which upon need can be removes from the freezer to increase the storage space. Similarly a tray halves the freezer into two, which is also removable.Led lighting inside the fridge, tempered glass shelves. I definitely recommend this product.Flipka..."
458,5,Product is excellent..Go for it.. Premium look provide.. Excellent cooling I got at 25990 value for money.
459,5,I definitely recomend this product..... Samsung is the best refrigerator that I used.. Wonderful performance and design... Low power conception... The delivery guys are so coperative and safe delivary... Installation and demo was in the next day of delivary..... Thanks flipkart
460,1,Cooling issue within one week of useFreezer looks fine but refrigeration is worstcalled customertomer care many times but still after 48 hours issue did not got resolved
461,5,"Got my 253 ltr refrigerator exactly within 3 days safe and swift delivery by Ekart. Demonstration done next day nicely by Samsung Service engineer. Wonderful, premium look and very silent refrigerator with 3 in 1 convertible inverter technology. Really love it thanks  Flipkart."
462,4,"I found everything perfect except the fact that the above freezer doesn't have a light. I just failed to digest this that they did not placed a light, so, during night time it's almost impossible to take anything from top freezer like ice cream and all without turning on the kitchen light."
463,5,Flipkart was very prompt on delivey .Samsung 324 L frost free  refrigerator is a  good product..The service Engineer  from Samsung  was very kind enough to answer all our queries. .His demo is very helpful.thank you Flipkart.
464,4,"The best in the lot for refrigerators is Samsung right now! Very dependable performance. For the design, I would say that I'm a bit disappointed with the third tray, as its too narrow...  Overall, a very good refrigerator. Packing was absolutely top class. The courier partners unfortunately, delayed the delivery, which led to a minor hiccup. Eyes closed, u can trust brand Samsung in refrigerators."
465,5,verry good and verry comfortable design and style fast Colling and smart compresser with 10 year warranty.
466,5,Best refrigerator on performance on .ice making time so fast 108  min it's time for company . Built quantity is best . Best service on Flipkart .  People try to buy is best refrigerator.
467,5,Superb product 👌👌 very fast delivery and delivery men is very helpful thank you Flipkart again
468,5,"I am using it for a month. After switching it on there was no sound of compressor. My first thought was..is it working properly?So I did an ice test. It converted water to ice within an hour. (Note - There was nothing else inside except a water bottle.) I don't know the exact time, but when I checked after 55 mins, ice was formed.So far it's working perfectly fine without any noticeable sound."
469,5,very good product. I'm very happy with the purchase. writing this review after using 1month. Flipkart customer care is very helpful. LG gave free demo & installation. thanks to both.
470,5,look like small but have more space. good energy saving as it is 5 star rating refrigerator and Lg brand. Good packaging. ice tray and eggs tray both had been attached. No issues. I am happy with this product. Thank you Flipkart.
471,5,Its is nice refrigerator and i definitely recommend it if u are looking for 180-200L range refrigerator. The best Thing about its is The energy efficiency and Not much heat dissipation from the back. There is No stand comes with it so think of it if you are going to place it in wet area.Happy Shopping...
472,5,"Excellent product from LG this refrigerator is a good product which I had purchased and I am happy with it.it has a beautiful design and a classic look.all over from outside it is good.from  inside it is also excellent it is good for a 4 member family and the best feature of it is the ""Fastest Ice Making""This feature is just awesome it just make ice cubes in just 3to 4 hrs😯😯😳😳.But I got it before 3 days ago and still the installation is not done i had to do it by my own.Not excepted thi..."
473,4,fridge's good but delivery service is bad
474,4,noise every 20 min like open close door 😠
475,5,Nice beautiful nice and super design nice looking value for money super finishing back and supercooling
476,5,"Color is same as shown.. and trust me everyone loved the design and colour. The leather-texture finish on the sides also look very premium.Delivery is also satisfactory as i didn't find any dent or scratch on the body. I bought this fridge after reviewing many models so i hope it works as expected.So far the performance and real rating is concerned, i will update this comment after two months of usage.Thanks."
477,5,"Super product. Color, look, design, performance is good.. we liked it so much. But it has narrow glass shelves and only one ice tray which is also very small.. base drawer is not a easy going one, cannot draw it smoothly. Apart from these 3 things, remaining options are the best."
478,5,Best performance and best in this rate but heating both sideOverall best designed and good quality
479,5,I am very happy with the product its looking awesome The delivery is super fast Promise date is 28th May and they delivered on 25th My family was so happy as its gift from my side to my parentsThanks you very much Flipkart for the great service
480,5,"Just go for it without thinking. Best in the service and received the product as it is shown in the pic. Thanks to the delivery team for taking good care. Lastly, loved this product so much, thank you Flipkart."
481,5,Awesome product. Nice and beautiful design. Not make noise. Good performance. Thank you flipcart.
482,5,Supar
483,5,Good product. Fast delivery
484,5,Excellent product.
485,4,Value for money good product
486,4,Good...
487,4,Quite Good . Good 4 bachelor 👏.
488,5,It is best parchase thanks Flipkart..🙂
489,5,Good
490,5,Awesome product
491,5,Good
492,5,So nice
493,5,Super product fast delivery
494,3,Good for small fimly 💥  Value for money and good to good
495,5,Same day installation and demo on the delivery.The technician was available in our locality so luckily got it done.First day review. The cooling is amazingly fast.Spacious indeed. More than satisfactory for a family of four. Should check how the power consumption so far is. The blast freeze option is amazing. Ice cubes formed within 30mins.Will update the review after a month of usage.I'd say go for it.Because it's the only five star rated tripe door fridge in this price segment.UPD...
496,5,"This fridge is really the best at low prices from United States Brand's - Whirlpool. I believe it's really hard to get a good brand of another brand at this price. Its design and its quality are really stunning and superb. It can not be compared to other brands. Simply Awesome!My Thought About Refrigerator: On a very local scale, a refrigerator is the center of the universe. On the inside is food essential to life, and on the outside of the door is a summary of the life events of the hous..."
497,5,Installed 3 days back. Till now performance wise is great. I have purchased 240l capacity being small family. Cooling is very good at Normal level. All 3 compartments cooling is equally good. Will update my review after long use. Overall till now a great appliance if you are not looking for big brands. Value for money. And great service of installation by Flipkart and Whirlpool.
498,5,This Refrigerator is Excellent. I bought this in Republic Day Sale in Offer. It's design is awesome and cooling features are mind-blowing. Space for foods and drinks are enough. I made Icecream to test its freezing point. Result is 10/10. I loved it's Steel Color. I got 10 years compressor warranty. Electric consumption is as low as an CFL light. Excellent product. Thanks Whirlpool.
499,5,Awesome triple door fridge in this price range. Cooling is superb it has different set of controls for different compartment. Vegetable compartment is spacious. Looks promising for long run.
500,5,Quite Happy with the delivery ! This fridge looks awesome !Waiting for the installation to be done.. i will update once the installation is completed..Update (20-02- 2017) - Installation is done.. whirlpool guys were awesome..And This does not make huge noise..a little which is normal.I will update you once i get to know about power consumption..Update (15-03-2017) -After using this for almost a month..i can say that this does not use too much units.. just 1-2 unit/day (its normal)...
501,5,Amazing product..value for money..go for it .
502,4,Good design
503,5,Appreciate this product.......
504,5,"thank you flipkart, beautiful and worthy product.... awesome. worth for every penny"
505,4,Satisfied with the product for the money ..it is suitable for small family..back is open .you can see all the wires .And we have to defrost manually ..only disappointment was nobody called me for installation  ..we only opened and on for the first time .put the legs ..and one leg did not fit properly making refrigirator to move ..somehow we adjusted the legs..otherwise everything is gud.
506,5,The product is good and I am so excited.Thank you Flipkart for providing me the Excellent Refrigerator with affordable Prize.I am very Thankful to delivery Guys also.
507,5,Great product at this price range. Original product and great quality meet the expectations. For storage it is for couples only not more than that. If you are more than 5 members better go for 245 ltr. For me it's more than enough and happy with the purchase.
508,5,very good refrigerator
509,5,"Review after first couple days:Looks: The color and texture feels pretty elegant.Capacity: Storage has been enough for 4 people‘s stock of ~5 days of fruits, veggies, dairy, snacks & desert.Cooling: Decent speed of cooling till now.Overall Value for Money ✌🏻"
510,4,"The price is decent for small family and  budget range. The shelfs are of perforated plastic coated wires and different as compared to the other variant with tempered acrylic sheet. No installation support was provided. However, delivery was smooth. Happy with the service."
511,5,Thank you flipkart amazing product.I am happy & fast coriour service
512,4,good
513,5,"Best product at this range. using it for last one and half month. fast cooling, low electricity consumption. best for 2-3 member small family."
514,3,Average Quality...Color Good..small discoloration present at side
515,5,Awesome product. Early delivery by flipkart but the delivery guy was very rude he was not ready for open box delivery apart from good experience. Worth every penny design and look wise quite impressive. Well done Samsung. Operation is very smooth and silent build quality is also very good. You can go for it without second thought you will not regret 🙂
516,5,"Wow mind blowing refrigerator,  Flipkart  providing us awesome products, no violence no vibrate looking cool back side some heating but it's common great build quality, nice color and reasonable price thanks flipkart for very fast delivery before the date. If anybody need don't waist time go for it, I purchased 230LI give  5 out of 5"
517,4,"This is very god product from a reputed brand.Digital include stabilizer,nice looking and I feel happy with good quality then thanku flipkart provide me best product...Flipkart is good plate form of best products..."
518,5,Excellent looks with updated technology. Interior is also good with decent material. Huge space as single door refrigerator. Out side looks like double door refrigerator.
519,5,Nice product in a genuine price. Performance of the product is very good. Cooling is also very good. The design of the product is very nice. It is a 3 star rating product. Everyone should buy this. Thank you Flipkart. Once again I build a confidence in Flipkart. Very cool.
520,5,Delivery executive is such a nice person and very good behaviour and flipkart service is great too fast....                        Refrigerator looking good and design also nice my all family member like it...price is reasonable...just today I installed this fridze so I will give a second review about this fridze in details all the pros and cons after uses 15 days...I hope it's a great deel with samsung.thankyou
521,4,Good
522,5,Very nice refrigerator and nice colour I am happy.😊😊😊
523,5,Super fridge I like it very much
524,4,Not bad
525,5,Value for money.... Best for the small family... Nice cooling.. Nice colour... Nice looking...
526,5,Good
527,5,very good
528,4,Good
529,5,Nice product  i buy only 10600
530,4,Nice material thanks to flipkart
531,4,Flipkart delivery was awesome. Product is also good but price is little high for 2 star Fridge.
532,5,Good product 👍👍 thanks for Flipkart thanks delivery boy
533,5,Writing review after one year of useProduct is awesomeCooling is fantasticDesign is very good lookingMust buy
534,5,Super
535,5,"Godrej indian brand have good quality, used other Godrej fridge for past 18 years with no repair/issue. So decided to buy this one. It has good design inside and outside. After using it for 15 days seems like value for money. Budget friendly option."
536,4,"I m giving this rating after 15 days of use this is a very good product, good cooling. This is good for a small family in terms of capacity & this product is value for money."
537,5,The absolute purchase..like it a lot Godrej 185 L..Very silent machine..my wife is very happy with this purchase..u can here it's compressors noise at night time while silence everywhere.. cooling is too good keeps vegitables fresh..always read installation manual while installing.. delivery is good on time as mentioned by FLIPKART.. product is in very good condition..packaged well by manufacturer..no damage..no complaints as well..Fully recommended for small family..A happy product itself ☺️
538,5,Nice 🥰👍✌
539,4,"It is best on budget, recommend for small families or less storage usage, since it is 185l only. Cooling is good, no issues still now, compressor sound audible only during nights, otherwise quiet ok. Energy efficiency couldn't say anything, but according to it's paper description, expecting it will be better than our old one. This review is after 4 days of usage."
540,5,So nice podack
541,1,"After using the product I'm writing this review, the product was not good because of its noise it will make sound much more compared to other products if it doesn't matter you can go it finally my conclusion not for worth"
542,5,Nyc.
543,5,Nice  product  within good range of money .. value of money ..
544,5,Best productDelivered in 3 days onlyBest service by FlipkartHighly recommended
545,5,verry good and verry comfortable design and style fast Colling and smart compresser with 10 year warranty.
546,5,Best refrigerator on performance on .ice making time so fast 108  min it's time for company . Built quantity is best . Best service on Flipkart .  People try to buy is best refrigerator.
547,5,Superb product 👌👌 very fast delivery and delivery men is very helpful thank you Flipkart again
548,5,"I am using it for a month. After switching it on there was no sound of compressor. My first thought was..is it working properly?So I did an ice test. It converted water to ice within an hour. (Note - There was nothing else inside except a water bottle.) I don't know the exact time, but when I checked after 55 mins, ice was formed.So far it's working perfectly fine without any noticeable sound."
549,5,very good product. I'm very happy with the purchase. writing this review after using 1month. Flipkart customer care is very helpful. LG gave free demo & installation. thanks to both.
550,5,look like small but have more space. good energy saving as it is 5 star rating refrigerator and Lg brand. Good packaging. ice tray and eggs tray both had been attached. No issues. I am happy with this product. Thank you Flipkart.
551,5,Its is nice refrigerator and i definitely recommend it if u are looking for 180-200L range refrigerator. The best Thing about its is The energy efficiency and Not much heat dissipation from the back. There is No stand comes with it so think of it if you are going to place it in wet area.Happy Shopping...
552,5,"Excellent product from LG this refrigerator is a good product which I had purchased and I am happy with it.it has a beautiful design and a classic look.all over from outside it is good.from  inside it is also excellent it is good for a 4 member family and the best feature of it is the ""Fastest Ice Making""This feature is just awesome it just make ice cubes in just 3to 4 hrs😯😯😳😳.But I got it before 3 days ago and still the installation is not done i had to do it by my own.Not excepted thi..."
553,4,fridge's good but delivery service is bad
554,4,noise every 20 min like open close door 😠
555,5,Awesome Fridge For Small Family 🔥🔥 Good Condition And Cheapest Price Love it Thank you flipkart 🤘🤘
556,5,Nice wonder full refrigerator by Flipkart and Samsung good job .. perfect at this price range good ..
557,3,This is a very Good Refrigerator In this price  the cooling is so fast and no noise it is very silent Refrigrator this is the best product on flipcart at this price I recomdanded to you to buy this buy this the product of samsung Quality is so good
558,5,Good quality and style by Samsung. Awesome refrigerator .Thank you Flipkart.
559,4,"Best in segment, truly value for money product!"
560,5,Thanks so much
561,5,Value for money
562,5,Good...
563,3,very nice
564,4,Nice
565,4,Very nice refrigerator by LG for small family. Pros1. Silent Operation 2. Superb Cooling 3. Best Design & Look4. Strong Glass Shelves 5. Works with home inverter without any issue6. Quick ice making 7. 5 Star with 104 unit electricity consumption per year 8. BEE Rating Year - 20219. Stabilizer Free operationCons 1. Low Size Vegetable Basket (Compare to Godrej & Panasonic same size Fridges ) 2. Low space in  refrigerator compared to other brands in same price. 3. Little bit ...
566,5,"Beautiful product, same as shown in image, value for money. Swift delivery. Working fast and fine in the first hour of installation.You may go for it without a second thought."
567,5,"Nice product, i liked it, outer & inner part are very beautiful,  electricity unit - 104 unit/year. Buy it.....a great indian product with great indian company delivery....Thanks Flipcart"
568,5,Delivered on time.Performing well.
569,4,"The delivery mam they annoyed to install it  &  complementary things like water bottle , mat are not given with this product  Or else refrigerator are  perfect &  best to use"
570,5,Very good product nice colour
571,4,Ok
572,5,Good looking best LG product good
573,4,This Price perfect refrigeter another company and coruior boy best
574,5,Great
575,5,"Actually, it was gifted to someone. So cannot review the product specifically.  However, I am an owner of Haier fridge otherwise also. Its silent operation is the best feature other than the capacity. Haier customer services is also very prompt and friendly. Thanks team for delivering the product as committed."
576,5,"Thank God, Nice product and low sound compressor, One hour iceing technology. Shipping also in right time at in right place."
577,4,Its compact for a 3 to 4 members family/bachelor room.We have good storage place and cooling effect is also. I recommend it for all budget family.
578,4,"The look is cool and good. For a small family and for bachelors room it was good to use. Deep frizer is great as per specifications.The back of the refrigerator is fully closed except the bottom. The bottom is open contains motor, outlet pipe and drained water storage container with aluminium end at the base."
579,5,Luks decent ..nice..simple..good for small family like meh...only 3....jst installed today myself...so can't say bout energy efficiency ...let's see in comming month electrycity bill...hope for the best....I recommended this product for small fmlys..thanks  to flipkart for their fast service..
580,5,Good value for money product. Performance is awesome even in extreme hot weather. The foot pegs are a little delicate but the thermocol can be used as a base or a stand can be bought
581,5,"I have been using it gor more than 20 days and fridge is working in excellent condition. Dedign is very good, cooling is optimum. Sometimes, due to load shedding power cuts are more than 6-7 hours at my still this product works awesome"
582,5,"Super product flipcart delivery super , this is 4 star freez but working 5 star rate good product and thank u flipkart"
583,5,Very Nice cooling smart led light function 1 hour before make ice. Ekart courier patner service favorable.Awesome fridge nice ekart service.
584,5,"Close your eyes and go for it! Really a best selection, runs without noise, being a 5 star 🌟 rated, works energy efficiently, Cooling is good in a short time! One negative is the water compartment while defrosting , which we can't view other wise everything is great!"
585,3,This model doesnot comes with cool pack and fresh room. The reviews and photos posted for this model are actually for another model. Flipkart shows same reviews and photos under all the Samsung refrigerator models which is alot confusing as we don't know if that particular model is worth buying. It's like their one model got good reviews so they are using those positive reviews and ratings for all the models to sell their products.
586,5,"First of all thanks to Flipkart for their two day safe delivery. I received the product with not even a single scratch. Coming to the product , it's spacious and suitable for a family with 5-6 members. Two separate motors for freezer and refrigerator made me impressed. Samsung's unique 5in1 convertible technology is pretty useful. There are two side racks in the freezer also in which we can keep small items such as Chocolates , nail polishes etc.. Freezer space is also huge.Deodorizing filt..."
587,5,"A must buy, if you need a bigger sized fridge. Optimal space design. Bottle holder at door are sufficiently wide and tall to hold 2.25L cold drink bottle, juice cartoon, milk cartoon, etc. The ice tray and storage box comes as a independent unit, which upon need can be removes from the freezer to increase the storage space. Similarly a tray halves the freezer into two, which is also removable.Led lighting inside the fridge, tempered glass shelves. I definitely recommend this product.Flipka..."
588,5,Product is excellent..Go for it.. Premium look provide.. Excellent cooling I got at 25990 value for money.
589,5,I definitely recomend this product..... Samsung is the best refrigerator that I used.. Wonderful performance and design... Low power conception... The delivery guys are so coperative and safe delivary... Installation and demo was in the next day of delivary..... Thanks flipkart
590,1,Cooling issue within one week of useFreezer looks fine but refrigeration is worstcalled customertomer care many times but still after 48 hours issue did not got resolved
591,5,"Got my 253 ltr refrigerator exactly within 3 days safe and swift delivery by Ekart. Demonstration done next day nicely by Samsung Service engineer. Wonderful, premium look and very silent refrigerator with 3 in 1 convertible inverter technology. Really love it thanks  Flipkart."
592,4,"I found everything perfect except the fact that the above freezer doesn't have a light. I just failed to digest this that they did not placed a light, so, during night time it's almost impossible to take anything from top freezer like ice cream and all without turning on the kitchen light."
593,5,Flipkart was very prompt on delivey .Samsung 324 L frost free  refrigerator is a  good product..The service Engineer  from Samsung  was very kind enough to answer all our queries. .His demo is very helpful.thank you Flipkart.
594,4,"The best in the lot for refrigerators is Samsung right now! Very dependable performance. For the design, I would say that I'm a bit disappointed with the third tray, as its too narrow...  Overall, a very good refrigerator. Packing was absolutely top class. The courier partners unfortunately, delayed the delivery, which led to a minor hiccup. Eyes closed, u can trust brand Samsung in refrigerators."
595,5,Super lg company product from other company product.volue of money .Best colour best quality best desine I like this product awesome .And all over best 5/5
596,5,Very nice for 4 to 5 family members almost all facilities available in the refrigerator and best price for middle class families. Thanks LG & Flipkart.
597,5,"Best for small families and convertible for sudden requirements ! LG linear inverter compressor , tough shelves, silent function, well lighted . Go for it if not particular about absence of separate door cooling."
598,5,Loved the delivery by EKart...the delivery guys were really cooperative and polite...apart from that the performance of LG products is always beyond doubt..
599,5,Nice
600,5,"Dazzle steel has a convertable option, and shinny will not come with convertable.. I brought Dazzle and its a convertable, we can make freezer to normal cooler, and normal cooler to freezer on the bottom one.."
601,5,"I have bought dazzle steel which is convertible. If you want that very shining mirror like body, go for shiny steel (not convertible)* Very good product* Keeps everything really fresh* Great value for money* Rich premium look* Noise is very less (actually zero noise)* Safe delivery with good packaging* Came for installation and demo the next day itself (if you are getting delivery in the day time sometimes installation and demo may be done the same day itself)Totally very good buy b..."
602,5,"Bought the product in February, till now satisfied with the product and features. Only point like there is no light for freezer except that all are cool features. Convertible freezer also working as expected. Overall cool fridge. Power consumption bit high I think, as per my usage."
603,5,...there must be a feature/an option to shut down the either part of the fridge for a particular time period so as to save electricity. ...however overall satisfied with the product. THANKS to the whole chain/mechanism for amazingly fast delivery.
604,5,Good product. Body and design is same as previous year's models. As of now I am not facing any issues. There were lot of complaints related to noise but I am using it for last 2 days and I am not getting any sound while the fridge is running. Overall a great purchase and timely delivery by flipkart and I got it installed the next day. Overall a very pleasant experience.
605,5,"Bought this during big billion. The product delivered as promised. Salient features are 5 star, silent function, good space for small to medium family. Go for it it's worth the price"
606,4,"Very Good  Refrigerator and 5 star and  2021 model, i by only 15190 in big billion days As on Nov 2021"
607,5,Awesome
608,4,Good
609,4,I like this product 😍
610,5,Fantastic
611,4,Super good
612,3,Su super
613,5,Good Quality
614,5,Lovely
615,5,very good product and thanks to flipkart for deliverying product in my village  your wishmaster is very good man who deliver my order at right location and right time thanks
616,5,"Delivered before schedule, item is as per shown on Flipkart. Nice cooling, value for money."
617,5,what you need absolutely found in this product very good good with in 192 litre fridge one is awesome storage is good capacity and moreover the cooling is superb and personally recommend this to other customers
618,3,Samsung is the good product.. but little bit bad experience.. like loud sound.. sides heat.. other wise all good.. Flipkart is always sales good product.. I trust Flipkart always..
619,4,when i on the fridge first 4 hours very heated then it normally cool i like nice fridge
620,4,super
621,4,We really love it nice and cooling as well good
622,3,The product is good for a small family or to be precise for a Bachelor. The tray above vegetable bin does not have any plastic border. It is just a glass with sharp borders. Can cause serious cuts if not handled properly. Rear side foot stands are quite small. Once should definitely buy a fridge stand to protect from any floor spillover. There is no coolpack although referred in product kit. No defrost tray. The water will spill out on defrosting.
623,5,"value for moneyclean back . silent compressor. no noise.  for a small 2 or 3 persons family it is ok. drain water collected outside , placed above compressor, normally gets evaporated. colour is also good and smooth. lock could have been provided. Good product from reliable Samsung."
624,5,Awesome price and awesome work I like it
625,4,Value for money good product
626,4,Good...
627,4,Quite Good . Good 4 bachelor 👏.
628,5,It is best parchase thanks Flipkart..🙂
629,5,Good
630,5,Awesome product
631,5,Good
632,5,So nice
633,5,Super product fast delivery
634,3,Good for small fimly 💥  Value for money and good to good
635,5,Item is good sound quality is good picture is good realme tv best
636,5,Ertugrul Fans❤️💓This is most iconic Tv Is awesome. This tv is 43 inch Sound is very beautiful with Dolby speakersConnectivity is very fast and pictures quality is best. As much as I appreciate this tv
637,5,"After 1 Year of TV Usage, Awesome TV... Superb Sound & Excellent Picture Quality... We have to download Google Home App from playstore for connectivity of Phone to TV ...... Overall Best TV at this price... Thank You ❤️"
638,4,Nice tv in the segment.... Good to see full HD display... Youtube works perfectly... 👌... Play store is awesome... Overall 4.5/5 🌟
639,5,"As promised by realme,Better picture, better sound, better visibility,better speed and connectivity. Better purchased if anyone of you thinking to buy an android TV this could be a wonderful choice for you as its side viewing angle is also wonderful.                  And also for your family.(better choice)"
640,5,Awesome tv yrr... Agar tmhe lena h to... Bina soche lelo.... Literally the tv is awesome ❤i love it
641,5,So far soo good.. picture quality is amazing with respect to HD ready perspective. Sound is superb. No connectivity issue or lagging faced soo far. Nothing to complaint. But I have made a mistake by not including 3years protection while buying this TV. Wall mounted by Jeeves perfectly and charged only 400 rs. Overall a nice experience. Thanks.
642,5,"This is the most iconic TV and best budget TVI'll experienced a little bit lag,overall TV is very goodPerformance is all good. The interesting part is the speakers, It is the best dolby atmos speaker I have ever seen.Overall the TV is beast.I do not have any hate on this TV. For pictures quality I'll give 4stars. It gives the best color on the TV screen. I have purchased 3years extended warranty, because in this warranty the agents will repair the TV on the door step itself,"
643,4,Budget friendly smart tv for all.Lagging issues remain. Working 3rd part app like thop tv superbly. Operating is easy. Even my 6 yrs kid can open this smart tv using wifi or normal set top box. 20% sound is enough for living room. Casting and voice assistance are slow to respond. Overall great choice for entertainment.
644,1,"Don't buy this tvMy tv display has not working within 3 monthsit's not a good tv not value for moneyGo for good brands like LG,Samsung or Sony"
645,5,Very good product .Buy this product about price.
646,5,As per price value product is UP TO THE MARK..
647,5,Very nice product go for it velue for money picture quality suparb
648,5,Super quality led don't think too much go for it 👌🤪
649,1,My suggestion not purchase this product not full android simple Android not support Disney hotsatr not buletoot connection
650,5,Good tv compare to otherd
651,5,Value for money......
652,5,Gr8 product value for money
653,1,"very poor not a smart tv its semi smart tv with limited apps don,t buy"
654,5,Very nice and satisfied product
655,4,Anyone who is reading my review please read completely because I have tested and analysed the TV a lot in every possible way.1. The TV really justifies its price. You cannot compare this TV's feature with high end TV of Samsung and Sony that is absurd.2. Video Quality is quite great just that when you view from an angle the intensity of colour changes which is fine concerning the price of the TV3. Sound Quality is awesome. It has 20W dual speakers which is quite great and once again don't ...
656,4,"1) Look is premium. (5/5) 2) Speakers are good and well equalled. (5/5) 3) Display is good. Prefer HD setup box. (4/5) 3) Operates faster with Bluetooth remote but slow with sensor one. 4) Pathchwall is great (Launcher).Gives modern look. (5/5) 5) Little problem with Miracast ( delay in audio), but you can use Google Home for Lagfree experience. (4/5) 6) Tv looks bezelless when it is in off mode but having small border actually. When you turn on the TV you can notice it. 7)Go for it. O..."
657,5,This television is value for money. Bought it for 13500 during big billion days sale. It was delivered in 3 days and installation done next day. The picture quality is good and there is hardly much difference you will feel between full HD and HD ready screens. Sound is optimal . I faced a little issue while connecting my bluetooth earphones. Rest everything is good and i would definitely recommend to go for the product. Patchwall software is just great and XiaoMi have nearly perfected it in 3...
658,5,Best smart TV in this price segment. Though I was little bit confused about the connectivity issues written over here in the reviews before purchasing this TV but frankly speaking after using this above one month there is still no issues about the connectivity and all. Each and every functions of this TV are works very Smoothly and after the new android update it is now more faster than before. But one thing I must tell you guys that I have a home theater system with Bluetooth connectivity wh...
659,5,"I have researched a lot before buying this TV, I almost spend a week, browsed a lot, watched 10+ hours of videos, finally within 23k, this is the TV I purchased. I was little nervous at first because all I have used is LG & Sony before, but first time I bought some non premium product. My parents couldn't even pronounce Xiomi, to be honest even I can't. After using this TV for a week, I can say, go for it. This is an awesome TV, with perfect picture quality and user interface. Yeah sound co..."
660,5,This is very good smart TV in budget. 40 inch is very good size neither big nor small.... I love this ..
661,5,One of my friend recommended me this Mi LED TV so I bought it from flipkart and I can just say that this is the best value for money android TV from the house of Xiaomi. Picture quality is very good and even sound output is superb. Thanks to Ekart executive for super fast delivery and installation. Very happy with this purchase.
662,5,Best smart tv good sound I really like after using 1 Week
663,3,Very good TV nice mi
664,4,best tv in this budgetPros-- great sound- picture quality- apps Cons-While mirror casting after like 20 minutes it stopped  casting. Rest all is great
665,4,Anyone who is reading my review please read completely because I have tested and analysed the TV a lot in every possible way.1. The TV really justifies its price. You cannot compare this TV's feature with high end TV of Samsung and Sony that is absurd.2. Video Quality is quite great just that when you view from an angle the intensity of colour changes which is fine concerning the price of the TV3. Sound Quality is awesome. It has 20W dual speakers which is quite great and once again don't ...
666,4,"1) Look is premium. (5/5) 2) Speakers are good and well equalled. (5/5) 3) Display is good. Prefer HD setup box. (4/5) 3) Operates faster with Bluetooth remote but slow with sensor one. 4) Pathchwall is great (Launcher).Gives modern look. (5/5) 5) Little problem with Miracast ( delay in audio), but you can use Google Home for Lagfree experience. (4/5) 6) Tv looks bezelless when it is in off mode but having small border actually. When you turn on the TV you can notice it. 7)Go for it. O..."
667,5,This television is value for money. Bought it for 13500 during big billion days sale. It was delivered in 3 days and installation done next day. The picture quality is good and there is hardly much difference you will feel between full HD and HD ready screens. Sound is optimal . I faced a little issue while connecting my bluetooth earphones. Rest everything is good and i would definitely recommend to go for the product. Patchwall software is just great and XiaoMi have nearly perfected it in 3...
668,5,Best smart TV in this price segment. Though I was little bit confused about the connectivity issues written over here in the reviews before purchasing this TV but frankly speaking after using this above one month there is still no issues about the connectivity and all. Each and every functions of this TV are works very Smoothly and after the new android update it is now more faster than before. But one thing I must tell you guys that I have a home theater system with Bluetooth connectivity wh...
669,5,"I have researched a lot before buying this TV, I almost spend a week, browsed a lot, watched 10+ hours of videos, finally within 23k, this is the TV I purchased. I was little nervous at first because all I have used is LG & Sony before, but first time I bought some non premium product. My parents couldn't even pronounce Xiomi, to be honest even I can't. After using this TV for a week, I can say, go for it. This is an awesome TV, with perfect picture quality and user interface. Yeah sound co..."
670,5,This is very good smart TV in budget. 40 inch is very good size neither big nor small.... I love this ..
671,5,One of my friend recommended me this Mi LED TV so I bought it from flipkart and I can just say that this is the best value for money android TV from the house of Xiaomi. Picture quality is very good and even sound output is superb. Thanks to Ekart executive for super fast delivery and installation. Very happy with this purchase.
672,5,Best smart tv good sound I really like after using 1 Week
673,3,Very good TV nice mi
674,4,best tv in this budgetPros-- great sound- picture quality- apps Cons-While mirror casting after like 20 minutes it stopped  casting. Rest all is great
675,5,Very Good Picture Quality with a decent sound system. You can surely go for this product in this price range. Good delivery by Flipkart.
676,5,Nice one at this price good Samsung 🙏🙏🙏🙏My first Samsung led tv 📺 Befor I always use lg but this time Samsung I’m happy with Samsung led tv great job by Samsung and the Flipkart Thank you 🙏 Flipkart to deliver in this lockdown also little bit late but great work by Flipkart Good luck 😉
677,4,"overall is good compare to price, pictures quality is good but not hd intertnet options are also good it affordable and good"
678,5,"Wow!!! I am very surprised about it. It is very awesome and nice picture quality and like of Full HD but it is HD. It is Ultra HD + HDR, Deep Colour (True beautiful Colour) I am extremely happy and mind blowing. Thank Flipkart Service. I already giving rating of 5/5 🔥.Picture/Sound/Connect or all are rating of 5/5 🔥🔥🔥"
679,5,"I was in hurry to buy and I don't find any Bette deal like this. Samsung has trusted customer value so, I go for it. Actually there are so many options but price difference of 1k to 2k I don't want to take chance for chinese brand. So I opted for this and satisfied. My kid love it and it's compact size fits in my bedroom easily."
680,5,"Nice tv within the budget. Sound quality is good, for picture quality I had to attach hdmi cable from set top box to tv. After that quality is pretty good.This tv did not come with a stand so I had only one option with the wall mount which I didn't like. Apart from that overall experience is good."
681,4,"Value for money.. Pros: Picture quality and different picture modes.Sound quality is beyond expectations.Have all the necessary apps and you can also download them.Smooth interface, not too much lag.Cons:Casting: sometimes picture/video doesn't show while casting.Thick besels in 2020.Overall I would say it's a fantastic product from Samsung. Happy that I didn't buy the cheap Chinese alternatives. Go for it if 32 inch hd ready smart tv is your choice. Loved the product..."
682,5,Awesome ...no one comparison to this one..I am totally impressed...thanku.samsung..  to make.. this type of television... Nice .. buy...it. don't think... About  to purchase to... Samsung... Nice... I will provide ..5 out 5....
683,5,Really awesome tv best quality very good sound... Just go for it guys bcz its very bettet than mi TV.  Very low prize best quality tv great and tqq flipkart
684,4,Very good 👍 tv
685,4,"Mi TV 5x 55” delivered on 09th & installed on 10th , everything was smooth , TV has a good rich feel with near bezel less Metal frame design , the new adaptive brightness feature is really good , adjusts according to our room lighting making viewing pleasant to eyes , ok google works well , audio is ok not great , some apps volume is good but apps like Apple TV+ have to rise volume to 60 , panel is VA , so contrast is good has good viewing angle up to 120 D after that you will loose color & c..."
686,5,Very good TV. Decent picture quality and sound effect. Value for money. I am just expecting this TV to work for 4 years.
687,4,"Pros:1. Picture quality is perfect(I think it is better than its competitors at this price range)2. 4k videos can play perfectly fine.3. Bezels are thin.(for people who don't like thick bezels it's a perfect tv).4. Patchwall looks goodCons:1. The biggest con of this tv is SPEAKERS. I have got 43"" tv which has 30 w speakers (believe me my old CRT tv can produce better sound than this). I think all those Dolby Atmos and stuff are gimmicks. If sound is ur mail priority don't go for this t..."
688,4,Super awesome  mine is 55inch tv got delivered next day of Order but installation is very badd no response from Flipkart. So finaly called mi store and they did it in same day. And coming to tv specs are awesome1. Sound is good but bass is not great2 picture quality is awesome 3 adaptive Brightness is not that good but it's fine u can enjoy it4 connectivity is fine ok ok5 tv design is awesome but u may feel light electric shocks on corners when u touch as it's made of metal6. Patch wall...
689,2,"Coming straight to the point, the tv feels a bit laggy at times. Switching apps takes time. The sound is not upto the mark, tried all settings available to optimize but couldn't. You definitely have to use a soundbar for better experience. I also noticed a bug, the tv automatically redirects to patchwall while playing YouTube videos. Happened once.Another bug I saw, while switching from SD to HD channel, the auto-scalling cropped half of the screen for a while. Switched it off and then on ag..."
690,5,"Great Buy.!I was in confusion after seeing the ratings given by people but still i went for it.And i must say the TV is great and i am happy with it completely.I have 50 inch varient.Display- details are great. Red colour is a bit overwhelming, but after a few tweaks in the Picture settings it is absolutely stunning. Watching cricket matches, movies is absolute delight.you can increase the backlight and adjust contrast,brightness as per your liking.Sound-Sound is great but i would reco..."
691,5,"Posting this review after using this TV for 8 days..1.Picture quality is just awesome. Every pixel is clear.4k 8k videos just gives you awesome feel.2.Sound quality is better than previous MI 20w speakers, Sound is loud as this TV having 40w speakers but I am not happy with bass of these speakers. Should have more bass with this price range.3.Connectivity is good. I am using with 200mbps wifi. Remote is smooth and Google assistant is working excellent.4. Patchwall and other features a..."
692,5,"Don't listen to all the reviews and all that BS about the panel being not bright enough for HDR or won't be visible in areas with too much natural light. The tv viewing experience is very good albeit the sound is ok, the bass is not boomy if you are wondering that. If you are buying this tv i would suggest you to invest in a good soundbar or a home theatre system. Coming from a Sony 3d tv to this is not at all a disappointment. If you are going to buy this tv you won't be disappointed. And al..."
693,5,"Fabulous TV , I bought 43'inch segment ,it's looks premium TVPicture quality JUST WOW😍❤️Dolby Sound is Awesome 😍Connectivity also good , I Loved it. Just go for it without any doubt."
694,5,"Product is very very awesome .Picture quality  upto mark .Sound quality value for money .Delivery and installation are more than my expectation(awesome).Note : installation same day that day tv delivered and delivery persons are too good as behavior. So , my recommendation to who want MI to buy this Thank you MI 😊"
695,5,"This review is after long-term usage of 6 months, the video quality on this TV is really good especially in this range- the color production, and sound quality is good too...you can really enjoy watching series on this TV. It is really light and there is virtually no bezel- the design is really good! The remote is really simple to use and lightweight, and the user interface is smooth and easy. One great thing about this TV is Oxygen play where you can find all the content in one place....and ..."
696,5,"At this price point, the TV is good to have with easy connectivity and setup.Picture quality is good for the led screen(however you can compare another tv in the same segments).The sound is good although Dolby impressions I couldn’t get in the first use(perhaps need to check more).Remote is clean and minimalistic and easy to use.Connectivity is good, able to connect to wifi via router and hotspot and the connection stays and works perfectly fine. Able to use any streaming services without..."
697,5,"It is superior TV. Working on android pie .You can also use Oxygen play interface for a content centric view.It has good voice command Bluetooth base remote control.This TV incorporated with Gamma engine with MEMC , Super resolution , colour space mapping , dynamic contract . Connecting options with Wi Fi , Bluetooth , HDMI , ethernet are very quickly n fast response .Highly recommended for your future TV...😊😊"
698,5,A very nice Tv with many adjustments and a best sound quality and also nice used with Google assistants.. Highly recommended by me. ☺️
699,5,"OnePlus always brings to us all those high end tech device s at such an amazing prices . They has turned out be a blessing for families like me with such products . I am very happy with the product 43"" TV . I have ordere it for my Mom , :- The UI and ease of use for old lady coming from non tech era >>>>>:- The sound quality is just superb :- Some improvement can be done for connectivity with other smart devices . :- Ease of installation So happy with flipkart also for delivery to small..."
700,5,Thank you Flipkart amazing product 1+ TV new model  Awesome product I m happy 1+ TV super quality one days used nice product this range everything is ok
701,5,It's pretty good n with oosaammmm clarity .....  One word to describe - value for money 💰
702,5,Very good picture quality.. And sound is much good than other led tv's because there is dolby speakers in it...thank u thank u so much..❤❤😍😍😍
703,1,"Team, Today only I received my product - 29, May, and below are pros and cons.Good Point:1. Very quick delivery2. Better clarity compare to Mi and UV3. Easy to handle and lightweight just 6 KgsBad Points:1. Not having AUX sound connectivity, it has Digital Optical Audio Output which is mostly not available with general sound system2. difficult to share the mobile screen with this TV since OnePlus connect android App don't work on all mobiles3. The Installation team will come after 8..."
704,5,"Best Budget friendly smart tv one can buy, although the video quality is not at par with that of samsung/sony but the sound quality is seriously amazing 💯. Easy to install and use !!"
705,4,"This is my first Smart TV and probably first detailed review ever.I bought this TV after a long research and hesitations. I was worried about my TV experience in low budget and I cannot afford LG, SONY and SAMSUNG high end TVs. Low Budget segments from these makes are not upto the mark as per my research. So competition was between either Mi or Vu. Don't compare this TV with QLEDs and OLEDs. They are high quality brand Tvs which require deep pockets too. I, Like many other thought Vu is Chi..."
706,5,picture quality is excellent 5/5sound quality is good 3.5/5design of TV 5/5value for money 5/5 I purchased it at 27k and this is my first LED tvI am very happy with the product....you can purchase this TV.
707,5,Great product at the price....Operating is simple and remote is Bluetooth connected (no IR Sensor) which I liked it very much. Google assistant voice commands make it easy for operating. Bluetooth earphones can  be connected. Inbuilt chrome cast & Phone mirroring works like charm. Picture quality is great. Speakers : it is more than enough for 30 feet Hall.Definitely worth every rupee...Review based on one week usage.
708,4,"Update 1 : Few days of Usage.1. Value for money. Hits above it's price bracket.2. Fast (2GB Ram), have good internal memory at 16GB.3. Happy with the sound quality, it gets loud if you have right audio settings. ( Refer Tech Singh YouTube video)4. Tv display is bit flimsy while holding the tv for mounting, but it may be because it is large at 55 Inch.5. I sit 8 feet away from my tv and it feels large, like a theatre in here, not sure if that is a good thing for eyes, let's wait and see...."
709,4,"After using 10 days , I am writing a review for this television.Pros :1. Picture quality is best ,you can't get this quality at this price in any other brand.2. Performance is great. Tv responds quite fast, no lag so far.3. Sound is amazing, only 25% volume is enough to listen. True surround X feature works great.4. Features such as picture setting and sound setting works fine too.5. Prime, Netflix, hotstar n all apps are working fine. Just Jio Tv doesn't work( Need mouse for toggling)..."
710,5,"After 2 weeks usage.1. Awesome picture quality.2. Sound is loud,but little bit clarity is missing(Ok).3. Built-in chromecast is working Fine4. Checked OTT Apps -prime,netflix,hotstar,Ahaa. All are working Fine.5.Best budget TV with best features in this price segment.6. Value for money"
711,5,"Really after a long time I brought a Vu TV this is my first TV I never seen such a TV like this,  picture quality amazing, sound, full screen display is very good advantage, connectivity super fast we should install google home for that, most probably I like this TV..  Wait for more ten days for my more reviews.."
712,5,Excellent TV. I am writing this review to help others for the correct choice..It has awesome picture quality and sound. Internet connectivity is good. Non HD channels quality also good.
713,5,I have been using SONY full HD for the past 4 years... Planned to go with Sony again but this product changed my mind to choose this because of the specs... It does what are the things that have told in the specs sheet.. Being a #Rahmaniac (#thalaivARR) fan sound quality is damn good.. Clear voices and great highs and lows.. Mind blowing one... What a great TV to upgrade...VU u r simply Awesome... Thanks for the great product..
714,5,"It looks truly premium with the silver bezel less design. The sound quality is really impressive. The interface is quite smooth but it does takes around 5-7 seconds to boot up once you switch on the tv. Android is neatly optimized and screen sharing works perfectly too. The best feature has to be Google Assistant and they have given a dedicated button for it on the remote. It easily detects and responds to our voice. The videos are rich, dynamic and clear. Although, the refresh rate is just 5..."
715,4,"everthing is preety good apart from smart features""Picture Quality = 10/10 sound Quality = 10/10 obviously nice tv but if you need smart features particularly than dont buy this.. worst smart feature like Youtube :( If you want only for watching as normal led then go for it fully worth of money i Am happy with it :)"
716,5,best at this price... Awesome Picture Quality .. Enjoy in HD quality ...Slim as slim very slim ....Smart tv enjoy YOUTUBE ..I INSTALLED IN MY SHOP ...GO FOR IT
717,5,this price  range tv its awesome coocaa is one of the best tv quality my new tv all of my family so happy still courier  partner was 1 day super  fast  delivery  i like  it so thanks to flipkart
718,4,"Just go for it without second think... Plays all format of Videos (I tried upto 4k via USB), amazing sound, HD like picture quality and smart app like YouTube, toon Google and radio all are plays well if you have nice network. ( I use Vodafone hotspot from my mobile)."
719,1,"Very bad experience for purchesed this smart tv.  recommended to others don't waste money buying this tv.Smart TV, Only for a name. It like the same as a normal LED TV.  Not able to connect with soundbar, mirror with the mobile phone, etc.A useless default application is available with this TV.  Apart from that not able to install any other application. Hence My advice to others, don't buy this product at any cost."
720,5,Good TV in this price range.audio quality is average but in this price everything is acceptable. Installation was also smooth and the technician did it in time and was cooperative too.Awesome smart TV. Recommended for buying.
721,5,Super and high quality im so HAPPY Big display  and  super HD Super and high quality TV Stand
722,4,Reasonable price. Good performance. Safe and Fast delivery. Allways a pleasure shopping at flipkart. Thank you.
723,5,"Hi Guys, this is an amazing item.Pros:Picture: Excellent Picture quality for the price paid. It is written HD READY but believe me you can play 1080p seamlessly. Audio: volume at 20 is more than enough for a 15 x 10 feet room. I tried upto 50... still 50 %is left. That kind of bomb boom quality. Beats of music so nice at price point.Connectivity: Easy WIFI ACCESS no problem at all. Apps: I didn't tried to install other apps yet... bcoz alot of usefull apps are pre-installed. Most of t..."
724,5,Coocaa 32inch Smart tv is very Best product with full Display from coocaa value for money Worth it..Every one should by this Smart tv
725,5,"This review is after long-term usage of 6 months, the video quality on this TV is really good especially in this range- the color production, and sound quality is good too...you can really enjoy watching series on this TV. It is really light and there is virtually no bezel- the design is really good! The remote is really simple to use and lightweight, and the user interface is smooth and easy. One great thing about this TV is Oxygen play where you can find all the content in one place....and ..."
726,5,"At this price point, the TV is good to have with easy connectivity and setup.Picture quality is good for the led screen(however you can compare another tv in the same segments).The sound is good although Dolby impressions I couldn’t get in the first use(perhaps need to check more).Remote is clean and minimalistic and easy to use.Connectivity is good, able to connect to wifi via router and hotspot and the connection stays and works perfectly fine. Able to use any streaming services without..."
727,5,"It is superior TV. Working on android pie .You can also use Oxygen play interface for a content centric view.It has good voice command Bluetooth base remote control.This TV incorporated with Gamma engine with MEMC , Super resolution , colour space mapping , dynamic contract . Connecting options with Wi Fi , Bluetooth , HDMI , ethernet are very quickly n fast response .Highly recommended for your future TV...😊😊"
728,5,A very nice Tv with many adjustments and a best sound quality and also nice used with Google assistants.. Highly recommended by me. ☺️
729,5,"OnePlus always brings to us all those high end tech device s at such an amazing prices . They has turned out be a blessing for families like me with such products . I am very happy with the product 43"" TV . I have ordere it for my Mom , :- The UI and ease of use for old lady coming from non tech era >>>>>:- The sound quality is just superb :- Some improvement can be done for connectivity with other smart devices . :- Ease of installation So happy with flipkart also for delivery to small..."
730,5,Thank you Flipkart amazing product 1+ TV new model  Awesome product I m happy 1+ TV super quality one days used nice product this range everything is ok
731,5,It's pretty good n with oosaammmm clarity .....  One word to describe - value for money 💰
732,5,Very good picture quality.. And sound is much good than other led tv's because there is dolby speakers in it...thank u thank u so much..❤❤😍😍😍
733,1,"Team, Today only I received my product - 29, May, and below are pros and cons.Good Point:1. Very quick delivery2. Better clarity compare to Mi and UV3. Easy to handle and lightweight just 6 KgsBad Points:1. Not having AUX sound connectivity, it has Digital Optical Audio Output which is mostly not available with general sound system2. difficult to share the mobile screen with this TV since OnePlus connect android App don't work on all mobiles3. The Installation team will come after 8..."
734,5,"Best Budget friendly smart tv one can buy, although the video quality is not at par with that of samsung/sony but the sound quality is seriously amazing 💯. Easy to install and use !!"
735,1,"Read carefully if you want table top installation, it might help you-I gave 1 star but if i had a chance to give negative star, i would have given that only. I wanted tv with table top so while purchasing i have noticed that with this tv,stand will not come along. We  need to ask on installation. I was super fine and ordered it thinking that anyhow i am getting tv stand . So it's not a big deal. But when i received the product and installation team contacted me. I clearly asked them to gi..."
736,5,Every thing is good except screen mirroring with moto phones
737,5,Must buy.
738,5,Super
739,5,I will always prefer samsung over other chinese brands.. Talking about the television it has clear sound and has no connectivity issues you can watch your favourite shows just by connecting it with your phones hotspot.... Talking about the picture quality I will say it depends on the net speed faster the net speed better the quality is and the picture quality was not good when I connect it with normal settup box you will need a hd setup box to enjoy the high quality picture... I will suggest ...
740,5,"Samsung smart tv is good product. I'm very happy with it. Sound quality is very nice. Picture quality may be improved, but it's good. Overall very good experience with it."
741,3,Good delivery and installation  man very nice this price best led
742,4,"It's been a week gone, product is literally awesome , worth for money and installation is very wise and gentle with free of cost"
743,4,I was specifically looking at 32 inch TV which is not Chinese. I avoid Chinese brands as much as i can. This TV is pretty good. May be 1-2k more expensive than a Chinese TV but has lot of features. It has inbuilt Airplay 2 if you have an iphone. Most apps are there. The remote controls DTH as well. Voice assistant. It can act as your monitor as well if you are working from home. It has decent picture quality and great sound quality.
744,4,Picture quality is good and product is sleek and easy to use few functions need to be understood though post which it's breeze. The TV shuts down and restart very fast though only drawback is not that energy efficient. 2 star rated.
745,4,Anyone who is reading my review please read completely because I have tested and analysed the TV a lot in every possible way.1. The TV really justifies its price. You cannot compare this TV's feature with high end TV of Samsung and Sony that is absurd.2. Video Quality is quite great just that when you view from an angle the intensity of colour changes which is fine concerning the price of the TV3. Sound Quality is awesome. It has 20W dual speakers which is quite great and once again don't ...
746,4,"1) Look is premium. (5/5) 2) Speakers are good and well equalled. (5/5) 3) Display is good. Prefer HD setup box. (4/5) 3) Operates faster with Bluetooth remote but slow with sensor one. 4) Pathchwall is great (Launcher).Gives modern look. (5/5) 5) Little problem with Miracast ( delay in audio), but you can use Google Home for Lagfree experience. (4/5) 6) Tv looks bezelless when it is in off mode but having small border actually. When you turn on the TV you can notice it. 7)Go for it. O..."
747,5,This television is value for money. Bought it for 13500 during big billion days sale. It was delivered in 3 days and installation done next day. The picture quality is good and there is hardly much difference you will feel between full HD and HD ready screens. Sound is optimal . I faced a little issue while connecting my bluetooth earphones. Rest everything is good and i would definitely recommend to go for the product. Patchwall software is just great and XiaoMi have nearly perfected it in 3...
748,5,Best smart TV in this price segment. Though I was little bit confused about the connectivity issues written over here in the reviews before purchasing this TV but frankly speaking after using this above one month there is still no issues about the connectivity and all. Each and every functions of this TV are works very Smoothly and after the new android update it is now more faster than before. But one thing I must tell you guys that I have a home theater system with Bluetooth connectivity wh...
749,5,"I have researched a lot before buying this TV, I almost spend a week, browsed a lot, watched 10+ hours of videos, finally within 23k, this is the TV I purchased. I was little nervous at first because all I have used is LG & Sony before, but first time I bought some non premium product. My parents couldn't even pronounce Xiomi, to be honest even I can't. After using this TV for a week, I can say, go for it. This is an awesome TV, with perfect picture quality and user interface. Yeah sound co..."
750,5,This is very good smart TV in budget. 40 inch is very good size neither big nor small.... I love this ..
751,5,One of my friend recommended me this Mi LED TV so I bought it from flipkart and I can just say that this is the best value for money android TV from the house of Xiaomi. Picture quality is very good and even sound output is superb. Thanks to Ekart executive for super fast delivery and installation. Very happy with this purchase.
752,5,Best smart tv good sound I really like after using 1 Week
753,3,Very good TV nice mi
754,4,best tv in this budgetPros-- great sound- picture quality- apps Cons-While mirror casting after like 20 minutes it stopped  casting. Rest all is great
755,5,"Received the 50 inch model of Realme 4k TV on 09/06/2021 (As they Promised).ABOUT FLIPKART'S SERVICE:- 1st- Unlike its competitor, Flipkart offers an open box delivery. So, at the time of delivery, you can confirm if their is any damage/problem in the unit. Hats off to Flipkart for this kind of service.2nd- Unlike its competitor, Flipkart takes care of Installation. Though they can't able to keep the promise of same day installation, the installation has been done on very next day (i.e. o..."
756,5,I like so much flipkart service is good same day institutions the picture quality of tv is awesome and sounds quality also wife connection also strong i love it.
757,5,"Great value for money, bought in big billion sale. Flipkart delivered as promised and jeeves installed next day morning which is nice. 1. Excellent picture quality 2. Excellent sound quality3. Android 10.4 update received 4. You can connect only digital audio cable to your woofer. There is no socket available for 3.5mm audio jack, so please watch out for cable converter options. 5. Ok google assistant is awesome! V convenient no need to use remote. Excellent feature. 6. No wall mount if..."
758,5,1) Amazing Picture qualityThe colours are really worth spending money and the very very clear display and has focused perfectly on edges ..but sometimes the the skin tones in the picture varies.2) Sound is quite loud but quality of sound could have been better ..with Dolby Atmos 3) Connectivity is the thing Android TVs are bad at but  the dual band WiFi is quite good and Bluetooth is the best I've seen in a TV. But wifi sometimes has shown the problem not while connecting but disconnecting...
759,5,Super and good 4k tv full 4k and sound is good best quality  product  we love love love souch thank you realme and flipkart..
760,5,Best budget smart tv for sure. Got so many features like 4k Dolby Atmos and Dolby vision makes it worth of money. And connectivity with any gadget also good. Delivery and installation done properly. Thank you flipkart 👍
761,5,My first Tv on my savings Worth buying the product..crystal clear 4k content nd vibrant colors Poppin through chroma boost engine
762,5,TV was simply awesome and I liked it very much 😊😊.. The excellent feature which I especially loved is that the voice assistant without using the remote.. it's definitely value for money product.. In a single word just superb👌👌🔥🔥
763,5,As per my expectation the with REALME TV was superb.I am really happy with that.1- picture quality qwality 5/52-Sound 5/53-connectivity-5/5I am also thank full to filpkart to provide the best tv fast delivery. its value for money.
764,1,The TV doesn't even Support Widevine DRM security Level: L1 which all streaming apps require for playing 4k content. So it's 4k quality is just for show since we can't even use it. Disney+hotstar doesn't let me play 4k content because TV support DRM L3 which unprotected instead of L1. So no 4k content. 1080P tv is better than this mess. All you can do with this 4k TV is play YouTube in 4k. No other paying streaming app. Very disappointed.
765,4,"Mi TV 5x 55” delivered on 09th & installed on 10th , everything was smooth , TV has a good rich feel with near bezel less Metal frame design , the new adaptive brightness feature is really good , adjusts according to our room lighting making viewing pleasant to eyes , ok google works well , audio is ok not great , some apps volume is good but apps like Apple TV+ have to rise volume to 60 , panel is VA , so contrast is good has good viewing angle up to 120 D after that you will loose color & c..."
766,5,Very good TV. Decent picture quality and sound effect. Value for money. I am just expecting this TV to work for 4 years.
767,4,"Pros:1. Picture quality is perfect(I think it is better than its competitors at this price range)2. 4k videos can play perfectly fine.3. Bezels are thin.(for people who don't like thick bezels it's a perfect tv).4. Patchwall looks goodCons:1. The biggest con of this tv is SPEAKERS. I have got 43"" tv which has 30 w speakers (believe me my old CRT tv can produce better sound than this). I think all those Dolby Atmos and stuff are gimmicks. If sound is ur mail priority don't go for this t..."
768,4,Super awesome  mine is 55inch tv got delivered next day of Order but installation is very badd no response from Flipkart. So finaly called mi store and they did it in same day. And coming to tv specs are awesome1. Sound is good but bass is not great2 picture quality is awesome 3 adaptive Brightness is not that good but it's fine u can enjoy it4 connectivity is fine ok ok5 tv design is awesome but u may feel light electric shocks on corners when u touch as it's made of metal6. Patch wall...
769,2,"Coming straight to the point, the tv feels a bit laggy at times. Switching apps takes time. The sound is not upto the mark, tried all settings available to optimize but couldn't. You definitely have to use a soundbar for better experience. I also noticed a bug, the tv automatically redirects to patchwall while playing YouTube videos. Happened once.Another bug I saw, while switching from SD to HD channel, the auto-scalling cropped half of the screen for a while. Switched it off and then on ag..."
770,5,"Great Buy.!I was in confusion after seeing the ratings given by people but still i went for it.And i must say the TV is great and i am happy with it completely.I have 50 inch varient.Display- details are great. Red colour is a bit overwhelming, but after a few tweaks in the Picture settings it is absolutely stunning. Watching cricket matches, movies is absolute delight.you can increase the backlight and adjust contrast,brightness as per your liking.Sound-Sound is great but i would reco..."
771,5,"Posting this review after using this TV for 8 days..1.Picture quality is just awesome. Every pixel is clear.4k 8k videos just gives you awesome feel.2.Sound quality is better than previous MI 20w speakers, Sound is loud as this TV having 40w speakers but I am not happy with bass of these speakers. Should have more bass with this price range.3.Connectivity is good. I am using with 200mbps wifi. Remote is smooth and Google assistant is working excellent.4. Patchwall and other features a..."
772,5,"Don't listen to all the reviews and all that BS about the panel being not bright enough for HDR or won't be visible in areas with too much natural light. The tv viewing experience is very good albeit the sound is ok, the bass is not boomy if you are wondering that. If you are buying this tv i would suggest you to invest in a good soundbar or a home theatre system. Coming from a Sony 3d tv to this is not at all a disappointment. If you are going to buy this tv you won't be disappointed. And al..."
773,5,"Fabulous TV , I bought 43'inch segment ,it's looks premium TVPicture quality JUST WOW😍❤️Dolby Sound is Awesome 😍Connectivity also good , I Loved it. Just go for it without any doubt."
774,5,"Product is very very awesome .Picture quality  upto mark .Sound quality value for money .Delivery and installation are more than my expectation(awesome).Note : installation same day that day tv delivered and delivery persons are too good as behavior. So , my recommendation to who want MI to buy this Thank you MI 😊"
775,4,"This is my first Smart TV and probably first detailed review ever.I bought this TV after a long research and hesitations. I was worried about my TV experience in low budget and I cannot afford LG, SONY and SAMSUNG high end TVs. Low Budget segments from these makes are not upto the mark as per my research. So competition was between either Mi or Vu. Don't compare this TV with QLEDs and OLEDs. They are high quality brand Tvs which require deep pockets too. I, Like many other thought Vu is Chi..."
776,5,picture quality is excellent 5/5sound quality is good 3.5/5design of TV 5/5value for money 5/5 I purchased it at 27k and this is my first LED tvI am very happy with the product....you can purchase this TV.
777,5,Great product at the price....Operating is simple and remote is Bluetooth connected (no IR Sensor) which I liked it very much. Google assistant voice commands make it easy for operating. Bluetooth earphones can  be connected. Inbuilt chrome cast & Phone mirroring works like charm. Picture quality is great. Speakers : it is more than enough for 30 feet Hall.Definitely worth every rupee...Review based on one week usage.
778,4,"Update 1 : Few days of Usage.1. Value for money. Hits above it's price bracket.2. Fast (2GB Ram), have good internal memory at 16GB.3. Happy with the sound quality, it gets loud if you have right audio settings. ( Refer Tech Singh YouTube video)4. Tv display is bit flimsy while holding the tv for mounting, but it may be because it is large at 55 Inch.5. I sit 8 feet away from my tv and it feels large, like a theatre in here, not sure if that is a good thing for eyes, let's wait and see...."
779,4,"After using 10 days , I am writing a review for this television.Pros :1. Picture quality is best ,you can't get this quality at this price in any other brand.2. Performance is great. Tv responds quite fast, no lag so far.3. Sound is amazing, only 25% volume is enough to listen. True surround X feature works great.4. Features such as picture setting and sound setting works fine too.5. Prime, Netflix, hotstar n all apps are working fine. Just Jio Tv doesn't work( Need mouse for toggling)..."
780,5,"After 2 weeks usage.1. Awesome picture quality.2. Sound is loud,but little bit clarity is missing(Ok).3. Built-in chromecast is working Fine4. Checked OTT Apps -prime,netflix,hotstar,Ahaa. All are working Fine.5.Best budget TV with best features in this price segment.6. Value for money"
781,5,"Really after a long time I brought a Vu TV this is my first TV I never seen such a TV like this,  picture quality amazing, sound, full screen display is very good advantage, connectivity super fast we should install google home for that, most probably I like this TV..  Wait for more ten days for my more reviews.."
782,5,Excellent TV. I am writing this review to help others for the correct choice..It has awesome picture quality and sound. Internet connectivity is good. Non HD channels quality also good.
783,5,I have been using SONY full HD for the past 4 years... Planned to go with Sony again but this product changed my mind to choose this because of the specs... It does what are the things that have told in the specs sheet.. Being a #Rahmaniac (#thalaivARR) fan sound quality is damn good.. Clear voices and great highs and lows.. Mind blowing one... What a great TV to upgrade...VU u r simply Awesome... Thanks for the great product..
784,5,"It looks truly premium with the silver bezel less design. The sound quality is really impressive. The interface is quite smooth but it does takes around 5-7 seconds to boot up once you switch on the tv. Android is neatly optimized and screen sharing works perfectly too. The best feature has to be Google Assistant and they have given a dedicated button for it on the remote. It easily detects and responds to our voice. The videos are rich, dynamic and clear. Although, the refresh rate is just 5..."
785,5,Go with this TV guys it's amazing.. 43 inch at 20k mi.. Awesome del by flipkart and installation guy was also very nice and explained well
786,5,"This is a detailed review after 7 days. Please read this if you have problem or concern regarding sound/picture/brightness/sd channels/wifi connectivity/miracast. PICTURE: the picture quality is really amazing. Blacks are really deep. Contrast is pretty good too. No complaints there.  BRIGHTNESS: tv is pretty bright, by default dynamic light is on and it will make your screen dull, just turn it off. I've set it to 25. No screen galre problem.SOUND: tv speakers doesn't have much bass, ide..."
787,4,"I m posting review after checking all it's functionalities and settings in 40inch version. Below are the summary points :* Display : looks decent. 4k and full HD content looks satisfying. casted content dispaly quality is below par (also depends on the content you are casting).bezels are thin and are made of plastic which is loosely attached to the display panel. viewing angles are good covers around 150°* Connectivity: impressive , connects to WiFi, Bluetooth , Chromecast smoothly. observ..."
788,5,Best TV range........ money on valuation the great picture quality and sound quality more..📲🎶📺🎶🎧this is range in the best choice mi buying tv. also was nice Go For it....
789,5,"Super and good quality full HD ,Internet also speed connecting ,it is like one smart phone .full happy and it delivered so speed"
790,5,"Awesome TV go for it......Lovely sound,video quality is also good and  my suggestion is go for hd set up box......Nice delivery and TV installed on the next day of the delivery...I'm happy with it..."
791,4,I love this MI tv good quality with affordable price. it supports 4k video also especially dolby audio is too good suggestions : MI should give the wall hanging stand for free of cost
792,5,excellent tv 😎😍😍😘😘😘😘in love with it..full paisa vasool..screen cast also works well .installation guy is so polite and explained all very well😍😍😍..go for it without hesitation...you'll certainly love it😎😍😍😍😍😍😍😍😍😍😍😍😍😍😍😍😍😍😍❤❤❤
793,5,"Amazing , super cool , awesome too good😍"
794,4,"Delivery (by delhivery courier) and installation(by Jeeves) is perfect in Rangia, Assam. Picture quality could have been better but ok for the price for a smart TV. Sound quality is good. Work well with WiFi for YouTube videos. @note :There is no direct single AV button in remote for oldage people to use dth/cable content."
795,4,"Mi TV 5x 55” delivered on 09th & installed on 10th , everything was smooth , TV has a good rich feel with near bezel less Metal frame design , the new adaptive brightness feature is really good , adjusts according to our room lighting making viewing pleasant to eyes , ok google works well , audio is ok not great , some apps volume is good but apps like Apple TV+ have to rise volume to 60 , panel is VA , so contrast is good has good viewing angle up to 120 D after that you will loose color & c..."
796,5,Very good TV. Decent picture quality and sound effect. Value for money. I am just expecting this TV to work for 4 years.
797,4,"Pros:1. Picture quality is perfect(I think it is better than its competitors at this price range)2. 4k videos can play perfectly fine.3. Bezels are thin.(for people who don't like thick bezels it's a perfect tv).4. Patchwall looks goodCons:1. The biggest con of this tv is SPEAKERS. I have got 43"" tv which has 30 w speakers (believe me my old CRT tv can produce better sound than this). I think all those Dolby Atmos and stuff are gimmicks. If sound is ur mail priority don't go for this t..."
798,4,Super awesome  mine is 55inch tv got delivered next day of Order but installation is very badd no response from Flipkart. So finaly called mi store and they did it in same day. And coming to tv specs are awesome1. Sound is good but bass is not great2 picture quality is awesome 3 adaptive Brightness is not that good but it's fine u can enjoy it4 connectivity is fine ok ok5 tv design is awesome but u may feel light electric shocks on corners when u touch as it's made of metal6. Patch wall...
799,2,"Coming straight to the point, the tv feels a bit laggy at times. Switching apps takes time. The sound is not upto the mark, tried all settings available to optimize but couldn't. You definitely have to use a soundbar for better experience. I also noticed a bug, the tv automatically redirects to patchwall while playing YouTube videos. Happened once.Another bug I saw, while switching from SD to HD channel, the auto-scalling cropped half of the screen for a while. Switched it off and then on ag..."
800,5,"Great Buy.!I was in confusion after seeing the ratings given by people but still i went for it.And i must say the TV is great and i am happy with it completely.I have 50 inch varient.Display- details are great. Red colour is a bit overwhelming, but after a few tweaks in the Picture settings it is absolutely stunning. Watching cricket matches, movies is absolute delight.you can increase the backlight and adjust contrast,brightness as per your liking.Sound-Sound is great but i would reco..."
801,5,"Posting this review after using this TV for 8 days..1.Picture quality is just awesome. Every pixel is clear.4k 8k videos just gives you awesome feel.2.Sound quality is better than previous MI 20w speakers, Sound is loud as this TV having 40w speakers but I am not happy with bass of these speakers. Should have more bass with this price range.3.Connectivity is good. I am using with 200mbps wifi. Remote is smooth and Google assistant is working excellent.4. Patchwall and other features a..."
802,5,"Don't listen to all the reviews and all that BS about the panel being not bright enough for HDR or won't be visible in areas with too much natural light. The tv viewing experience is very good albeit the sound is ok, the bass is not boomy if you are wondering that. If you are buying this tv i would suggest you to invest in a good soundbar or a home theatre system. Coming from a Sony 3d tv to this is not at all a disappointment. If you are going to buy this tv you won't be disappointed. And al..."
803,5,"Fabulous TV , I bought 43'inch segment ,it's looks premium TVPicture quality JUST WOW😍❤️Dolby Sound is Awesome 😍Connectivity also good , I Loved it. Just go for it without any doubt."
804,5,"Product is very very awesome .Picture quality  upto mark .Sound quality value for money .Delivery and installation are more than my expectation(awesome).Note : installation same day that day tv delivered and delivery persons are too good as behavior. So , my recommendation to who want MI to buy this Thank you MI 😊"
805,4,Good
806,5,Nice picture quality and installation by the Flipkart guys is awesome. Very kind and quick setup.
807,5,Super
808,5,Good job
809,5,Lg is always first choice for me and you can also undoubtedly buy this LG smart TV.. It provides very good picture quality and connectivityIt looks classy and slim. Sound should have been little more and clear. Remote control is also very goodNo Bluetooth connectivityNo magic remote
810,5,Good picture quality good Saund good all LG brands from India I love my India flip cart tnx.......
811,5,Tv is good and build quality is superb.Sound quality-5/4Picture quality-5/4Mobile connectivity-5/5Wifi work fine also DTS.But I thik LG tv has low contrast not like Samsung.lg not provide smart remote with tv.
812,4,"I like it . Best tv . Value for money . Delivery is also quick, 1day installation ... Overall it is a good choice to buy this TV from Flipkart... Thnks Flipkart ."
813,5,"1- Superb TV And outstanding Performance compared to its price.2 - Picture quality and sound quality is too good with its 10 w speaker.3 - Connectivity is very fast.4 - Those who are facing difficulty in sound and picture quality , use the hd setup box and hdmi cable to connect setup box and tv , then only you will get better experience of sound and picture quality.5 - Only one cons is that it has no Bluetooth connectivity."
814,4,Beautiful Product and it’s best in this price range.. LG is best in electronics and Picture quality is awesome 👍
815,4,I received nice product in best price thanks Flipkart for providing this best smart TV..
816,5,"Really it's value for money. Picture quality is excellent & even though sound output is 10 W, that is enough, feels like no need of 20 W sound output. Best for watching Netflix & other OTTs."
817,5,Nice picture quality & tv look awesomeBack panal design solid
818,5,Good
819,4,Very beautiful 😍 ❤ 💖 💕 ♥ 👌 😍 ❤ tv 📺 and easy to use    And don't play freefire like game
820,5,Nice TV in this price.... Picture and sound quality also good. I am happy to purchase this Android TV. Thank you Flipkart.
821,5,Amazing product
822,5,Sooo nice worth  for money
823,5,I like this mi4c tv 2021
824,5,Excellent TV for this price compare to other and Good service. Installed TV 3 days early before as mentioned in site. Technician is well trained Explained all features. Good picture quality
825,4,Best Tv under this price
826,5,"Superb. good product,value for money."
827,5,Osm pictures quality Sound quality is also gooodNice remote with voice command
828,4,Nice tv
829,5,"This review is after long-term usage of 6 months, the video quality on this TV is really good especially in this range- the color production, and sound quality is good too...you can really enjoy watching series on this TV. It is really light and there is virtually no bezel- the design is really good! The remote is really simple to use and lightweight, and the user interface is smooth and easy. One great thing about this TV is Oxygen play where you can find all the content in one place....and ..."
830,5,"At this price point, the TV is good to have with easy connectivity and setup.Picture quality is good for the led screen(however you can compare another tv in the same segments).The sound is good although Dolby impressions I couldn’t get in the first use(perhaps need to check more).Remote is clean and minimalistic and easy to use.Connectivity is good, able to connect to wifi via router and hotspot and the connection stays and works perfectly fine. Able to use any streaming services without..."
831,5,"It is superior TV. Working on android pie .You can also use Oxygen play interface for a content centric view.It has good voice command Bluetooth base remote control.This TV incorporated with Gamma engine with MEMC , Super resolution , colour space mapping , dynamic contract . Connecting options with Wi Fi , Bluetooth , HDMI , ethernet are very quickly n fast response .Highly recommended for your future TV...😊😊"
832,5,A very nice Tv with many adjustments and a best sound quality and also nice used with Google assistants.. Highly recommended by me. ☺️
833,5,"OnePlus always brings to us all those high end tech device s at such an amazing prices . They has turned out be a blessing for families like me with such products . I am very happy with the product 43"" TV . I have ordere it for my Mom , :- The UI and ease of use for old lady coming from non tech era >>>>>:- The sound quality is just superb :- Some improvement can be done for connectivity with other smart devices . :- Ease of installation So happy with flipkart also for delivery to small..."
834,5,Thank you Flipkart amazing product 1+ TV new model  Awesome product I m happy 1+ TV super quality one days used nice product this range everything is ok
835,5,It's pretty good n with oosaammmm clarity .....  One word to describe - value for money 💰
836,5,Very good picture quality.. And sound is much good than other led tv's because there is dolby speakers in it...thank u thank u so much..❤❤😍😍😍
837,1,"Team, Today only I received my product - 29, May, and below are pros and cons.Good Point:1. Very quick delivery2. Better clarity compare to Mi and UV3. Easy to handle and lightweight just 6 KgsBad Points:1. Not having AUX sound connectivity, it has Digital Optical Audio Output which is mostly not available with general sound system2. difficult to share the mobile screen with this TV since OnePlus connect android App don't work on all mobiles3. The Installation team will come after 8..."
838,5,"Best Budget friendly smart tv one can buy, although the video quality is not at par with that of samsung/sony but the sound quality is seriously amazing 💯. Easy to install and use !!"
839,5,"Ordered on 5th oct 2021 delivered on 7th oct installation done on 8th oct, delivery and installation was on scheduled timePicture quality 10/10Sound 10/10 Connectivity 10/10 OS linux 8/10Apps 8/10Quick cast 8/10Remote 10/10Low blue light 10/10Overall product 10/10I am really satisfied with the product brilliant picture quality good sound output doesn’t need any extra attachments like sound bar, connectivity is really good didn’t lagged, OS linux is nice quick response of home butt..."
840,5,So nice realme smart tv nice video suppab sound awesome♥️♥️i m so happy
841,5,"Realme tv it’s amazing and value for money good product good picture quality, really amazing"
842,5,I love this product and this is very nice LED TV in this range. Picture quality is hd and superb ☺️ on time delivery and installation. Thank you Flipkart Team for amazing product
843,5,Superb quality like it wow amazing pictures quality I m do happy 🤩🤩🤩 love it tq Flipkart
844,4,Writing review after 1 month of use best tv in this price display quality is best sound is just awesome 😎💪🏻 🔥 loved the tv nd it's made in India 🔥
845,4,"Picture is Good and Sound is very good.This TV is only for common people, not for smart people. Best for Family TV.☺️😊👍"
846,5,Very nice product good clarity and nice feature
847,5,This is a very good tv. Picture quality is decent and sound quality with 20w speaker and Dolby Atmos is just awesome. It is fully recommended for those users who experience media only vie set top box but the tv is non android so those users interested in online media  streaming should not go go for it. They should look for other options available in the market..Final verdict is that if you can grab it under 12k in sale it will be a great value for money option for you...
848,5,Budget Smart Tv. It's an amazing experience Thank You #Flipkart for this offer. Nice Connectivity
849,5,Excellent Led Smart Tv this Range Sound quality excellent Net connectivity excellent Remote looking also excellent Google assistant also excellent
850,4,I am writing this review for Motorola ZX2 40inch after almost 45days of use.Pros* 40w sound output is superpub . ...its quite clear and loud . . ... Music output is also good* UI is super smooth and scrolling with remote is fast* Day light visibility is also good . . ...given that I placed in my hall which has good sunlight during day . . . ... But there is no problem with the display quality* HD DTH channels are Crips and clear* Playing OTT content is also enjoyable  . . . . .. in you...
851,5,"This TV is a great purchase with all the lastest features. With Android 10, the TV is super smooth and the boot time is very very less as compared to other TVs. And also it boots up extremely fast if it is in stand by mode. Picture quality is just awesome and it is able to play 4K videos from youtube and at the same time it supports dolby vision which makes the picture quality more awesome (the video which you are playing should be Dolby vision as well). I did not have any connectivity issues..."
852,5,Awesome picture quality 😍 Amazing sound with 40 watt speaker 🤩🤩If someone looking to buy compact 40 inch LED smart Android TV then Go for it without any hasitation.I am loving it...👍👍
853,5,I am writing this review after 10 days of usage.1.Sound - Very good and neat effect 2.Picture quality is very good.3. Wifi connectivity is good and fast4. Functionally it is working fast and good.5. Bluetooth connection is slow but after software update it is also looks good.Overall the product is good and value for money...Compare to other products spec. Is good...
854,5,"Amazing picture quality and sound support Dolby digital if you have hd set top box plays youtube with good internet speed, just close your eyes and buy it amazing tv"
855,1,Picture Quality is good. Best tv for connectivity. But after 1month tv suddenly power off. And service is also not good. For only power sensor parts need to changed and it take 7-10 days time. This not good at all. They won't be replace the tv for any type of issue. Very bad from brand like motorola.
856,4,Very nice original product from flickkart. This is 480p on you tube and also I played 4K in it it’s is not bad   More then good.  Sound also cool. And feels Dolby.  Good product in this price range any no other company giving such nice features And installation guy was very good behavior and did great work.
857,4,"One of the best at this price. Sound and picture clarity is mind blowing at an affordable range. Only issue felt is laag while screen casting, Otherwise it's a perfect purchase. Using it for more than 2 weeks now, so far so good ✌🤞"
858,5,"Excellent picture and sound quality as per price. Bluetooth is working fine with my net connection. Because of 2GB RAM fast access to internet. YouTube works without any delay. I am so happy with the purchase. Thanks to Motorola, Flipkart and the seller."
859,4,"Colour production is good , motion interpolation is perfect . It is va panel for 43 inch tv viewing angle is good, not ips as  in description , sound quality is good, Contrast ratio is actually ok  and at times black looks like grey ."
860,2,There is difference in opinion about its panel type. Whether it is VA or IPS? LG has not yet revealed about panel type. Viewing angle is not like 178 deg. Magic remote has not been provided thats why we cannot use Alexa and Google voice assistant. You have to purchase magic remote. We can give voice commands through  LG thinq app downloaded in your smart phone but voice recognition is very poor. Compatible magic remote for TV model is not available in India. Be carefull while purchasing remot...
861,5,"Bought in Big Billion Sale and got the tv within 7 days. Good delivery by flipkart on those busy days. Coming to LG TV, we were using LG 32 inch tv for last 5 yrs and this was an upgrade. TV is quite nice. WebOS is functional. Easy to use. This does not have a magic remote but I don't think we need that as it have LG thinq app which does it better than remote. Video quality is great as expected. Sound quality is more than what we expected. It's ability to pair with Bluetooth speakers and t..."
862,5,"Using it for over 7 days. It has amazing picture quality, sound is good thanks to AI mode, low boot up time, connectivity with Bluetooth and WiFi works great, supports all famous OTT apps and best part is it’s support to IPhone. Just go for it! Thanks to flipkart for delivery in one day and installation done on same day."
863,4,Quick delivery and installation picture clarity is good value for money worth product thank you Flipkart
864,5,Its a mind blowing purchase. This is my fourth LG tv two are crts and it is now working in my brothers houses and the third was 32 inch smart fhd brought in 2013 and now sill in working confition. i reccoment LG tvs for durability and picture clarity. And also sound .The web OS is very userfriendly and in this 2021 model Filmmaker mode is awesome experiance. All ott platform are available and totally nice productPros Awesome picture clarityGood sound outputWeb OS is very good workingiPh...
865,5,Good one no remarks everything ok
866,3,Good
867,5,Awesome
868,4,Real vallue for money considering the various features and hi end software support like eArc etc within the given price point. What's missing is the magic remote which I believe should have been provided.  No mention by LG about panel type ( IPS or VA ) but over all I'm satisfied with my purchase.
869,4,Best Samsung phone in this price range.Good battery back up.Decent Display.Fast fingerprint sensor.Rear camera quality is good.front camera is not up to the mark.90 Hz refresh rate is good.Good user interface.updated to one ui 3.1.there are some pre installed apps which can only be disabled.sound quality is low comparing with other smartphones in same price segment.using in low screen bightness noticed screen flickering.There is no screen protector or case in the box.Takes 160 minutes for ful...
870,4,"Amazing smartphone. Camera , battery back up , display  , are awesome 👌. It has a little bit heating problem but not at all .Amazing smartphone for students becoz I'm using as a student .😊😊.It is heavy also , this is a bad point for this smartphone. But all good . ND I'm satisfied .Delivery was also good 👍. Thanks flipkart. 😊"
871,5,This smartphone is very good in camera and battery And value for money from Samsung with clean and smooth Ui and good battery life also
872,4,First I would like to thank you Flipkart for fastest delivery and yah the delivery guy is so cooperative and helpful Samsung phones are always best in performance and this one is also affordable and awesome phone
873,4,"Nice phone. We can rely on Samsung than any Chinese company like MI, Redmi, Poco, Realme, Vivo, Oppo etc.Little heavy and thick than others but best in this price range. Rear and front cameras are superb. Not has SAmoled display and you can't expect it in this price.6000 mah battery is just wow. Power packed phone.But the Charger is of 9V and there is mentioned that it is of 15V.It did justice with its price. Value for money and trust of Samsung.If you are willing for it, Go ahead 👍"
874,5,"Pros:-Battery backup is simply awesome. I got 8+ hours SOTPerformance is way better than Xiaomi and realme at this range. Bloatware free and no junk apps. Previously i was a Motorola User so i miss Moto tweaks, thats all. This gap is fulfilled by Samsung one UI. lots and lots of customisation.Samsung brand is trust. Phone is Durable and service centre are very helpfulThis is myth exynos are not good. Trust me, in real life in doesnt matter until and unless you do heavy gaming at very high..."
875,5,"Best mobile for in this price range, Battery backup is highlight. Better go with this mobile in budget category from best brand. Absolutely perfect mobile."
876,5,"Camera is good battery is good  fingure unlock sensor is very good and fast it is very thick due to large battery this phone is not for slim phone lovers but phone is very good and price are also good , good job samsung"
877,5,Overall it is good value of money. Everything perfect except taking about 3 and half hour to take full battery charge which is painful. Samsung should work on it.
878,4,"Personally i feel the design of this phone is very nice and impressive. Camera quality is good in this price point.Performance is also good in this range Battery life is good but it doesn't support fast charging so i didn't feel good about it. Display isn't  good  ,cheap display i am very Disappoint for it..... Overall you can buy this but if you want good display so don't buy it."
879,4,Best Samsung phone in this price range.Good battery back up.Decent Display.Fast fingerprint sensor.Rear camera quality is good.front camera is not up to the mark.90 Hz refresh rate is good.Good user interface.updated to one ui 3.1.there are some pre installed apps which can only be disabled.sound quality is low comparing with other smartphones in same price segment.using in low screen bightness noticed screen flickering.There is no screen protector or case in the box.Takes 160 minutes for ful...
880,4,"Amazing smartphone. Camera , battery back up , display  , are awesome 👌. It has a little bit heating problem but not at all .Amazing smartphone for students becoz I'm using as a student .😊😊.It is heavy also , this is a bad point for this smartphone. But all good . ND I'm satisfied .Delivery was also good 👍. Thanks flipkart. 😊"
881,5,This smartphone is very good in camera and battery And value for money from Samsung with clean and smooth Ui and good battery life also
882,4,First I would like to thank you Flipkart for fastest delivery and yah the delivery guy is so cooperative and helpful Samsung phones are always best in performance and this one is also affordable and awesome phone
883,4,"Nice phone. We can rely on Samsung than any Chinese company like MI, Redmi, Poco, Realme, Vivo, Oppo etc.Little heavy and thick than others but best in this price range. Rear and front cameras are superb. Not has SAmoled display and you can't expect it in this price.6000 mah battery is just wow. Power packed phone.But the Charger is of 9V and there is mentioned that it is of 15V.It did justice with its price. Value for money and trust of Samsung.If you are willing for it, Go ahead 👍"
884,5,"Pros:-Battery backup is simply awesome. I got 8+ hours SOTPerformance is way better than Xiaomi and realme at this range. Bloatware free and no junk apps. Previously i was a Motorola User so i miss Moto tweaks, thats all. This gap is fulfilled by Samsung one UI. lots and lots of customisation.Samsung brand is trust. Phone is Durable and service centre are very helpfulThis is myth exynos are not good. Trust me, in real life in doesnt matter until and unless you do heavy gaming at very high..."
885,5,"Best mobile for in this price range, Battery backup is highlight. Better go with this mobile in budget category from best brand. Absolutely perfect mobile."
886,5,"Camera is good battery is good  fingure unlock sensor is very good and fast it is very thick due to large battery this phone is not for slim phone lovers but phone is very good and price are also good , good job samsung"
887,5,Overall it is good value of money. Everything perfect except taking about 3 and half hour to take full battery charge which is painful. Samsung should work on it.
888,4,"Personally i feel the design of this phone is very nice and impressive. Camera quality is good in this price point.Performance is also good in this range Battery life is good but it doesn't support fast charging so i didn't feel good about it. Display isn't  good  ,cheap display i am very Disappoint for it..... Overall you can buy this but if you want good display so don't buy it."
889,4,Best Samsung phone in this price range.Good battery back up.Decent Display.Fast fingerprint sensor.Rear camera quality is good.front camera is not up to the mark.90 Hz refresh rate is good.Good user interface.updated to one ui 3.1.there are some pre installed apps which can only be disabled.sound quality is low comparing with other smartphones in same price segment.using in low screen bightness noticed screen flickering.There is no screen protector or case in the box.Takes 160 minutes for ful...
890,4,"Amazing smartphone. Camera , battery back up , display  , are awesome 👌. It has a little bit heating problem but not at all .Amazing smartphone for students becoz I'm using as a student .😊😊.It is heavy also , this is a bad point for this smartphone. But all good . ND I'm satisfied .Delivery was also good 👍. Thanks flipkart. 😊"
891,5,This smartphone is very good in camera and battery And value for money from Samsung with clean and smooth Ui and good battery life also
892,4,First I would like to thank you Flipkart for fastest delivery and yah the delivery guy is so cooperative and helpful Samsung phones are always best in performance and this one is also affordable and awesome phone
893,4,"Nice phone. We can rely on Samsung than any Chinese company like MI, Redmi, Poco, Realme, Vivo, Oppo etc.Little heavy and thick than others but best in this price range. Rear and front cameras are superb. Not has SAmoled display and you can't expect it in this price.6000 mah battery is just wow. Power packed phone.But the Charger is of 9V and there is mentioned that it is of 15V.It did justice with its price. Value for money and trust of Samsung.If you are willing for it, Go ahead 👍"
894,5,"Pros:-Battery backup is simply awesome. I got 8+ hours SOTPerformance is way better than Xiaomi and realme at this range. Bloatware free and no junk apps. Previously i was a Motorola User so i miss Moto tweaks, thats all. This gap is fulfilled by Samsung one UI. lots and lots of customisation.Samsung brand is trust. Phone is Durable and service centre are very helpfulThis is myth exynos are not good. Trust me, in real life in doesnt matter until and unless you do heavy gaming at very high..."
895,5,"Best mobile for in this price range, Battery backup is highlight. Better go with this mobile in budget category from best brand. Absolutely perfect mobile."
896,5,"Camera is good battery is good  fingure unlock sensor is very good and fast it is very thick due to large battery this phone is not for slim phone lovers but phone is very good and price are also good , good job samsung"
897,5,Overall it is good value of money. Everything perfect except taking about 3 and half hour to take full battery charge which is painful. Samsung should work on it.
898,4,"Personally i feel the design of this phone is very nice and impressive. Camera quality is good in this price point.Performance is also good in this range Battery life is good but it doesn't support fast charging so i didn't feel good about it. Display isn't  good  ,cheap display i am very Disappoint for it..... Overall you can buy this but if you want good display so don't buy it."
899,4,"Nice battery backup, good camera and also a good display. For daily use phone is smooth and perfect."
900,4,I got the product at my door step in 16 hours after ordering so thank you flipkart for this excellent delivery. I have used it for 3 days and now writing my review:Pro:1. Battery is brilliant and perfect for people who spent lot of time on multimedia2. Display 90hrz is very smooth and good looking. Didn't feel the absence of Full HD actually better than full HD IPS displays.3. Samsung One UI 4. Look & feel. Very comfortable to hold. Background Matt finish no fingerprint5. Primary camera...
901,4,"Good product in this price segment....looks like a premium smartphone.... performance is up to the mark ..... according to me , this device is perfect for the students who are doing the online classes.....don't expect high from camera or performance...."
902,5,"Best mobile in this price range.. best batry bacup camra quality is also good, no lag, much better quality, littile bit less in feathures if compared to readme series.. bt overall mindblowing mobile...i m much satisfied.."
903,5,"This mobile gives me all things which i was found at this price. Camera, battery , Display and Many which gives me sacrifice at its price. So i really happy that samsung lover can afford in this price and gets best feature."
904,5,"●Camera - 4/5■ In this price range Camera is good.●Screen -  4.5/5■samsung as balanced phone pixels smartly by reducing horizonal screen lenght , So that the difference between full hd + and hd+ feels minimum...Battery - 5/5 . 6000 mah battery with adative battery usage .●Processor - 4/5■mediatek helio 680 will not dissapoint you if you are not a gamer.●Design and look - 5/5■look is premium and phone is slim and sleek .Flipkart has delivered this phone within 24 hr which is unimagin..."
905,5,"This mobile is a beast.... wonderful mobile for daily use. Smooth and clear display. Camera is awesome,out door photography is really great,   but the low light and indoor selfie should improve more, 90hz display is super and smooth. Speaker sound should improve more, the only lack in this mobile is it dosent have NFC and Back case not provided.. battery is awesome will last for 2 days.performance also great but not for  heavy gaming."
906,5,"A petty good phone. According to my review this phone is excellent for normal usage. Here are some points as follows:- 1. Display is good you can't say it the best but it's good supporting HD photos and videos upto 720p60 and 1080p50 respectively.2. Battery backup isn't that much as compared to it's capacity but it will last for two days for normal usage otherwise for heavy usage it will drain off in 15 hours. 3. Now talking about the front and back camera, it's very good, not excellent, b..."
907,5,"I bought 4gb/64gb variant and that is superbly good.1)Display will not disappoint you at all , Samoled with 90hz feels very smooth compared to that 120hz redmi note 10 pro.If you are a normal user then you will not find any difference between FHD+ and HD+ display ,so for me that is not a con.2) Battery life is amazing .3) Performance,I will say that for normal usage at 90hz it feels smooth but if u want gaming then plss look our for other devices.4)Camera was superbly good too considering..."
908,4,"Display is amazing, although it has HD+ sAmoled  u cant find any issue in day to day life Performance is not as much good .but if u r not a havy user then it is okayThe most loving thing about this mobile is its OS. ONEUI core 3.1 .. u can feel the smothness better than realme and redmi .. and its keyboad also impressed meWhen talk about camera ..i cant say very good but decent .."
909,4,"Nice battery backup, good camera and also a good display. For daily use phone is smooth and perfect."
910,4,I got the product at my door step in 16 hours after ordering so thank you flipkart for this excellent delivery. I have used it for 3 days and now writing my review:Pro:1. Battery is brilliant and perfect for people who spent lot of time on multimedia2. Display 90hrz is very smooth and good looking. Didn't feel the absence of Full HD actually better than full HD IPS displays.3. Samsung One UI 4. Look & feel. Very comfortable to hold. Background Matt finish no fingerprint5. Primary camera...
911,4,"Good product in this price segment....looks like a premium smartphone.... performance is up to the mark ..... according to me , this device is perfect for the students who are doing the online classes.....don't expect high from camera or performance...."
912,5,"Best mobile in this price range.. best batry bacup camra quality is also good, no lag, much better quality, littile bit less in feathures if compared to readme series.. bt overall mindblowing mobile...i m much satisfied.."
913,5,"This mobile gives me all things which i was found at this price. Camera, battery , Display and Many which gives me sacrifice at its price. So i really happy that samsung lover can afford in this price and gets best feature."
914,5,"●Camera - 4/5■ In this price range Camera is good.●Screen -  4.5/5■samsung as balanced phone pixels smartly by reducing horizonal screen lenght , So that the difference between full hd + and hd+ feels minimum...Battery - 5/5 . 6000 mah battery with adative battery usage .●Processor - 4/5■mediatek helio 680 will not dissapoint you if you are not a gamer.●Design and look - 5/5■look is premium and phone is slim and sleek .Flipkart has delivered this phone within 24 hr which is unimagin..."
915,5,"This mobile is a beast.... wonderful mobile for daily use. Smooth and clear display. Camera is awesome,out door photography is really great,   but the low light and indoor selfie should improve more, 90hz display is super and smooth. Speaker sound should improve more, the only lack in this mobile is it dosent have NFC and Back case not provided.. battery is awesome will last for 2 days.performance also great but not for  heavy gaming."
916,5,"A petty good phone. According to my review this phone is excellent for normal usage. Here are some points as follows:- 1. Display is good you can't say it the best but it's good supporting HD photos and videos upto 720p60 and 1080p50 respectively.2. Battery backup isn't that much as compared to it's capacity but it will last for two days for normal usage otherwise for heavy usage it will drain off in 15 hours. 3. Now talking about the front and back camera, it's very good, not excellent, b..."
917,5,"I bought 4gb/64gb variant and that is superbly good.1)Display will not disappoint you at all , Samoled with 90hz feels very smooth compared to that 120hz redmi note 10 pro.If you are a normal user then you will not find any difference between FHD+ and HD+ display ,so for me that is not a con.2) Battery life is amazing .3) Performance,I will say that for normal usage at 90hz it feels smooth but if u want gaming then plss look our for other devices.4)Camera was superbly good too considering..."
918,4,"Display is amazing, although it has HD+ sAmoled  u cant find any issue in day to day life Performance is not as much good .but if u r not a havy user then it is okayThe most loving thing about this mobile is its OS. ONEUI core 3.1 .. u can feel the smothness better than realme and redmi .. and its keyboad also impressed meWhen talk about camera ..i cant say very good but decent .."
919,4,Best Samsung phone in this price range.Good battery back up.Decent Display.Fast fingerprint sensor.Rear camera quality is good.front camera is not up to the mark.90 Hz refresh rate is good.Good user interface.updated to one ui 3.1.there are some pre installed apps which can only be disabled.sound quality is low comparing with other smartphones in same price segment.using in low screen bightness noticed screen flickering.There is no screen protector or case in the box.Takes 160 minutes for ful...
920,4,"Amazing smartphone. Camera , battery back up , display  , are awesome 👌. It has a little bit heating problem but not at all .Amazing smartphone for students becoz I'm using as a student .😊😊.It is heavy also , this is a bad point for this smartphone. But all good . ND I'm satisfied .Delivery was also good 👍. Thanks flipkart. 😊"
921,5,This smartphone is very good in camera and battery And value for money from Samsung with clean and smooth Ui and good battery life also
922,4,First I would like to thank you Flipkart for fastest delivery and yah the delivery guy is so cooperative and helpful Samsung phones are always best in performance and this one is also affordable and awesome phone
923,4,"Nice phone. We can rely on Samsung than any Chinese company like MI, Redmi, Poco, Realme, Vivo, Oppo etc.Little heavy and thick than others but best in this price range. Rear and front cameras are superb. Not has SAmoled display and you can't expect it in this price.6000 mah battery is just wow. Power packed phone.But the Charger is of 9V and there is mentioned that it is of 15V.It did justice with its price. Value for money and trust of Samsung.If you are willing for it, Go ahead 👍"
924,5,"Pros:-Battery backup is simply awesome. I got 8+ hours SOTPerformance is way better than Xiaomi and realme at this range. Bloatware free and no junk apps. Previously i was a Motorola User so i miss Moto tweaks, thats all. This gap is fulfilled by Samsung one UI. lots and lots of customisation.Samsung brand is trust. Phone is Durable and service centre are very helpfulThis is myth exynos are not good. Trust me, in real life in doesnt matter until and unless you do heavy gaming at very high..."
925,5,"Best mobile for in this price range, Battery backup is highlight. Better go with this mobile in budget category from best brand. Absolutely perfect mobile."
926,5,"Camera is good battery is good  fingure unlock sensor is very good and fast it is very thick due to large battery this phone is not for slim phone lovers but phone is very good and price are also good , good job samsung"
927,5,Overall it is good value of money. Everything perfect except taking about 3 and half hour to take full battery charge which is painful. Samsung should work on it.
928,4,"Personally i feel the design of this phone is very nice and impressive. Camera quality is good in this price point.Performance is also good in this range Battery life is good but it doesn't support fast charging so i didn't feel good about it. Display isn't  good  ,cheap display i am very Disappoint for it..... Overall you can buy this but if you want good display so don't buy it."
929,5,This phone is really a nice product.Smooth and easy movement and touch..camera quality is also soo nice. It has fast charging mode and keeps the charge for extended period of time..There is also fingerprint lock (the main switch) Totally the phone is too much for the money❤😌
930,5,Best fine for this budget front camera should be improved little bit / best for one who choose brand value but for those who look for options moto g30 and poco m3 is good
931,5,Nice and descent phone in affordable price  very amazing i like it
932,1,Galaxy m12 display not good TFT penal very bad cemara not good in price othar mobile mor fuchars and cemara quality very good  I don't like m series
933,4,thanks to flipkart and delivery boy I got delivered within 5 days very fast nice mobile display also big and cute according to the price I like it  .I am very haapy
934,1,Worst phone.  Damn damn heavy and camera quality is worst.
935,4,"Overall phone is good in the price range.But obviously for the gaming purpose not a good one, can be used as a good device for working or for our parents who dont use high end apps."
936,3,"Phine is okay 🆗 in this budget.. but if want to purchase moto g31 is better than m12.. 18 watt charger,, amoled display and gud camera quality ..."
937,5,Very nice Flipkart..
938,5,Good camera
939,5,"Awesome phone at this price range. The battery life is superb, it takes impressive photos, a bit heavy but overall its worth the price."
940,5,It is very awesome Mobile for free fire and it has game launcher and other features it is has hdr screen and battery life is 1 day it's real it very powerful because of the processor and it camera is very nice and it's look good 👍😀👌😄😊😎👍
941,1,I am writing this review after using this phone for 2 months. This is my 4th smart phone from Samsung. From my experience I would say this phone is one of the worst product ever from Samsung. Never go for this product. 2010's 2 magapixal nokia phone cameras were far far better than this phone camera. Also the phone is very slow. Very less features are being integrated with this phone. The battery hardly last upto 12-18 hours for normal internet surfing and calls. I urge samsung should stop su...
942,1,"Totally dissapointed .. I was using one plus 5 and  after so much recommendations from my friends,  I finally decided to go for Samsung after 10-15 years or so, but earlier decisions were better.. totally unhappy with the touch ,sometimes it's ultra sensitive and sometimes it's totally unresponsive. No fast charging .  Whatever Samsung claims but it takes life time  for complete charging.No use of Samsung apps and app store..such a waste of memory ..Weight of the mobile is too much .. i..."
943,5,"Here's a review of Samsung galaxy m12 after use of 15 days this might help you.I got this phone next day of my order, fast delivery by flipcart. Camera is fine, but battery is awesome I literally used 13 hours after full charge and battery goes to 14% which also includes 7 hours watching videos ,2 hours music, 2 hours online games,  and 2 hours other apps, so yah it is a battery efficient phone. I felt it little bit heavier than other phones. Processor used in this phone is okay like equiva..."
944,1,Camera working not sertify
945,5,I like the phone value for money
946,5,It's nice
947,5,"Good,l gifted my husband new mobile phone and he is very happy 💑👫"
948,5,Nice phone 📱👌not heating
949,4,Best Samsung phone in this price range.Good battery back up.Decent Display.Fast fingerprint sensor.Rear camera quality is good.front camera is not up to the mark.90 Hz refresh rate is good.Good user interface.updated to one ui 3.1.there are some pre installed apps which can only be disabled.sound quality is low comparing with other smartphones in same price segment.using in low screen bightness noticed screen flickering.There is no screen protector or case in the box.Takes 160 minutes for ful...
950,4,"Amazing smartphone. Camera , battery back up , display  , are awesome 👌. It has a little bit heating problem but not at all .Amazing smartphone for students becoz I'm using as a student .😊😊.It is heavy also , this is a bad point for this smartphone. But all good . ND I'm satisfied .Delivery was also good 👍. Thanks flipkart. 😊"
951,5,This smartphone is very good in camera and battery And value for money from Samsung with clean and smooth Ui and good battery life also
952,4,First I would like to thank you Flipkart for fastest delivery and yah the delivery guy is so cooperative and helpful Samsung phones are always best in performance and this one is also affordable and awesome phone
953,4,"Nice phone. We can rely on Samsung than any Chinese company like MI, Redmi, Poco, Realme, Vivo, Oppo etc.Little heavy and thick than others but best in this price range. Rear and front cameras are superb. Not has SAmoled display and you can't expect it in this price.6000 mah battery is just wow. Power packed phone.But the Charger is of 9V and there is mentioned that it is of 15V.It did justice with its price. Value for money and trust of Samsung.If you are willing for it, Go ahead 👍"
954,5,"Pros:-Battery backup is simply awesome. I got 8+ hours SOTPerformance is way better than Xiaomi and realme at this range. Bloatware free and no junk apps. Previously i was a Motorola User so i miss Moto tweaks, thats all. This gap is fulfilled by Samsung one UI. lots and lots of customisation.Samsung brand is trust. Phone is Durable and service centre are very helpfulThis is myth exynos are not good. Trust me, in real life in doesnt matter until and unless you do heavy gaming at very high..."
955,5,"Best mobile for in this price range, Battery backup is highlight. Better go with this mobile in budget category from best brand. Absolutely perfect mobile."
956,5,"Camera is good battery is good  fingure unlock sensor is very good and fast it is very thick due to large battery this phone is not for slim phone lovers but phone is very good and price are also good , good job samsung"
957,5,Overall it is good value of money. Everything perfect except taking about 3 and half hour to take full battery charge which is painful. Samsung should work on it.
958,4,"Personally i feel the design of this phone is very nice and impressive. Camera quality is good in this price point.Performance is also good in this range Battery life is good but it doesn't support fast charging so i didn't feel good about it. Display isn't  good  ,cheap display i am very Disappoint for it..... Overall you can buy this but if you want good display so don't buy it."
959,5,I like this product 😍 battery backup is so good. Camera quality is normal as given. Display is 10/10. Phone size is normal. Faster delivery. I ordered on 17th delivery date on 23th but I got it on 20th . Thank you flipkart
960,5,nice product. value for money. super fast delivery. nice behaviour of delivery boy.
961,4,good jio phone is better if you want to only for call is best you can buy it.  ..
962,5,very good phone if you don't want to be a smart phone addict.. good phone for business and definitely a lots better than any Nokia phones that have low earpiece volume problems..
963,5,Super Mobile phon. I like it. Thank you Flipkart
964,5,Good Quality
965,5,Very nice mobil
966,5,Fantastic Phone By Samsung. Superb Battery Backup. Color is also very Nice. and Super Fast Delivery by filpkart. Thank You flipkart.
967,4,"The phone is awesome. Battery life is long lasting..If charged once, the battery stays for atleast 2-3 days for a normal user. The phone is strong enough to not break even if it falls down on a bit harder surface. Lol😅Btw, delivery is super fast @Flipkart. I ordered the phone on 26th June afternoon and received it on 28th June morning. Thanx @Flipkart."
968,4,Excellent product for the paid money.. good phone for old aged people.. simple and easy for them to use...
969,5,"Awesome phone in price range, thank you flipkart for fast and safe delivery, it's really superb phone"
970,5,Thanks flipcart to its beautiful service nice product
971,5,Very good product from samsung.. Iam just loving it mobile is like butter no issues in mobile its totally money worth it best mobile from samsung and great service from flipkart💖
972,5,Good
973,1,Worst mobile. Getting hanged everyday. Not user friendly
974,2,Front camera is very poor. Don't buy it
975,1,Worst product
976,1,Samsung Galaxy M 32 is very bad phone
977,5,Good
978,5,It's nice
979,5,"Awesome phone at this price range. The battery life is superb, it takes impressive photos, a bit heavy but overall its worth the price."
980,5,It is very awesome Mobile for free fire and it has game launcher and other features it is has hdr screen and battery life is 1 day it's real it very powerful because of the processor and it camera is very nice and it's look good 👍😀👌😄😊😎👍
981,1,I am writing this review after using this phone for 2 months. This is my 4th smart phone from Samsung. From my experience I would say this phone is one of the worst product ever from Samsung. Never go for this product. 2010's 2 magapixal nokia phone cameras were far far better than this phone camera. Also the phone is very slow. Very less features are being integrated with this phone. The battery hardly last upto 12-18 hours for normal internet surfing and calls. I urge samsung should stop su...
982,1,"Totally dissapointed .. I was using one plus 5 and  after so much recommendations from my friends,  I finally decided to go for Samsung after 10-15 years or so, but earlier decisions were better.. totally unhappy with the touch ,sometimes it's ultra sensitive and sometimes it's totally unresponsive. No fast charging .  Whatever Samsung claims but it takes life time  for complete charging.No use of Samsung apps and app store..such a waste of memory ..Weight of the mobile is too much .. i..."
983,5,"Here's a review of Samsung galaxy m12 after use of 15 days this might help you.I got this phone next day of my order, fast delivery by flipcart. Camera is fine, but battery is awesome I literally used 13 hours after full charge and battery goes to 14% which also includes 7 hours watching videos ,2 hours music, 2 hours online games,  and 2 hours other apps, so yah it is a battery efficient phone. I felt it little bit heavier than other phones. Processor used in this phone is okay like equiva..."
984,1,Camera working not sertify
985,5,I like the phone value for money
986,5,It's nice
987,5,"Good,l gifted my husband new mobile phone and he is very happy 💑👫"
988,5,Nice phone 📱👌not heating
989,5,Super mobile nd processer
990,5,Nice
991,5,Nice
992,5,Awosome look and great working of this phone And camera outstanding
993,5,Very good phone nice working
994,4,Not Bad
995,4,Ok
996,4,Nice
997,5,Very Very Good Mobile
998,5,Good
999,5,Nice product
1000,5,Good
1001,5,Iam happy
1002,4,Overall looks very classy. I was able to transfer all my data including apps from my old device. The battery is taking little time to charge. Will check performance of few days usage. Value for money for this price and Samsung
1003,4,Normal user 100% Best choice WhatsApp👌Youtub👌Fb👌Noramal games 👌Movies. 👌Best 100% good choice ❤I love this product.. ❤Samsung ❤
1004,5,Phone is very good  . I am so very very happy.
1005,4,Nice
1006,5,Camera quality is very good
1007,5,"Very good and awesome phone ,comparing to the price range"
1008,4,Nice product 👌
1009,3,"The pricing at which this mobile is available , we expect more from samsung it is a trusted brand so customer expectations are high from this brand and it is obvious.CAMERA:Camera quality is very poor perhaps samsung offering a 64mp main camera, and i think it will be improved with minor software updates.DISPLAY:It is offering a TFT display but display quality is excellent also colour reproduction is far better than other IPS LCD displays,but if they provide a S-AMOLED that will become aw..."
1010,5,Great phone.its good in all segment.prformance is good.display is very bright.sound is good overall it is a good phone. I am using this phone from last one week.i had no issue facing.Pros1.64 mp back camera is stunning.takes good photos2.night mode is superb.takes very bright photos3.display is good.very colorful.4.performence.m tek dimensity 700 rocking.5.selfee 8 mp camera good6.battery performance is good.it last for a day insel heavy use.7.charging is fast.8.network coverage  is...
1011,4,"Overall Good product from Samsung IT'S 5G PHONE WITH 12 BANDCAMERA IS VERY GOOD WITH NIGHT MODE And Also Has Slow motion video Recording Battery Back up is good It has some cool features like bedtime mode, eye comfort mode,wifi calling etc....It has latest Android version with good Security Like face lock , fingers print scanner......For for it if u need 5G"
1012,4,Pros :Feel good mobile from Samsung. Processor is really good. I like the back camera. Worth for the money. Far better than Chinese mobiles.Cons :No Super Amoled displayFront camera is a vintage one ( 8mp )Screen shot method is primitive.
1013,5,Budget friendly good job by samsung👌🏻Excellent budget phone 👍🏻 very nice and beautiful colour matte aqua (blue)😍Exellent performance Back Camera exellent😎6Gb + 128Gb combination👌🏻I am very glad to own this phone only the disappointment  with the front Camera and the TFT display (wish i could get atleast 16MP front cam & amoled display it could be better)Although the phone is fabulous ❤😍
1014,1,"Waste phone, even screen shot old type.Pls friends  don't buy these type phone"
1015,1,Front camera very poor quality
1016,3,Front camera  very poor HD display not
1017,1,Lots of Hang issues...Battery gets drained very fastSound quality is very low & bad
1018,4,A good phone but the front camera should be better though the processor is good at this price segment and the 90Hz display is really smooth. But just one thing The front camera should be better samsung should give at least 13 MP camera at this price segment
1019,4,"Light weight, very compact, stylish. keypad is awesome ! buttons were made with rubber finish .phone has good grip in hand. speaker loudness is average . earpiece sound quality is good . phone has some basic functions like timer,world clock,stop watch , converter etc...comes with Sudoku game. earphones which comes with the phone was good in both sound quality and loudness . SAR value is very low which is good for long talkers. overall this is best for those who wants a backup phone and those ..."
1020,5,"I bought this to gift to my mom. it's pretty light weight, slim, good batter backup and overall a nice mobile. The only thing I wish it had was auto update of time and date. Except that the mobile is very good. my mom loves it. (I'll update review after using it for a week or so)"
1021,5,This is a brilliant choice if you are looking for a basic phone to avoid the distraction from the smartphone.The heilight of this product is the battery life (I got 10 days battery backup) and Call clarity; things we want to be perfect in a basic phone.Apart from that we have music player which will help you enjoy your loneliness....Altogether it was an astonishing purchase for me
1022,5,I'm completely satisfied with the product. It is my first Samsung phone and bought only for talking purpose. I have selected golden colour snd it's looks like the same
1023,5,"A brand is brand always.Samsung is the most trustworthy product.Everything is working fine and display looks awesome 👍Anyone can use this without any hesitation.Got adapter, earphones along with phoneFully satisfied with the product 😀"
1024,5,I bought this phone for my mother and i found that this was the best suitable phone for her . The phone has :Nice lookVery good sound qualityGood battery backupDecent screen sizeGood resolution .
1025,5,Such a beautiful and functional device. Display is large for clear visibility of text. Rubber made keyboard easy to press. Gives you comfort while pressing. It has vibration functionality so no need to worry while you use it in silent mode. 800mah battery can easily last for 3-4 days. Dual sim so no need to worry. Excellent signal reception and clear ear piece quality. It has an inbuilt torch which can help you at night. Overall a great device packed with features. Guru 2 is really guru in th...
1026,5,"I am very happy .this is good product it,s is a simple phone to calling and hearing masic only I like it. 5 day standby mod"
1027,5,It's good mobile.1. Good battery2. Best look3. Nice display4. Best keypad 5. headphone not work this phone6. best charger7. Very good sound quality8. dual sim and memory card support9. warranty card and userguide10. I love this phone
1028,5,nice product perfect phone to use calls ..looking like good charging is good value for money
1029,5,Good 👍😊
1030,2,Back panel is damage
1031,1,Dummy phone this is
1032,5,Good working
1033,5,It is a Best product. I am satisfied with samsung galaxy M 21. It is best in all the aspects of phone. No words to describe...for such a great product 🤩
1034,4,Very happy nice good look good device M21
1035,5,Wow this is so amazing phone I love it this phone thank you flipkart to deliver my samsung galaxy m21 phone
1036,5,Good mobile.charging and camera supper...
1037,5,very nice phone
1038,5,Very good mobile who r wants to purchase go to this phoneVery good mobile for this price range
1039,5,One of the best Smart phone
1040,1,Waste mobile Over Heating
1041,5,Mobie is nice and flipcart service is good. Flipcart is give fast service and nice priducts.
1042,4,Charging long time three horse
1043,5,"Nice budget phone.. Am a fan of Samsung and very happy to say that this time also, Samsung didn't disappoint me. A very good phone in this price range. Thank you Samsung and Flipkart. 👏🏻🙏👏🏻"
1044,3,Phone is good but i think in this price range it should be more appealing like back side is not up to the standard. Overall ok phone. But i can not write more in performance as it has delivered to me today only
1045,5,It's nice
1046,2,Although the phone is good all over but the camera quality is pathetic
1047,5,Delightful 🤩
1048,5,Good
1049,1,Worst and pathetic phone. Please I strongly recommend STOP buying Samsung phones. I bought this phone after 2weeks phone started hanging/slow. Couldn’t able to answer the calls due to slowness. DONT BUY
1050,1,This phone not good camera totally waste
1051,2,Phone was hanging touch was not working properly.
1052,3,Average quality mobile..
1053,5,This phone is really a nice product.Smooth and easy movement and touch..camera quality is also soo nice. It has fast charging mode and keeps the charge for extended period of time..There is also fingerprint lock (the main switch) Totally the phone is too much for the money❤😌
1054,5,Best fine for this budget front camera should be improved little bit / best for one who choose brand value but for those who look for options moto g30 and poco m3 is good
1055,5,Nice and descent phone in affordable price  very amazing i like it
1056,1,Galaxy m12 display not good TFT penal very bad cemara not good in price othar mobile mor fuchars and cemara quality very good  I don't like m series
1057,4,thanks to flipkart and delivery boy I got delivered within 5 days very fast nice mobile display also big and cute according to the price I like it  .I am very haapy
1058,1,Worst phone.  Damn damn heavy and camera quality is worst.
1059,4,"Overall phone is good in the price range.But obviously for the gaming purpose not a good one, can be used as a good device for working or for our parents who dont use high end apps."
1060,3,"Phine is okay 🆗 in this budget.. but if want to purchase moto g31 is better than m12.. 18 watt charger,, amoled display and gud camera quality ..."
1061,5,Very nice Flipkart..
1062,5,Good camera
1063,5,It's a good phone if you are looking a 5g underbudget  and don't wanna buy Chinese brand. Definitely go for this then . Camera is also good but front camera is good when light is good and night camara mode is good  specially front and other things are fair enough.
1064,5,The best 5G compatible smart phone with this price range. Loved it.
1065,5,It's amazing phone I ever had of samsung I used A50s A21s as well as M21 series phone but over all its a good phone
1066,4,Good luking
1067,5,Very good phone
1068,5,"Just as samsung says this device is totally AWESOME!!!5g connectivity works great!With nightmode on at night it looks like day !!!Awesome display 90 hertz is buttery smooth Smooth and efficient ui Samsung did a great job on this phone Some people are complaining that the camera quality is poor that is because in the camera app the resolution is set to low by default to save space , you can change this in the camera settings."
1069,5,Good
1070,5,Awesome phone
1071,5,Best 5g mobile
1072,5,awesome
1073,3,"The pricing at which this mobile is available , we expect more from samsung it is a trusted brand so customer expectations are high from this brand and it is obvious.CAMERA:Camera quality is very poor perhaps samsung offering a 64mp main camera, and i think it will be improved with minor software updates.DISPLAY:It is offering a TFT display but display quality is excellent also colour reproduction is far better than other IPS LCD displays,but if they provide a S-AMOLED that will become aw..."
1074,5,Great phone.its good in all segment.prformance is good.display is very bright.sound is good overall it is a good phone. I am using this phone from last one week.i had no issue facing.Pros1.64 mp back camera is stunning.takes good photos2.night mode is superb.takes very bright photos3.display is good.very colorful.4.performence.m tek dimensity 700 rocking.5.selfee 8 mp camera good6.battery performance is good.it last for a day insel heavy use.7.charging is fast.8.network coverage  is...
1075,4,"Overall Good product from Samsung IT'S 5G PHONE WITH 12 BANDCAMERA IS VERY GOOD WITH NIGHT MODE And Also Has Slow motion video Recording Battery Back up is good It has some cool features like bedtime mode, eye comfort mode,wifi calling etc....It has latest Android version with good Security Like face lock , fingers print scanner......For for it if u need 5G"
1076,4,Pros :Feel good mobile from Samsung. Processor is really good. I like the back camera. Worth for the money. Far better than Chinese mobiles.Cons :No Super Amoled displayFront camera is a vintage one ( 8mp )Screen shot method is primitive.
1077,5,Budget friendly good job by samsung👌🏻Excellent budget phone 👍🏻 very nice and beautiful colour matte aqua (blue)😍Exellent performance Back Camera exellent😎6Gb + 128Gb combination👌🏻I am very glad to own this phone only the disappointment  with the front Camera and the TFT display (wish i could get atleast 16MP front cam & amoled display it could be better)Although the phone is fabulous ❤😍
1078,1,"Waste phone, even screen shot old type.Pls friends  don't buy these type phone"
1079,1,Front camera very poor quality
1080,3,Front camera  very poor HD display not
1081,1,Lots of Hang issues...Battery gets drained very fastSound quality is very low & bad
1082,4,A good phone but the front camera should be better though the processor is good at this price segment and the 90Hz display is really smooth. But just one thing The front camera should be better samsung should give at least 13 MP camera at this price segment
1083,5,This phone looks great in real life than in image .. must buy.. sound quality is best.. design of phone is amazing .. I loved it
1084,4,Pros1 display 2 loud speaker👌👌3  good sunlight viewing4  super touch 120 Hertz5  always on display6 good looking and build7good volg mode in cameraCons1 average camera2 bulky and heavyweight3 lack of other camera feature like redmi note 10 pro4 charging speed 50 percent is very fast   But Full charge it takpercent o 60 minutes5 no EIS and OIS in camera6 only record in 1080p 30&60 fps7   4k only 30fpsOverall good phone
1085,5,"Best phone for this budget,,, 1st a good battery and fast charger2nd nice camera and very good new features for vlogs3rd the dimensity 920 5g processor OMG very good4th display was awesome profomence 120Hz HDR10+Overall Very Nice Phone4.5 star out of the 5Thank you Flipkart"
1086,4,This phone is a perfect all rounder with some compromise s in this segment. I will prefer the 11i over the hypercharge. 11i has all the same features at lower price. Display is good and bright but i noticed Mi 11 lite feels much better and brighter some times. Battery life is too good. But camera is bit disappointed not as good as expected in this price range. Low light experience was very poor . Video quality is just ok. If you are a camera lover then this phone is not ok for you. I hope...
1087,4,"Good for the money I paid for 67 W varient. After using for 4 hours battery drained by 20% which is too good! Camera is very very very very poor and needs to be improved. Hopefully gets good with updates. If camera is your 1st priority then please avoid this. Go for it if you want best battery, best display, best looks and good performance!"
1088,5,"Phone size is quite large like we can't say this is a handy phone. Charging is obviously fast, display has good refresh rate and also feels good when we use the phone.MiUi is also update like i feel smoother than my past experience"
1089,4,"Initially thought of the camera being average, but it turns out to be quite fanatic. 108mp camera works well as well as the other features. Bokeh is too good. Battery service is too decent with 67 Watt charger that within 25 mins charges upto 70%. Display and sound are really awesome. Compact package."
1090,5,Superb...excellent 108MP clear camera.Superb symmetrical stereo sound like JBL affection.Superb display and amazing brightness.Superb smooth. Superb battery.Superb 67W charging...very fastSuperb sparkling colors..Superb feel..Superb back glass..Superb inhand feel and weight distribution.Everything is finest...I liked it and happy with satisfaction. 5 out of 5 star
1091,5,XIAOMI 11i 5G CAMO GREEN1. SOUND - Sound is like watching movie In theater dual Dolby atmos. 2. WEIGHT -. Perfect. 3. DISPLAY -120Hz AMOLED Display quality good. 4. PROCESSOR- MTD 920 5G all rounder. 5. CAMERA- 108MP Camera & Selfie 16MP good (compare to Last used mobile Mi note 5 pro) 6. CHARGING - 67W fast charging impressive. Good Battery backup.In hand feel like Premium. CAMO GREEN COLOUR IS BEST. Go for it.
1092,5,"Best in class no doubt it is very good mobile in this Price, Display super, battery🔋 full day, cameras good but more improve totally best quality in this price thanks Flipkart."
1093,5,This phone looks great in real life than in image .. must buy.. sound quality is best.. design of phone is amazing .. I loved it
1094,4,Pros1 display 2 loud speaker👌👌3  good sunlight viewing4  super touch 120 Hertz5  always on display6 good looking and build7good volg mode in cameraCons1 average camera2 bulky and heavyweight3 lack of other camera feature like redmi note 10 pro4 charging speed 50 percent is very fast   But Full charge it takpercent o 60 minutes5 no EIS and OIS in camera6 only record in 1080p 30&60 fps7   4k only 30fpsOverall good phone
1095,5,"Best phone for this budget,,, 1st a good battery and fast charger2nd nice camera and very good new features for vlogs3rd the dimensity 920 5g processor OMG very good4th display was awesome profomence 120Hz HDR10+Overall Very Nice Phone4.5 star out of the 5Thank you Flipkart"
1096,4,This phone is a perfect all rounder with some compromise s in this segment. I will prefer the 11i over the hypercharge. 11i has all the same features at lower price. Display is good and bright but i noticed Mi 11 lite feels much better and brighter some times. Battery life is too good. But camera is bit disappointed not as good as expected in this price range. Low light experience was very poor . Video quality is just ok. If you are a camera lover then this phone is not ok for you. I hope...
1097,4,"Good for the money I paid for 67 W varient. After using for 4 hours battery drained by 20% which is too good! Camera is very very very very poor and needs to be improved. Hopefully gets good with updates. If camera is your 1st priority then please avoid this. Go for it if you want best battery, best display, best looks and good performance!"
1098,5,"Phone size is quite large like we can't say this is a handy phone. Charging is obviously fast, display has good refresh rate and also feels good when we use the phone.MiUi is also update like i feel smoother than my past experience"
1099,4,"Initially thought of the camera being average, but it turns out to be quite fanatic. 108mp camera works well as well as the other features. Bokeh is too good. Battery service is too decent with 67 Watt charger that within 25 mins charges upto 70%. Display and sound are really awesome. Compact package."
1100,5,Superb...excellent 108MP clear camera.Superb symmetrical stereo sound like JBL affection.Superb display and amazing brightness.Superb smooth. Superb battery.Superb 67W charging...very fastSuperb sparkling colors..Superb feel..Superb back glass..Superb inhand feel and weight distribution.Everything is finest...I liked it and happy with satisfaction. 5 out of 5 star
1101,5,XIAOMI 11i 5G CAMO GREEN1. SOUND - Sound is like watching movie In theater dual Dolby atmos. 2. WEIGHT -. Perfect. 3. DISPLAY -120Hz AMOLED Display quality good. 4. PROCESSOR- MTD 920 5G all rounder. 5. CAMERA- 108MP Camera & Selfie 16MP good (compare to Last used mobile Mi note 5 pro) 6. CHARGING - 67W fast charging impressive. Good Battery backup.In hand feel like Premium. CAMO GREEN COLOUR IS BEST. Go for it.
1102,5,"Best in class no doubt it is very good mobile in this Price, Display super, battery🔋 full day, cameras good but more improve totally best quality in this price thanks Flipkart."
1103,5,This phone looks great in real life than in image .. must buy.. sound quality is best.. design of phone is amazing .. I loved it
1104,4,Pros1 display 2 loud speaker👌👌3  good sunlight viewing4  super touch 120 Hertz5  always on display6 good looking and build7good volg mode in cameraCons1 average camera2 bulky and heavyweight3 lack of other camera feature like redmi note 10 pro4 charging speed 50 percent is very fast   But Full charge it takpercent o 60 minutes5 no EIS and OIS in camera6 only record in 1080p 30&60 fps7   4k only 30fpsOverall good phone
1105,5,"Best phone for this budget,,, 1st a good battery and fast charger2nd nice camera and very good new features for vlogs3rd the dimensity 920 5g processor OMG very good4th display was awesome profomence 120Hz HDR10+Overall Very Nice Phone4.5 star out of the 5Thank you Flipkart"
1106,4,This phone is a perfect all rounder with some compromise s in this segment. I will prefer the 11i over the hypercharge. 11i has all the same features at lower price. Display is good and bright but i noticed Mi 11 lite feels much better and brighter some times. Battery life is too good. But camera is bit disappointed not as good as expected in this price range. Low light experience was very poor . Video quality is just ok. If you are a camera lover then this phone is not ok for you. I hope...
1107,4,"Good for the money I paid for 67 W varient. After using for 4 hours battery drained by 20% which is too good! Camera is very very very very poor and needs to be improved. Hopefully gets good with updates. If camera is your 1st priority then please avoid this. Go for it if you want best battery, best display, best looks and good performance!"
1108,5,"Phone size is quite large like we can't say this is a handy phone. Charging is obviously fast, display has good refresh rate and also feels good when we use the phone.MiUi is also update like i feel smoother than my past experience"
1109,4,"Initially thought of the camera being average, but it turns out to be quite fanatic. 108mp camera works well as well as the other features. Bokeh is too good. Battery service is too decent with 67 Watt charger that within 25 mins charges upto 70%. Display and sound are really awesome. Compact package."
1110,5,Superb...excellent 108MP clear camera.Superb symmetrical stereo sound like JBL affection.Superb display and amazing brightness.Superb smooth. Superb battery.Superb 67W charging...very fastSuperb sparkling colors..Superb feel..Superb back glass..Superb inhand feel and weight distribution.Everything is finest...I liked it and happy with satisfaction. 5 out of 5 star
1111,5,XIAOMI 11i 5G CAMO GREEN1. SOUND - Sound is like watching movie In theater dual Dolby atmos. 2. WEIGHT -. Perfect. 3. DISPLAY -120Hz AMOLED Display quality good. 4. PROCESSOR- MTD 920 5G all rounder. 5. CAMERA- 108MP Camera & Selfie 16MP good (compare to Last used mobile Mi note 5 pro) 6. CHARGING - 67W fast charging impressive. Good Battery backup.In hand feel like Premium. CAMO GREEN COLOUR IS BEST. Go for it.
1112,5,"Best in class no doubt it is very good mobile in this Price, Display super, battery🔋 full day, cameras good but more improve totally best quality in this price thanks Flipkart."
1113,5,"Honest review after using it for three days.1. Look and feel - Awesome! Camo Green colour is amazing. It's very handy and comfortable in typing.2. Performance - Very Good.3. Display and refresh rate - I feel the refresh rate is not well optimised, still good. Hopefully, system updates will make it smoother. Till now I haven't felt any lag.4. Battery and charging - Good battery backup of 1-day on normal use, if you're a heavy user then it depends. Full charge in 45-50 mins (normal charge ..."
1114,5,"Just awesome 🔥I have been using it since for 5 days Battery performance is better Selfie camera is 🔥Rear camera is also good daylight photos are decent but there is little problem in low light photos, Rest all other features are awesome.Games like Pubg, free fire are working good with Dimensity 920 processor."
1115,4,"Am giving this review after usage of complete 1 day..!! Rear Camera Not Upto the expectation level (108mp) in Dim Lights But in sunlight its really good, Front Camera is really Good more than expectations, Overall Worth for Money, No laggings Good processor.. More than all above i love the stereo Dolby effects Semma Quality in while hearing Musics &  HD Videos Amazing Sound effect mild to hear. <3"
1116,5,"MI 11i is Good Mobile in 2022, Camera 1000% Good, Battery is 100% Good, Display is Good, Calls Voice also Good, I'm Very Happy to Use this MI 11i Mobile. Lovely All 😍"
1117,4,"The phone is great there are some functions that i think lacks in the phone like in display fingerprint , 256 gb storage should have been given according to the price of phone with 12 gb ram,,and there isn't second space in the phone ...otherwise phone is great 120hz refresh rate is a blast 👍👍and dont buy it for playing bgmi it have 60fps support but it never maintains 60 fps it drops to 40 as you start playing even at mylta 😂"
1118,3,Camera quality is not too good.
1119,4,"11i 8gb version: Battery: Lasts all day, even with using Social Media and music. 67W charger is more than enough for daily use. I bought this phone mainly because it offered more battery capacity than the hypercharge version.I plug it in the morning after waking up and by the time in done with breakfast (approx 40mins), phone is full.Speakers: Dual stereo speakers, one on top and one on bottom. Symmetric sound. Impossibly loud and crisp. You can hear the phone from the other room also cle..."
1120,5,"11i 5g mobiles performance and operating very fast, camera 108 MG very good quality. Sounds very clear and double speekar very good lowd and clear hipper charge no over hit complaint value for money very good product 👍👍👍💯👌"
1121,5,Writing this review after a use of 3 days.I have bought 8gb 128gb variant in Pacific Pearl color.Firstly the phone looks elegant when in hand and the fact that it is coupled with dimensity 920 chipset makes this phone a performance beast.Until now I have not faced any issues with the phone.120 hz display feels like butter on fingers..and gaming experience is on the next level with a classy display. Although I've purchased the 67 watt charging variant the charging speed is not bad at all...
1122,5,"I have it's 8/128 variant, and it's perfectly working very decent, dimensity 920 is a very good optimised proccessor , no hitting issu after heavy usages, no lagg issu, sound is absolutely stunning with dual speaker Dolby Atmos, Only issu I have faced low light camera quality, it's struggle a bit in low light, but in daylight it's very good , but not excellent which can be fixed in software update.But I must say , yes this phone is very powerful in terms of performance. Go for it, it can b..."
1123,5,"Honest review after using it for three days.1. Look and feel - Awesome! Camo Green colour is amazing. It's very handy and comfortable in typing.2. Performance - Very Good.3. Display and refresh rate - I feel the refresh rate is not well optimised, still good. Hopefully, system updates will make it smoother. Till now I haven't felt any lag.4. Battery and charging - Good battery backup of 1-day on normal use, if you're a heavy user then it depends. Full charge in 45-50 mins (normal charge ..."
1124,5,"Just awesome 🔥I have been using it since for 5 days Battery performance is better Selfie camera is 🔥Rear camera is also good daylight photos are decent but there is little problem in low light photos, Rest all other features are awesome.Games like Pubg, free fire are working good with Dimensity 920 processor."
1125,4,"Am giving this review after usage of complete 1 day..!! Rear Camera Not Upto the expectation level (108mp) in Dim Lights But in sunlight its really good, Front Camera is really Good more than expectations, Overall Worth for Money, No laggings Good processor.. More than all above i love the stereo Dolby effects Semma Quality in while hearing Musics &  HD Videos Amazing Sound effect mild to hear. <3"
1126,5,"MI 11i is Good Mobile in 2022, Camera 1000% Good, Battery is 100% Good, Display is Good, Calls Voice also Good, I'm Very Happy to Use this MI 11i Mobile. Lovely All 😍"
1127,4,"The phone is great there are some functions that i think lacks in the phone like in display fingerprint , 256 gb storage should have been given according to the price of phone with 12 gb ram,,and there isn't second space in the phone ...otherwise phone is great 120hz refresh rate is a blast 👍👍and dont buy it for playing bgmi it have 60fps support but it never maintains 60 fps it drops to 40 as you start playing even at mylta 😂"
1128,3,Camera quality is not too good.
1129,4,"11i 8gb version: Battery: Lasts all day, even with using Social Media and music. 67W charger is more than enough for daily use. I bought this phone mainly because it offered more battery capacity than the hypercharge version.I plug it in the morning after waking up and by the time in done with breakfast (approx 40mins), phone is full.Speakers: Dual stereo speakers, one on top and one on bottom. Symmetric sound. Impossibly loud and crisp. You can hear the phone from the other room also cle..."
1130,5,"11i 5g mobiles performance and operating very fast, camera 108 MG very good quality. Sounds very clear and double speekar very good lowd and clear hipper charge no over hit complaint value for money very good product 👍👍👍💯👌"
1131,5,Writing this review after a use of 3 days.I have bought 8gb 128gb variant in Pacific Pearl color.Firstly the phone looks elegant when in hand and the fact that it is coupled with dimensity 920 chipset makes this phone a performance beast.Until now I have not faced any issues with the phone.120 hz display feels like butter on fingers..and gaming experience is on the next level with a classy display. Although I've purchased the 67 watt charging variant the charging speed is not bad at all...
1132,5,"I have it's 8/128 variant, and it's perfectly working very decent, dimensity 920 is a very good optimised proccessor , no hitting issu after heavy usages, no lagg issu, sound is absolutely stunning with dual speaker Dolby Atmos, Only issu I have faced low light camera quality, it's struggle a bit in low light, but in daylight it's very good , but not excellent which can be fixed in software update.But I must say , yes this phone is very powerful in terms of performance. Go for it, it can b..."
1133,5,Phone working is Very Good
1134,5,Nice
1135,4,Everything is ok except battery backup.
1136,2,Not a good product
1137,5,Mi good phone and good battery I'm happy
1138,3,Good
1139,4,Nyc phone
1140,5,Good
1141,1,Phone is hacking problem
1142,1,Hanging problem
1143,2,Phone is slow
1144,4,Nice good
1145,4,Nice phone and good quality.but camera not good quality
1146,5,Best
1147,5,Good mobile
1148,3,Product is good
1149,4,Nice good product
1150,4,Camera is not at awesome but it is good but if we see his price according his work so it is High..
1151,4,"Cons :Speaker volume low,Camera not worth 20k,.Pros :Long battery,Fast charge 60 min,Operating system has improved,Camera is also good, Call recording not working as earlier version of MIUI,Ram & processor is good to handle gaming,Miui almost bug free,Battery backup good, despite OS draining,Light weight, good looks, good design, never heats up,.Software can probably improve the camera performance and fix battery drain. But wifi reception speakers and bad display are hardware i..."
1152,5,Value of money
1153,5,Best ever phone.. I like redmi....
1154,5,Good 👌👌👌👌
1155,5,Very good
1156,5,Nice product
1157,2,Battery drain very fast
1158,5,Very nice👍👍👍👍👍
1159,5,Nice
1160,5,Phone working is Very Good
1161,5,Nice
1162,4,Everything is ok except battery backup.
1163,2,Not a good product
1164,4,Nyc phone
1165,5,Mi good phone and good battery I'm happy
1166,3,Good
1167,5,Good
1168,5,Wow superb I love it❤️👍 battery backup so nice 👍👍
1169,4,Mobile So Good In Range Redmi 9a Has Miui 12 Latest Version Nice Phone Display So Good And Battery Was So Very Good
1170,5,Wonderful device and smart phone best camera best bettery and very nice looking nd budget device
1171,5,Value of money 💰💰
1172,5,Osm products very fast deleveary quality osm Price range
1173,5,It's has  good looking Android version because the phone work good performance with camera and battery. And I have bought it's in offer time Rs __ 7329 money I have paid
1174,5,Amazing night photo
1175,4,Redmi mobiles are vry gud looking
1176,5,Nice for camera quality
1177,5,Nice mobile.
1178,4,"Pros: 1.Charging time with 18W charger is 7 hours. With 10 watt charger it takes 10.5 hours to charge completely. (If your charger is 15W , it will still take 10.5 hours to charge). 2. It doesn't have a power on/off button. There is a battery level indicater button on side. When you press it once, it will show the battery level remaining. If you press it twice, it will go on low- current discharge mode when you can charge devices like Bluetooth headphones and smartbands. When you connect..."
1179,4,* best battery life * good performance* value for money * nice fast chargering
1180,5,Thank you so much Flipkart this is a great power bank mi redmi note 7 pro full charge in 50 minutes this is very excellent product I recommend to all buy it so thanks Flipkart seller & delivery executive is happy nature
1181,5,The power bank is very good ..I firstly charged my airpods with it and they got charged very quickly..it's highly recommended that before using it for the first time charge it completely then only you can see it's best performance.. overall good product
1182,5,Best power and fast charging i love this product as safe delivery
1183,5,This is a amazing power bank for every you charged by this . This is charge my redmi k20pro 4000 mah battery 4.5 times 4 time fully charged and 5th time half charge not. Bad thank you mi. Tq Flipkart 👍👍🤝I suggest you can bought now careless.
1184,5,Good product 20000mAh power bank. And original and free a type-c usb cable.and a original product checking code is given in box I suggest always check the code in xiomi website for confirmation. It made in india .and it support 18w fast charging.3 power output support 2 usb type A and one type c port. Two way charging option support micro usb and type c port .
1185,4,Value for money. A must have power bank.. It takes time to get charged itself is approx 8 hrs.. But it charges phone at good speed.. Awesome purchase at good price... Two inputs Type C n USB 2.0... Two output ports..
1186,4,Very good this product
1187,4,"Very good product, it worth with price.Battery backup is very fine but sometimes it doesn't boost the fast charging.Over all Mi 20000 power bank is much powerful than other power banks."
1188,5,Wow superb I love it❤️👍 battery backup so nice 👍👍
1189,4,Mobile So Good In Range Redmi 9a Has Miui 12 Latest Version Nice Phone Display So Good And Battery Was So Very Good
1190,5,Wonderful device and smart phone best camera best bettery and very nice looking nd budget device
1191,5,Value of money 💰💰
1192,5,Osm products very fast deleveary quality osm Price range
1193,5,It's has  good looking Android version because the phone work good performance with camera and battery. And I have bought it's in offer time Rs __ 7329 money I have paid
1194,5,Amazing night photo
1195,4,Redmi mobiles are vry gud looking
1196,5,Nice for camera quality
1197,5,Nice mobile.
1198,5,Wow superb I love it❤️👍 battery backup so nice 👍👍
1199,4,Mobile So Good In Range Redmi 9a Has Miui 12 Latest Version Nice Phone Display So Good And Battery Was So Very Good
1200,5,Wonderful device and smart phone best camera best bettery and very nice looking nd budget device
1201,5,Value of money 💰💰
1202,5,Osm products very fast deleveary quality osm Price range
1203,5,It's has  good looking Android version because the phone work good performance with camera and battery. And I have bought it's in offer time Rs __ 7329 money I have paid
1204,5,Amazing night photo
1205,4,Redmi mobiles are vry gud looking
1206,5,Nice for camera quality
1207,5,Nice mobile.
1208,4,Working well after 3 days of using. Battery back up fine for normal usage. I had gifted this to my mom she is happy.Genuine phone in this range segment.
1209,5,"Nice product according to its budget. But it's hard to play high Graphics games like pubg on 3GB RAM. It lags even when you play at Smooth Graphics settings. If this is for gaming (High graphics game) purpose, then don't go for 3GB or 2 GB RAM and the rest it works very well."
1210,1,Very bad performance..Phone is hang..Time to time....
1211,1,Very worst product i had received and camara is not clear. Useless product delivered by Flipkart and not going to use this Flipkart going foward.Very.... Very..... Worst
1212,1,Price Soo high but product so poor according to price I m not satisfied for this product
1213,1,Worst phone ever by MI. VERY LOW QUALITY CAMERA. PERFORMANCE LIKE 3GP CERA
1214,3,"Accept camera (picture quality). All is good, this is budget phone."
1215,5,It's really nice 👍
1216,5,Great
1217,5,Very good product
1218,5,good
1219,5,Very good
1220,5,Nice one
1221,5,nice
1222,5,It was good
1223,4,Good phone
1224,5,"Phone is very nice, camera quality is also good"
1225,4,Good
1226,4,Nice and gud thank you filpkart
1227,5,Veri good mobile
1228,5,This phone looks great in real life than in image .. must buy.. sound quality is best.. design of phone is amazing .. I loved it
1229,4,Pros1 display 2 loud speaker👌👌3  good sunlight viewing4  super touch 120 Hertz5  always on display6 good looking and build7good volg mode in cameraCons1 average camera2 bulky and heavyweight3 lack of other camera feature like redmi note 10 pro4 charging speed 50 percent is very fast   But Full charge it takpercent o 60 minutes5 no EIS and OIS in camera6 only record in 1080p 30&60 fps7   4k only 30fpsOverall good phone
1230,5,"Best phone for this budget,,, 1st a good battery and fast charger2nd nice camera and very good new features for vlogs3rd the dimensity 920 5g processor OMG very good4th display was awesome profomence 120Hz HDR10+Overall Very Nice Phone4.5 star out of the 5Thank you Flipkart"
1231,4,This phone is a perfect all rounder with some compromise s in this segment. I will prefer the 11i over the hypercharge. 11i has all the same features at lower price. Display is good and bright but i noticed Mi 11 lite feels much better and brighter some times. Battery life is too good. But camera is bit disappointed not as good as expected in this price range. Low light experience was very poor . Video quality is just ok. If you are a camera lover then this phone is not ok for you. I hope...
1232,4,"Good for the money I paid for 67 W varient. After using for 4 hours battery drained by 20% which is too good! Camera is very very very very poor and needs to be improved. Hopefully gets good with updates. If camera is your 1st priority then please avoid this. Go for it if you want best battery, best display, best looks and good performance!"
1233,5,"Phone size is quite large like we can't say this is a handy phone. Charging is obviously fast, display has good refresh rate and also feels good when we use the phone.MiUi is also update like i feel smoother than my past experience"
1234,4,"Initially thought of the camera being average, but it turns out to be quite fanatic. 108mp camera works well as well as the other features. Bokeh is too good. Battery service is too decent with 67 Watt charger that within 25 mins charges upto 70%. Display and sound are really awesome. Compact package."
1235,5,Superb...excellent 108MP clear camera.Superb symmetrical stereo sound like JBL affection.Superb display and amazing brightness.Superb smooth. Superb battery.Superb 67W charging...very fastSuperb sparkling colors..Superb feel..Superb back glass..Superb inhand feel and weight distribution.Everything is finest...I liked it and happy with satisfaction. 5 out of 5 star
1236,5,XIAOMI 11i 5G CAMO GREEN1. SOUND - Sound is like watching movie In theater dual Dolby atmos. 2. WEIGHT -. Perfect. 3. DISPLAY -120Hz AMOLED Display quality good. 4. PROCESSOR- MTD 920 5G all rounder. 5. CAMERA- 108MP Camera & Selfie 16MP good (compare to Last used mobile Mi note 5 pro) 6. CHARGING - 67W fast charging impressive. Good Battery backup.In hand feel like Premium. CAMO GREEN COLOUR IS BEST. Go for it.
1237,5,"Best in class no doubt it is very good mobile in this Price, Display super, battery🔋 full day, cameras good but more improve totally best quality in this price thanks Flipkart."
1238,1,Phone is hacking problem
1239,1,Hanging problem
1240,2,Phone is slow
1241,4,Nice good
1242,4,Nice phone and good quality.but camera not good quality
1243,5,Best
1244,5,Good mobile
1245,3,Product is good
1246,4,Nice good product
1247,1,Phone is hacking problem
1248,1,Hanging problem
1249,2,Phone is slow
1250,4,Nice good
1251,4,Nice phone and good quality.but camera not good quality
1252,5,Best
1253,5,Good mobile
1254,3,Product is good
1255,4,Nice good product
1256,5,"Honest review after using it for three days.1. Look and feel - Awesome! Camo Green colour is amazing. It's very handy and comfortable in typing.2. Performance - Very Good.3. Display and refresh rate - I feel the refresh rate is not well optimised, still good. Hopefully, system updates will make it smoother. Till now I haven't felt any lag.4. Battery and charging - Good battery backup of 1-day on normal use, if you're a heavy user then it depends. Full charge in 45-50 mins (normal charge ..."
1257,5,"Just awesome 🔥I have been using it since for 5 days Battery performance is better Selfie camera is 🔥Rear camera is also good daylight photos are decent but there is little problem in low light photos, Rest all other features are awesome.Games like Pubg, free fire are working good with Dimensity 920 processor."
1258,4,"Am giving this review after usage of complete 1 day..!! Rear Camera Not Upto the expectation level (108mp) in Dim Lights But in sunlight its really good, Front Camera is really Good more than expectations, Overall Worth for Money, No laggings Good processor.. More than all above i love the stereo Dolby effects Semma Quality in while hearing Musics &  HD Videos Amazing Sound effect mild to hear. <3"
1259,5,"MI 11i is Good Mobile in 2022, Camera 1000% Good, Battery is 100% Good, Display is Good, Calls Voice also Good, I'm Very Happy to Use this MI 11i Mobile. Lovely All 😍"
1260,4,"The phone is great there are some functions that i think lacks in the phone like in display fingerprint , 256 gb storage should have been given according to the price of phone with 12 gb ram,,and there isn't second space in the phone ...otherwise phone is great 120hz refresh rate is a blast 👍👍and dont buy it for playing bgmi it have 60fps support but it never maintains 60 fps it drops to 40 as you start playing even at mylta 😂"
1261,3,Camera quality is not too good.
1262,4,"11i 8gb version: Battery: Lasts all day, even with using Social Media and music. 67W charger is more than enough for daily use. I bought this phone mainly because it offered more battery capacity than the hypercharge version.I plug it in the morning after waking up and by the time in done with breakfast (approx 40mins), phone is full.Speakers: Dual stereo speakers, one on top and one on bottom. Symmetric sound. Impossibly loud and crisp. You can hear the phone from the other room also cle..."
1263,5,"11i 5g mobiles performance and operating very fast, camera 108 MG very good quality. Sounds very clear and double speekar very good lowd and clear hipper charge no over hit complaint value for money very good product 👍👍👍💯👌"
1264,5,Writing this review after a use of 3 days.I have bought 8gb 128gb variant in Pacific Pearl color.Firstly the phone looks elegant when in hand and the fact that it is coupled with dimensity 920 chipset makes this phone a performance beast.Until now I have not faced any issues with the phone.120 hz display feels like butter on fingers..and gaming experience is on the next level with a classy display. Although I've purchased the 67 watt charging variant the charging speed is not bad at all...
1265,5,"I have it's 8/128 variant, and it's perfectly working very decent, dimensity 920 is a very good optimised proccessor , no hitting issu after heavy usages, no lagg issu, sound is absolutely stunning with dual speaker Dolby Atmos, Only issu I have faced low light camera quality, it's struggle a bit in low light, but in daylight it's very good , but not excellent which can be fixed in software update.But I must say , yes this phone is very powerful in terms of performance. Go for it, it can b..."
1266,5,"Honest review after using it for three days.1. Look and feel - Awesome! Camo Green colour is amazing. It's very handy and comfortable in typing.2. Performance - Very Good.3. Display and refresh rate - I feel the refresh rate is not well optimised, still good. Hopefully, system updates will make it smoother. Till now I haven't felt any lag.4. Battery and charging - Good battery backup of 1-day on normal use, if you're a heavy user then it depends. Full charge in 45-50 mins (normal charge ..."
1267,5,"Just awesome 🔥I have been using it since for 5 days Battery performance is better Selfie camera is 🔥Rear camera is also good daylight photos are decent but there is little problem in low light photos, Rest all other features are awesome.Games like Pubg, free fire are working good with Dimensity 920 processor."
1268,4,"Am giving this review after usage of complete 1 day..!! Rear Camera Not Upto the expectation level (108mp) in Dim Lights But in sunlight its really good, Front Camera is really Good more than expectations, Overall Worth for Money, No laggings Good processor.. More than all above i love the stereo Dolby effects Semma Quality in while hearing Musics &  HD Videos Amazing Sound effect mild to hear. <3"
1269,5,"MI 11i is Good Mobile in 2022, Camera 1000% Good, Battery is 100% Good, Display is Good, Calls Voice also Good, I'm Very Happy to Use this MI 11i Mobile. Lovely All 😍"
1270,4,"The phone is great there are some functions that i think lacks in the phone like in display fingerprint , 256 gb storage should have been given according to the price of phone with 12 gb ram,,and there isn't second space in the phone ...otherwise phone is great 120hz refresh rate is a blast 👍👍and dont buy it for playing bgmi it have 60fps support but it never maintains 60 fps it drops to 40 as you start playing even at mylta 😂"
1271,3,Camera quality is not too good.
1272,4,"11i 8gb version: Battery: Lasts all day, even with using Social Media and music. 67W charger is more than enough for daily use. I bought this phone mainly because it offered more battery capacity than the hypercharge version.I plug it in the morning after waking up and by the time in done with breakfast (approx 40mins), phone is full.Speakers: Dual stereo speakers, one on top and one on bottom. Symmetric sound. Impossibly loud and crisp. You can hear the phone from the other room also cle..."
1273,5,"11i 5g mobiles performance and operating very fast, camera 108 MG very good quality. Sounds very clear and double speekar very good lowd and clear hipper charge no over hit complaint value for money very good product 👍👍👍💯👌"
1274,5,Writing this review after a use of 3 days.I have bought 8gb 128gb variant in Pacific Pearl color.Firstly the phone looks elegant when in hand and the fact that it is coupled with dimensity 920 chipset makes this phone a performance beast.Until now I have not faced any issues with the phone.120 hz display feels like butter on fingers..and gaming experience is on the next level with a classy display. Although I've purchased the 67 watt charging variant the charging speed is not bad at all...
1275,5,"I have it's 8/128 variant, and it's perfectly working very decent, dimensity 920 is a very good optimised proccessor , no hitting issu after heavy usages, no lagg issu, sound is absolutely stunning with dual speaker Dolby Atmos, Only issu I have faced low light camera quality, it's struggle a bit in low light, but in daylight it's very good , but not excellent which can be fixed in software update.But I must say , yes this phone is very powerful in terms of performance. Go for it, it can b..."
1276,4,Phone looks great in hand.Build quality is good and it looks premium.Display is good and it works smoothly at 120hz settingSound quality is better from previous Xiaomi phones as it has stereo speaker on too and bottom.Charging is super quick. It charged my phone from 2% to 100% in approx 17 minutes.Con- Xiaomi really need to work on its camera especially on front camera.The picture still looks like the one we get on phones in 10000 range.
1277,5,"I’m writing review after a month of week of usage, First display is 4/5 its a good display plus the phone look premium in hand and nice to use due to it design. Providing headphone jack is a plus. Despite of the fact that 4500 MAH batterie it last pretty long u can pass a day with 20 to 30% battery.  It has a good bright ness level too to view in sunlight. Over all a very good phone.Con:- Only drawback is camera , it doesn’t justify the price. (3.5/5) And do get Hypercharge model its so coo..."
1278,3,Ok.. after 3 days of using this mobile i am writing the review.First of all the rear camera quality is not that good for its price. Front camera is good.. performance is also good.. i got easily 8-9 hours screen on time.. and it's charge 2-100% in 17 minutes in my test. Afterall not a bad device.. but rear camera should be better.. i got this for 24000.. and for this price it's okay.. but in 27000 i will say it's overpriced.. specially it's sound quality is very good.. too loud and clear box...
1279,5,Thanks for the phone Xiaomi for making such a Mobile. fast charging is quick as company claim.Thanks Flipkart for fast delivery.
1280,5,MY XIAOMI 11i HYPER CHARGE MOBILE VERY GOOD . I'M HAPPY FOR PURCHASE THIS MOBILE . ALL IS WELL
1281,5,Really nice product from Xiaomi.I loved charging speed with 120w charger. There is no heating issues at all. Display also very good and speakers are in top and bottom of the phone balanced the sound system. The main draw back was camera I'm not satisfied with camera. 108 MP is not good as much as 32 mp .
1282,1,Xiaomi 11i Hypercharge Camera not work properly camera quality is very poor camera not focus properly in camera take a picture is blurry. she does not return my order please don't order this mobile camera is not work properly
1283,4,"Nice mobile. Average camera. Good mediatek processor. Great Audio via wired and wireless. Speaker audio quality is also good. Very good Display. Battery life is not that great. I would say average battery life. If you are more into photography than I wouldn't recommend this mobile. Overall, a value for money mobile phone...."
1284,4,It's really nice mob.. The in hand feel is next level. Camera is not too good but can take decent photos.. Display is great.. Overall value for money..
1285,4,I am using this mobile by 1 week. And shareing my experience with you. Pre usage: Delivery of Flipkart for this mobile us awesome. Got it in only 2 days. Post Usage: Battery: charging is not taking 15 mint as per the claim 1% to 100% charge it is taking 18-20 mint . But it is having drainage issue might be for 5G mobile than my last 8pro 4G phone . Only having 20 hours of back up with moderate usage  and 15-18 hours with continue net usage and 4hoyrs video streaming . Expected more bett...
1286,5,Best metal body power bank good quality and fast charging 18w I like it 👍
1287,5,Delivery was faster than expected.Nice power bank  It desined very well.At first it was qute confusing. After 2days it was easy to use.Thank u flipkard and MI for such a good product.I am really happy with this product.
1288,5,Beautiful colour of power bank and nice backup and good quality I love it most people should go for this product it's too good ❤️❤️👍👍🤗🤗🤗
1289,4,Very worth ...i reduced one star ..becoz of reason is  ..i decided to buy for my mobile if am ready to go wid powerbnk cant forgot get to chrger ...but im unsatified becoz my port is c chrg pin big port of this powerbank consist only micro usb ...that only way i dissatisfy ..at the sametym i have to chrge my another mobile with this powerbnk ..and also i use my per mob  wth usb connecter .. Worth to buy it 😉😉Thankyou flipkart
1290,5,"I am proud to say that i am use an made in India products 🙏❤️I think it is the best product in this price category, the backup was too good , My personal experience is it is very useful for me nd to you kindly brought it 🙏Thank you mi for these product nd thank you team flipkart & Ekart to deliver this product safely nd finely ❤️🙏"
1291,1,"Don't Buy this product.This is not an 18w supported device as those device will take maximum upto 2 hrs to be changed fully.This device need minimum 6 to 7 hrs by using 18w fast chargers.My samsung M51 took 6 hrs to get full charge, while using this power bank..Dont believe in reviews. I think those reviews are paid reviews from Flipkart..Dont waste your money on this product.Try to buy intex, which gives a good result. Because i am using since 3 years. Still it works well..... 👍"
1292,5,"Excellent Mi 3i 10000 mAh power bank. Low price but high quality product. Best seller Retail Net No.1 product quality at reasonable price and fast shipping, recommended this seller. Yes Flipkart services are too good, really enjoy shopping. Thank you 💓"
1293,4,Good product i charger my OnePlus 7T 2 times 100% and third time 35% battery 🔋 life is so good thank tou flip cart Dilivery is also so fast order come's in 2 days
1294,5,Looks beautiful. Charges my phone quite fast but only which supports fast charging. Charges other phones efficiently as well.
1295,5,Very nice product just go for it and its price is also good if you are thinking to buy a power bank so just go for this.
1296,5,Phone working is Very Good
1297,5,Nice
1298,4,Everything is ok except battery backup.
1299,2,Not a good product
1300,5,Mi good phone and good battery I'm happy
1301,3,Good
1302,4,Nyc phone
1303,5,Good
1304,4,Excellent Phone but costly Awesome Unboxing ExperienceIt has aesthetic looks nd DesignIt has Superb display but poor screen protectorPerformance is at its best as well UI experience Battery Management is decent Camera is good but it's saturated which  may be a problem for some people in rare times
1305,5,Good
1306,5,Superb
1307,3,Nice product
1308,5,Lite Weight...
1309,5,Just brilliant phone. In hand feeling really gives that of premium flagship one. It's so slim and light that you hardly feel any weight. This phone is definitely underrated. Only disappointment is no on screen finger print and 3.5mm jack. Battery backup as well as charging is amazing. Overall its a complete flagship phone.
1310,5,Superb phone
1311,5,Good
1312,1,It's not perfect mobile
1313,1,Battery draining problem in two days only.Also I am very disappointed by Flipkart.
1314,4,Excellent Phone but costly Awesome Unboxing ExperienceIt has aesthetic looks nd DesignIt has Superb display but poor screen protectorPerformance is at its best as well UI experience Battery Management is decent Camera is good but it's saturated which  may be a problem for some people in rare times
1315,5,Good
1316,5,Superb
1317,3,Nice product
1318,5,Lite Weight...
1319,5,Just brilliant phone. In hand feeling really gives that of premium flagship one. It's so slim and light that you hardly feel any weight. This phone is definitely underrated. Only disappointment is no on screen finger print and 3.5mm jack. Battery backup as well as charging is amazing. Overall its a complete flagship phone.
1320,5,Superb phone
1321,5,Good
1322,1,It's not perfect mobile
1323,1,Battery draining problem in two days only.Also I am very disappointed by Flipkart.
1324,4,Excellent Phone but costly Awesome Unboxing ExperienceIt has aesthetic looks nd DesignIt has Superb display but poor screen protectorPerformance is at its best as well UI experience Battery Management is decent Camera is good but it's saturated which  may be a problem for some people in rare times
1325,5,Good
1326,5,Superb
1327,3,Nice product
1328,5,Lite Weight...
1329,5,Just brilliant phone. In hand feeling really gives that of premium flagship one. It's so slim and light that you hardly feel any weight. This phone is definitely underrated. Only disappointment is no on screen finger print and 3.5mm jack. Battery backup as well as charging is amazing. Overall its a complete flagship phone.
1330,5,Superb phone
1331,5,Good
1332,1,It's not perfect mobile
1333,1,Battery draining problem in two days only.Also I am very disappointed by Flipkart.
1334,4,Phone looks great in hand.Build quality is good and it looks premium.Display is good and it works smoothly at 120hz settingSound quality is better from previous Xiaomi phones as it has stereo speaker on too and bottom.Charging is super quick. It charged my phone from 2% to 100% in approx 17 minutes.Con- Xiaomi really need to work on its camera especially on front camera.The picture still looks like the one we get on phones in 10000 range.
1335,5,"I’m writing review after a month of week of usage, First display is 4/5 its a good display plus the phone look premium in hand and nice to use due to it design. Providing headphone jack is a plus. Despite of the fact that 4500 MAH batterie it last pretty long u can pass a day with 20 to 30% battery.  It has a good bright ness level too to view in sunlight. Over all a very good phone.Con:- Only drawback is camera , it doesn’t justify the price. (3.5/5) And do get Hypercharge model its so coo..."
1336,3,Ok.. after 3 days of using this mobile i am writing the review.First of all the rear camera quality is not that good for its price. Front camera is good.. performance is also good.. i got easily 8-9 hours screen on time.. and it's charge 2-100% in 17 minutes in my test. Afterall not a bad device.. but rear camera should be better.. i got this for 24000.. and for this price it's okay.. but in 27000 i will say it's overpriced.. specially it's sound quality is very good.. too loud and clear box...
1337,5,Thanks for the phone Xiaomi for making such a Mobile. fast charging is quick as company claim.Thanks Flipkart for fast delivery.
1338,5,MY XIAOMI 11i HYPER CHARGE MOBILE VERY GOOD . I'M HAPPY FOR PURCHASE THIS MOBILE . ALL IS WELL
1339,5,Really nice product from Xiaomi.I loved charging speed with 120w charger. There is no heating issues at all. Display also very good and speakers are in top and bottom of the phone balanced the sound system. The main draw back was camera I'm not satisfied with camera. 108 MP is not good as much as 32 mp .
1340,1,Xiaomi 11i Hypercharge Camera not work properly camera quality is very poor camera not focus properly in camera take a picture is blurry. she does not return my order please don't order this mobile camera is not work properly
1341,4,"Nice mobile. Average camera. Good mediatek processor. Great Audio via wired and wireless. Speaker audio quality is also good. Very good Display. Battery life is not that great. I would say average battery life. If you are more into photography than I wouldn't recommend this mobile. Overall, a value for money mobile phone...."
1342,4,It's really nice mob.. The in hand feel is next level. Camera is not too good but can take decent photos.. Display is great.. Overall value for money..
1343,4,I am using this mobile by 1 week. And shareing my experience with you. Pre usage: Delivery of Flipkart for this mobile us awesome. Got it in only 2 days. Post Usage: Battery: charging is not taking 15 mint as per the claim 1% to 100% charge it is taking 18-20 mint . But it is having drainage issue might be for 5G mobile than my last 8pro 4G phone . Only having 20 hours of back up with moderate usage  and 15-18 hours with continue net usage and 4hoyrs video streaming . Expected more bett...
1344,4,Phone looks great in hand.Build quality is good and it looks premium.Display is good and it works smoothly at 120hz settingSound quality is better from previous Xiaomi phones as it has stereo speaker on too and bottom.Charging is super quick. It charged my phone from 2% to 100% in approx 17 minutes.Con- Xiaomi really need to work on its camera especially on front camera.The picture still looks like the one we get on phones in 10000 range.
1345,5,"I’m writing review after a month of week of usage, First display is 4/5 its a good display plus the phone look premium in hand and nice to use due to it design. Providing headphone jack is a plus. Despite of the fact that 4500 MAH batterie it last pretty long u can pass a day with 20 to 30% battery.  It has a good bright ness level too to view in sunlight. Over all a very good phone.Con:- Only drawback is camera , it doesn’t justify the price. (3.5/5) And do get Hypercharge model its so coo..."
1346,3,Ok.. after 3 days of using this mobile i am writing the review.First of all the rear camera quality is not that good for its price. Front camera is good.. performance is also good.. i got easily 8-9 hours screen on time.. and it's charge 2-100% in 17 minutes in my test. Afterall not a bad device.. but rear camera should be better.. i got this for 24000.. and for this price it's okay.. but in 27000 i will say it's overpriced.. specially it's sound quality is very good.. too loud and clear box...
1347,5,Thanks for the phone Xiaomi for making such a Mobile. fast charging is quick as company claim.Thanks Flipkart for fast delivery.
1348,5,MY XIAOMI 11i HYPER CHARGE MOBILE VERY GOOD . I'M HAPPY FOR PURCHASE THIS MOBILE . ALL IS WELL
1349,5,Really nice product from Xiaomi.I loved charging speed with 120w charger. There is no heating issues at all. Display also very good and speakers are in top and bottom of the phone balanced the sound system. The main draw back was camera I'm not satisfied with camera. 108 MP is not good as much as 32 mp .
1350,1,Xiaomi 11i Hypercharge Camera not work properly camera quality is very poor camera not focus properly in camera take a picture is blurry. she does not return my order please don't order this mobile camera is not work properly
1351,4,"Nice mobile. Average camera. Good mediatek processor. Great Audio via wired and wireless. Speaker audio quality is also good. Very good Display. Battery life is not that great. I would say average battery life. If you are more into photography than I wouldn't recommend this mobile. Overall, a value for money mobile phone...."
1352,4,It's really nice mob.. The in hand feel is next level. Camera is not too good but can take decent photos.. Display is great.. Overall value for money..
1353,4,I am using this mobile by 1 week. And shareing my experience with you. Pre usage: Delivery of Flipkart for this mobile us awesome. Got it in only 2 days. Post Usage: Battery: charging is not taking 15 mint as per the claim 1% to 100% charge it is taking 18-20 mint . But it is having drainage issue might be for 5G mobile than my last 8pro 4G phone . Only having 20 hours of back up with moderate usage  and 15-18 hours with continue net usage and 4hoyrs video streaming . Expected more bett...
1354,5,Screen/Display : 4/5 (buttery smooth) Performance : 5/5Battery : 5/55G bands : 3/5(Shud have given 10+bands for the price we are paying) Camera : 2/5 (need to wait for updates) Charging Speed : 5/5 (120 watts) (Best feature for GAMERS although it will be benefitted in many situations) Weight : 5/5 ( I thought it would be heavier side coz of 200 grams plus but weight distribution is very good) Combination of Mediatek with xiaomi will need to see in coming updatesI don't know why insi...
1355,5,"THE ULTIMATE POWER PACK.And the India's fastest charging smartphone is here ! 💥.I am totally amazed with this phone , as I always wanted something like this pack of Brilliant Display amazing camera,Ultimate fast charging, great speakers. In one word this is an out performer. Also the phone feels very premium in hand. It's a complete package of value for money. Go for it without second thought."
1356,1,"Just received the phone and i must say this phone is definitely overhyped. Display is not good . I have one old samsung mobile which has better display than this and that too at a lower price . The only good thing i can say about this device is the charger that's it . Unless and until you don't have time to charge your phone then just don't buy this . Performance is okay okay type ..sd778 is better than this. Be careful if you buy this device , Flipkart is not letting me return this as i find..."
1357,4,"Xiaomi 11i HyperCharge is a Great Launch by xiaomi 😍120W charger is very excellent, it's charging my device fully in 15 to 17 mins 😘Battery Draining is much faster then putting expectation on xiaomi products. Expecting to solve the battery draining issue. Camera is not good as per expecting the price range. Even Redmi note 10 pro max captures better picture then it. This camera bug need to solve the issue in next update. Display is fabulous 😋✨Performance is peaks with mediatek so..."
1358,5,"Camera is good .But I expected more clear images , let's hope camera will fixed after some updates. Performance is beast.💥Hypercharging is 🥰It's charge phone in 17-18 min. 0 to 100% at normal mode.But at 120w charging mode it's charge it at 15-16 min.I prefer to charge you at normal mode.Looks is also 😍"
1359,5,"First impressive matter is it's made in India, Best design, best in class performance, cell phone is at premium segment.. have been using from last two days and explored few options like camera, gaming, display battey back up everything at its best.. I gave 5***** considering all parameters met by this product.. one who think best feature within 30k go for it..."
1360,5,"Overall This phone comes in a great package except the Camera, where it is no at all good.Pros - 1) Build quality2) Speakers3) Display4) Battery 🤩5) Other featuresCons - 1) Camera2) Camera3) Camera"
1361,5,PROSDisplay is amazing at this range.Hypercharge is awesome.Phone charges in 18 mins 26secs without using the boost mode.Dual speakers are really good.Fingerprint sensor is really fast.CONSCamera needs to be better.Hoping for an update from MI.Android 12 needs to be there now.Will give full review after extensive use.If you want awesome battery and display with sound. Go for this one.
1362,5,Camara and battery could be better otherwise performance and display is very good
1363,3,"Everyone has written about the phone and its very evident that the phone is average in camera, battery drain and software updates and good in fast charging (i was able to charge from 1% to 97% in 15 mins flat, without touching the screen) and screen quality and processor / ram management.Main thing which we would not come to know from other reviews is about the charger and its use with other brand products. here is my  review on that. The 120W Hypercharge is a fast charge adapter but has ..."
1364,4,Phone looks great in hand.Build quality is good and it looks premium.Display is good and it works smoothly at 120hz settingSound quality is better from previous Xiaomi phones as it has stereo speaker on too and bottom.Charging is super quick. It charged my phone from 2% to 100% in approx 17 minutes.Con- Xiaomi really need to work on its camera especially on front camera.The picture still looks like the one we get on phones in 10000 range.
1365,5,"I’m writing review after a month of week of usage, First display is 4/5 its a good display plus the phone look premium in hand and nice to use due to it design. Providing headphone jack is a plus. Despite of the fact that 4500 MAH batterie it last pretty long u can pass a day with 20 to 30% battery.  It has a good bright ness level too to view in sunlight. Over all a very good phone.Con:- Only drawback is camera , it doesn’t justify the price. (3.5/5) And do get Hypercharge model its so coo..."
1366,3,Ok.. after 3 days of using this mobile i am writing the review.First of all the rear camera quality is not that good for its price. Front camera is good.. performance is also good.. i got easily 8-9 hours screen on time.. and it's charge 2-100% in 17 minutes in my test. Afterall not a bad device.. but rear camera should be better.. i got this for 24000.. and for this price it's okay.. but in 27000 i will say it's overpriced.. specially it's sound quality is very good.. too loud and clear box...
1367,5,Thanks for the phone Xiaomi for making such a Mobile. fast charging is quick as company claim.Thanks Flipkart for fast delivery.
1368,5,MY XIAOMI 11i HYPER CHARGE MOBILE VERY GOOD . I'M HAPPY FOR PURCHASE THIS MOBILE . ALL IS WELL
1369,5,Really nice product from Xiaomi.I loved charging speed with 120w charger. There is no heating issues at all. Display also very good and speakers are in top and bottom of the phone balanced the sound system. The main draw back was camera I'm not satisfied with camera. 108 MP is not good as much as 32 mp .
1370,1,Xiaomi 11i Hypercharge Camera not work properly camera quality is very poor camera not focus properly in camera take a picture is blurry. she does not return my order please don't order this mobile camera is not work properly
1371,4,"Nice mobile. Average camera. Good mediatek processor. Great Audio via wired and wireless. Speaker audio quality is also good. Very good Display. Battery life is not that great. I would say average battery life. If you are more into photography than I wouldn't recommend this mobile. Overall, a value for money mobile phone...."
1372,4,It's really nice mob.. The in hand feel is next level. Camera is not too good but can take decent photos.. Display is great.. Overall value for money..
1373,4,I am using this mobile by 1 week. And shareing my experience with you. Pre usage: Delivery of Flipkart for this mobile us awesome. Got it in only 2 days. Post Usage: Battery: charging is not taking 15 mint as per the claim 1% to 100% charge it is taking 18-20 mint . But it is having drainage issue might be for 5G mobile than my last 8pro 4G phone . Only having 20 hours of back up with moderate usage  and 15-18 hours with continue net usage and 4hoyrs video streaming . Expected more bett...
1374,4,Camera is not at awesome but it is good but if we see his price according his work so it is High..
1375,4,"Cons :Speaker volume low,Camera not worth 20k,.Pros :Long battery,Fast charge 60 min,Operating system has improved,Camera is also good, Call recording not working as earlier version of MIUI,Ram & processor is good to handle gaming,Miui almost bug free,Battery backup good, despite OS draining,Light weight, good looks, good design, never heats up,.Software can probably improve the camera performance and fix battery drain. But wifi reception speakers and bad display are hardware i..."
1376,5,Value of money
1377,5,Best ever phone.. I like redmi....
1378,5,Good 👌👌👌👌
1379,5,Very good
1380,5,Nice product
1381,2,Battery drain very fast
1382,5,Very nice👍👍👍👍👍
1383,5,Nice
1384,5,Best metal body power bank good quality and fast charging 18w I like it 👍
1385,5,Delivery was faster than expected.Nice power bank  It desined very well.At first it was qute confusing. After 2days it was easy to use.Thank u flipkard and MI for such a good product.I am really happy with this product.
1386,5,Beautiful colour of power bank and nice backup and good quality I love it most people should go for this product it's too good ❤️❤️👍👍🤗🤗🤗
1387,4,Very worth ...i reduced one star ..becoz of reason is  ..i decided to buy for my mobile if am ready to go wid powerbnk cant forgot get to chrger ...but im unsatified becoz my port is c chrg pin big port of this powerbank consist only micro usb ...that only way i dissatisfy ..at the sametym i have to chrge my another mobile with this powerbnk ..and also i use my per mob  wth usb connecter .. Worth to buy it 😉😉Thankyou flipkart
1388,5,"I am proud to say that i am use an made in India products 🙏❤️I think it is the best product in this price category, the backup was too good , My personal experience is it is very useful for me nd to you kindly brought it 🙏Thank you mi for these product nd thank you team flipkart & Ekart to deliver this product safely nd finely ❤️🙏"
1389,1,"Don't Buy this product.This is not an 18w supported device as those device will take maximum upto 2 hrs to be changed fully.This device need minimum 6 to 7 hrs by using 18w fast chargers.My samsung M51 took 6 hrs to get full charge, while using this power bank..Dont believe in reviews. I think those reviews are paid reviews from Flipkart..Dont waste your money on this product.Try to buy intex, which gives a good result. Because i am using since 3 years. Still it works well..... 👍"
1390,5,"Excellent Mi 3i 10000 mAh power bank. Low price but high quality product. Best seller Retail Net No.1 product quality at reasonable price and fast shipping, recommended this seller. Yes Flipkart services are too good, really enjoy shopping. Thank you 💓"
1391,4,Good product i charger my OnePlus 7T 2 times 100% and third time 35% battery 🔋 life is so good thank tou flip cart Dilivery is also so fast order come's in 2 days
1392,5,Looks beautiful. Charges my phone quite fast but only which supports fast charging. Charges other phones efficiently as well.
1393,5,Very nice product just go for it and its price is also good if you are thinking to buy a power bank so just go for this.
1394,4,Working well after 3 days of using. Battery back up fine for normal usage. I had gifted this to my mom she is happy.Genuine phone in this range segment.
1395,5,"Nice product according to its budget. But it's hard to play high Graphics games like pubg on 3GB RAM. It lags even when you play at Smooth Graphics settings. If this is for gaming (High graphics game) purpose, then don't go for 3GB or 2 GB RAM and the rest it works very well."
1396,1,Very bad performance..Phone is hang..Time to time....
1397,1,Very worst product i had received and camara is not clear. Useless product delivered by Flipkart and not going to use this Flipkart going foward.Very.... Very..... Worst
1398,1,Price Soo high but product so poor according to price I m not satisfied for this product
1399,1,Worst phone ever by MI. VERY LOW QUALITY CAMERA. PERFORMANCE LIKE 3GP CERA
1400,3,"Accept camera (picture quality). All is good, this is budget phone."
1401,5,It's really nice 👍
1402,5,Great
1403,5,Very good product
1404,4,Camera is not at awesome but it is good but if we see his price according his work so it is High..
1405,4,"Cons :Speaker volume low,Camera not worth 20k,.Pros :Long battery,Fast charge 60 min,Operating system has improved,Camera is also good, Call recording not working as earlier version of MIUI,Ram & processor is good to handle gaming,Miui almost bug free,Battery backup good, despite OS draining,Light weight, good looks, good design, never heats up,.Software can probably improve the camera performance and fix battery drain. But wifi reception speakers and bad display are hardware i..."
1406,5,Value of money
1407,5,Best ever phone.. I like redmi....
1408,5,Good 👌👌👌👌
1409,5,Very good
1410,5,Nice product
1411,2,Battery drain very fast
1412,5,Very nice👍👍👍👍👍
1413,5,Nice
1414,5,Amazing Product! So far so good after 2 weeks of use. Smooth use. Great budget phone. Super fast with no lags. Cameras are pretty good for a phone at this price range. Add a 32 or 64 GB card and you are set to go!!!
1415,5,phone is Good in this price point. I use this phone while 15 days. but I never face any problem.1. phone camera is good in Daylight. Picture Quality is Nice. but in low light and night we doesn't capture a nice shot.2. The phone Procceser works really nice in normal Use. I say in normal use because I never use this phone for playing High Graphics games. I never face any heating issue for a while.3. This  phone has high power battery. It easily get overs a full day with quite heavy use.
1416,5,Value for the money battery and camera are good loom is also good overall a good phone in this budget...
1417,5,Nice product but performance is a bit low. Camera is good but the focus is not.....Battery backup is also good
1418,5,Thanks for flip kart Its very good product very fastly delivery im very happy.. Redmi y1 is very best phone battery camera and others are super very beautyfull slim phone  no weight im very happy
1419,5,"The Redmi Y1 Lite, an entry-level offering from Xiaomi is a scaled-down version of the similarly named Redmi Y1. The phone uses the Qualcomm Snapdragon 425 SoC that houses a quad core processor and comes in a single 2GB RAM + 16GB storage version. The phone supports dual SIM cards and has a dedicated, separate microSD card slot for additional storage capacity. The 3080 mAh battery is good for 35 hours of talk time and 11 days of standby time. The camera set up consists of a 13-megapixel unit ..."
1420,5,it is excellent
1421,3,very nice
1422,4,Happy
1423,4,"It's a great phone best for your parents,"
1424,4,Camera is not at awesome but it is good but if we see his price according his work so it is High..
1425,4,"Cons :Speaker volume low,Camera not worth 20k,.Pros :Long battery,Fast charge 60 min,Operating system has improved,Camera is also good, Call recording not working as earlier version of MIUI,Ram & processor is good to handle gaming,Miui almost bug free,Battery backup good, despite OS draining,Light weight, good looks, good design, never heats up,.Software can probably improve the camera performance and fix battery drain. But wifi reception speakers and bad display are hardware i..."
1426,5,Value of money
1427,5,Best ever phone.. I like redmi....
1428,5,Good 👌👌👌👌
1429,5,Very good
1430,5,Nice product
1431,2,Battery drain very fast
1432,5,Very nice👍👍👍👍👍
1433,5,Nice
1434,4,Working well after 3 days of using. Battery back up fine for normal usage. I had gifted this to my mom she is happy.Genuine phone in this range segment.
1435,5,"Nice product according to its budget. But it's hard to play high Graphics games like pubg on 3GB RAM. It lags even when you play at Smooth Graphics settings. If this is for gaming (High graphics game) purpose, then don't go for 3GB or 2 GB RAM and the rest it works very well."
1436,1,Very bad performance..Phone is hang..Time to time....
1437,1,Very worst product i had received and camara is not clear. Useless product delivered by Flipkart and not going to use this Flipkart going foward.Very.... Very..... Worst
1438,1,Price Soo high but product so poor according to price I m not satisfied for this product
1439,1,Worst phone ever by MI. VERY LOW QUALITY CAMERA. PERFORMANCE LIKE 3GP CERA
1440,3,"Accept camera (picture quality). All is good, this is budget phone."
1441,5,It's really nice 👍
1442,5,Great
1443,5,Very good product
1444,4,"a decent phone for parents,grand parents and first time android users...camera - pretty good, I'm using max pro m1 and this camera is able to outperform m1 easily when it comes to photography, however video recording doesn't have eis so kind of a bummerdisplay - nothing much to say gets the job done, ample brightnessbattery - pretty great however mi provided only 5W-1A charger in the box though it supports 2A charging, given the battery is 4000mah it should've been atleast a 2A charger..."
1445,5,nice camera quality and better battery backupperformance is also improved from 6Ami is doing a better job
1446,5,"Its an excellent device for people shifting to smartphone. 2GB ram looks enough. Not meant for Gaming. Solitaire and candy crush will be fine. This device has 19:9 aspect ratio. Having bezels is good for beginners. They are not used to hold drop notch display phones and do kind of mess.Camera is below average but does the purpose. Video calling and occasional photography will be fine.Out of the box, 52% ram was occuiped and 22 GB space was available. There is no IR blaster. Speaker is als..."
1447,5,"Very Nice Product By Redmi. Powerful Performance, Powerful Battery, Awesome Camera, Value for Money 😍😍😍"
1448,4,"Superb entry level phone. Best value product from Redmi.Redmi 7A Matt BlackCamera 4/5Battery 5/5Display 4/5Sound 5/5Performance 4/5Value for Money 5/5Grip 4/5Size 4/5Dual Volte 5/5look 4/5built quality 4/5(plastic back)Call Clarity depend on network operatortested with "" Reliance Jio "" It was awesome performance in call. This is my honest review after using 2 days."
1449,5,i have received this product today. For now i find this smartphone decent . Some of the main reasons to buy this mobile are1. Big battery ( 4000 mah)2. camera (sony imx 486). camera has also pro mode which is a nice thing3. processor4. triple slot for memory and dual sim disadvantages1. no dual camera2. no dew drop display
1450,4,+thanks flipkart for sunday sale and very fast delivery++best budget smartphone  inthis segment +++this phone is better than realme c2++++22gb memory is free out of 32gb+++++++pubg mobile to jhksss chala maja aa gayahighly recommended phone no
1451,5,Damm...!! It's best in price segment... compare to real me c2 which I have bought that also.Here some comparison with Real Me C2.Pros:-7A better in performance than C2 coz of SD439.7A plays Pubg Much better than C2 coz Adreno 505 perform better in high graphics.Camera takes better  pics with detail in every shot even after zoom in pic clarity much better.Design Is good enough but C2 better look & screen nice.Cons:-Have big bezels on both top & bottom quite irritating. Rest nothing to c...
1452,5,i am quite impressed with the looks of this phone. it's very nice. those who says it's an average mobile they are wrong. it's very nice at the price range but i miss the fingerprint sensor on this. thanks to flipkart and the ekart courier for their awesome service. Delivery agent mr wassan came to deliver this at rainy weather. 10 stars service. flipkart is best.
1453,5,camera is awesome for in this price segment. camera is working very well in pro mode too.you can also click light trails image in Pro mode on this very low budget device.
1454,5,I gifted this phone for my mother & She liked it. Slim & light weight.. So handy.. Camera is nice..Don't expect it to be as superb as iphone 13 pro max!! It doesn't have maby apps installed.  Its charging point is c type & there is a headphone accessory available with which wires headset can be connected.. Altogether I would like to give 4.5*
1455,5,"I got this phone on time. Best part about this phone is an allrounder phone. You'll get best camera, best battery backup, best performance because of Snapdragon 778 and the haptic feedback is just amazing. Overall I'm happy to get this phone."
1456,5,Super slim Super lite weigh everything is Good . Nice Product by xiaomi.
1457,4,Overall nice phoneLightest phone slim stunning bodyCamera quality is niceDolby speaker fabulous audioFast battery chargingDisplay quality nice
1458,3,It good but not too good average phone and it's a best  when you search good locking phone and slim phone
1459,4,"Actually a good phone. Light weight, Slim,and handy. But, the battery not so good as expected. Even if we consider it has only a 4250mah battery but it also comes with an Amoled display. So the battery backup must be a quiet impressive. And sometimes some glitches from the software side.Overall it's a good phone for daily usages."
1460,4,"This phone is awesome👍🥰It's so premium, awesome looks,  Back camera is not so good, but if you know how to use camera perfectly  then it's topppp❤🥰💕💯Also selfie camera is awesome 🥰Performance is 87/100 percent😕 730 is better than this processor"
1461,4,"Everything is perfect about this phone. But, not happy with the battery performance."
1462,4,Very nice phone under 30k. Nice camera but average in low light. Display is 👌👌 and performance is nice but missing 3.5 audio jackOverall nice phone -- allrounder
1463,5,It's very good phone in this price. Camera good screen good but battery is not good. Chager very good
1464,3,Good for simple use battery life is good but charging time is more than 2.5 hour all of good product is compair to its price
1465,1,Don't buy this phone it has bad camera quality
1466,1,Worst ever!!
1467,5,Good
1468,1,"Don't buy if you don't want your money wasted. It's 13mp camera is a gimmick, it gives worst photos, Pathetic camera quality, didn't expect this from realme."
1469,5,Working smoothly. As expected.
1470,5,Nice
1471,3,Nice camera
1472,2,Very bad quality
1473,5,Nice product and 📸 is bad
1474,3,Bad Things :-1. Camera quality is normal. 2. Selfie is bad3. Micro USB4. Sound system is not good Good Things:-1. Battery back up is awesome 2. Some extra features in this price3. Finger print sensor and Face lock sensor is so fast4. Screen resolution is goodOverall :-Overall this phone is good except camera quality.
1475,3,"Just an Average PhonePros:✓The phone build quality is good.✓The display is average, it's not that bright outdoors.✓Beware that the Realme OS is different,  it comes with Realme UI R, which is stock android version of realme UI, I think the chipset being not that powerful, With this OS phone can perform better.✓Camera is decent outdoors, without enough lighting it struggles like hell.Cons:× If you think of doing gaming on this device, my advice would be go for POCO M3, M2 reloaded or S..."
1476,3,1) many options missing - no game mode OR game space like stuff - no stock file manager ( google files installed ) - no stock gallery ( google photos installed )Most of the stock options is replaced with Google appNEED GAME SPACENAVIGATION BAR REMAINING BLACK WHILE PLAYING BGMIAverage CAMERA QUALITYDon't buy if you like to get pictures and SelfiesBattery Good enough batteryCharge full 100% at least once when you buy GamingNo Game Space - Notification annoying while playing ...
1477,4,"Super Company but in this phone I am not having gallery and I am seeing my photos in Google photos and screenshot settings are also not nice but the phone is very sensitive so, I am giving 5 star rating and the sound quality is best and the geometrical design is just looking class, the torch is also powerful."
1478,4,"If youre buying for clicking nice photos and videos, then swiftly avoid it, the camera is not for you. Other than that, it's a fine phone, fast processing, superfast fingerprint censor and cool weight distribution and not like typical light weight phone of realme brand. Only weird thing is that I couldn't find a FILE MANAGER and GALLERY application in it. Very very weired."
1479,5,I loved this phone. I can't believe they are giving this phone at this price. I really don't understand the bad reviews.And the camera is not that bad it is ok for normal use. It is not a gaming phone so don't buy it if you are looking for that. But for normal users the phone is perfect at this range. It is awesome guys go for it. Thank you flipkart 💐💐.
1480,4,"Mobile touch is very smooth ☺️ and battery backup is best , but front camera is not good .but beat phone in this money 💰👍👍.                                     Thank you Filpkart 👍"
1481,1,"Cons.1.Three finger screen shot option not available2.default  system app lock option not available3. Double tap screen lock, screen wake up not available4.real time network speed tracker option not available5. Data usage icon not available6. Realme system theme app not available7.realme system default gallery app not available only Google photos pre-installed8. Realme file manager app not available only Google file manager installed9. Camera quality poor like VGA camera10. Low end..."
1482,5,Realme mobile is battery very good camera is best rest mobile awesome mobile thank you
1483,5,"At this price range realme c21y is good for daily uses,rear camera is good at sunlight,u can click quite good images,it's battery backup super,display is good enough at this price range,i'm disappointed with the selfie camera,they have used very basic camera,this phone is not for selfie lovers.speaker sound is not bad,about overall performance,yeah is okay."
1484,3,Bad Things :-1. Camera quality is normal. 2. Selfie is bad3. Micro USB4. Sound system is not good Good Things:-1. Battery back up is awesome 2. Some extra features in this price3. Finger print sensor and Face lock sensor is so fast4. Screen resolution is goodOverall :-Overall this phone is good except camera quality.
1485,3,"Just an Average PhonePros:✓The phone build quality is good.✓The display is average, it's not that bright outdoors.✓Beware that the Realme OS is different,  it comes with Realme UI R, which is stock android version of realme UI, I think the chipset being not that powerful, With this OS phone can perform better.✓Camera is decent outdoors, without enough lighting it struggles like hell.Cons:× If you think of doing gaming on this device, my advice would be go for POCO M3, M2 reloaded or S..."
1486,3,1) many options missing - no game mode OR game space like stuff - no stock file manager ( google files installed ) - no stock gallery ( google photos installed )Most of the stock options is replaced with Google appNEED GAME SPACENAVIGATION BAR REMAINING BLACK WHILE PLAYING BGMIAverage CAMERA QUALITYDon't buy if you like to get pictures and SelfiesBattery Good enough batteryCharge full 100% at least once when you buy GamingNo Game Space - Notification annoying while playing ...
1487,4,"Super Company but in this phone I am not having gallery and I am seeing my photos in Google photos and screenshot settings are also not nice but the phone is very sensitive so, I am giving 5 star rating and the sound quality is best and the geometrical design is just looking class, the torch is also powerful."
1488,4,"If youre buying for clicking nice photos and videos, then swiftly avoid it, the camera is not for you. Other than that, it's a fine phone, fast processing, superfast fingerprint censor and cool weight distribution and not like typical light weight phone of realme brand. Only weird thing is that I couldn't find a FILE MANAGER and GALLERY application in it. Very very weired."
1489,5,I loved this phone. I can't believe they are giving this phone at this price. I really don't understand the bad reviews.And the camera is not that bad it is ok for normal use. It is not a gaming phone so don't buy it if you are looking for that. But for normal users the phone is perfect at this range. It is awesome guys go for it. Thank you flipkart 💐💐.
1490,4,"Mobile touch is very smooth ☺️ and battery backup is best , but front camera is not good .but beat phone in this money 💰👍👍.                                     Thank you Filpkart 👍"
1491,1,"Cons.1.Three finger screen shot option not available2.default  system app lock option not available3. Double tap screen lock, screen wake up not available4.real time network speed tracker option not available5. Data usage icon not available6. Realme system theme app not available7.realme system default gallery app not available only Google photos pre-installed8. Realme file manager app not available only Google file manager installed9. Camera quality poor like VGA camera10. Low end..."
1492,5,Realme mobile is battery very good camera is best rest mobile awesome mobile thank you
1493,5,"At this price range realme c21y is good for daily uses,rear camera is good at sunlight,u can click quite good images,it's battery backup super,display is good enough at this price range,i'm disappointed with the selfie camera,they have used very basic camera,this phone is not for selfie lovers.speaker sound is not bad,about overall performance,yeah is okay."
1494,3,Good for simple use battery life is good but charging time is more than 2.5 hour all of good product is compair to its price
1495,1,Don't buy this phone it has bad camera quality
1496,1,Worst ever!!
1497,5,Good
1498,1,"Don't buy if you don't want your money wasted. It's 13mp camera is a gimmick, it gives worst photos, Pathetic camera quality, didn't expect this from realme."
1499,5,Working smoothly. As expected.
1500,5,Nice
1501,3,Nice camera
1502,2,Very bad quality
1503,5,Nice product and 📸 is bad
1504,1,"Battery good,camera quality not goodPerformance is not good very slow work I am not satisfied with performance I don't like this phone because its performance is not able to me."
1505,4,I am very happy to purchase this product and it's display and camera quality is very good . I recommend you to buy this product
1506,3,Very good
1507,5,Nice product
1508,3,#NAME?
1509,4,Screen awesome but speaker 🔊 Too bad yr     Not satisfied  settings ad speaker
1510,4,Nice
1511,5,Nice product
1512,1,"Please Don't Buy This Phone.This is totally waste of money.I was excited to see my phone 50 mp phone's camera but camera is very bad.In this phone software is very different from any other realme phone.In this phone there is no one app of photos and videos.In this phone settings is very different from any other realme phone.In this phone there is no app lock and no hide apps settings.And there is no option of return in it, so that's why I could not even return this phone.Please Don't ..."
1513,3,My review After using 3 days Camera- 2/5Battery- 5/5 because of fast chargerDISPLAY-3/5 because no FHD+ DisplayPerformanc-4/5Back panel and build quality is weak😡😡
1514,1,"Battery good,camera quality not goodPerformance is not good very slow work I am not satisfied with performance I don't like this phone because its performance is not able to me."
1515,4,I am very happy to purchase this product and it's display and camera quality is very good . I recommend you to buy this product
1516,3,Very good
1517,5,Nice product
1518,3,#NAME?
1519,5,Nice product
1520,4,Screen awesome but speaker 🔊 Too bad yr     Not satisfied  settings ad speaker
1521,4,Nice
1522,3,My review After using 3 days Camera- 2/5Battery- 5/5 because of fast chargerDISPLAY-3/5 because no FHD+ DisplayPerformanc-4/5Back panel and build quality is weak😡😡
1523,1,"Please Don't Buy This Phone.This is totally waste of money.I was excited to see my phone 50 mp phone's camera but camera is very bad.In this phone software is very different from any other realme phone.In this phone there is no one app of photos and videos.In this phone settings is very different from any other realme phone.In this phone there is no app lock and no hide apps settings.And there is no option of return in it, so that's why I could not even return this phone.Please Don't ..."
1524,1,"Battery good,camera quality not goodPerformance is not good very slow work I am not satisfied with performance I don't like this phone because its performance is not able to me."
1525,4,I am very happy to purchase this product and it's display and camera quality is very good . I recommend you to buy this product
1526,3,Very good
1527,5,Nice product
1528,3,#NAME?
1529,5,Nice product
1530,4,Screen awesome but speaker 🔊 Too bad yr     Not satisfied  settings ad speaker
1531,4,Nice
1532,3,My review After using 3 days Camera- 2/5Battery- 5/5 because of fast chargerDISPLAY-3/5 because no FHD+ DisplayPerformanc-4/5Back panel and build quality is weak😡😡
1533,1,"Please Don't Buy This Phone.This is totally waste of money.I was excited to see my phone 50 mp phone's camera but camera is very bad.In this phone software is very different from any other realme phone.In this phone there is no one app of photos and videos.In this phone settings is very different from any other realme phone.In this phone there is no app lock and no hide apps settings.And there is no option of return in it, so that's why I could not even return this phone.Please Don't ..."
1534,1,"Battery good,camera quality not goodPerformance is not good very slow work I am not satisfied with performance I don't like this phone because its performance is not able to me."
1535,4,I am very happy to purchase this product and it's display and camera quality is very good . I recommend you to buy this product
1536,3,Very good
1537,5,Nice product
1538,3,#NAME?
1539,5,Nice product
1540,4,Screen awesome but speaker 🔊 Too bad yr     Not satisfied  settings ad speaker
1541,4,Nice
1542,3,My review After using 3 days Camera- 2/5Battery- 5/5 because of fast chargerDISPLAY-3/5 because no FHD+ DisplayPerformanc-4/5Back panel and build quality is weak😡😡
1543,1,"Please Don't Buy This Phone.This is totally waste of money.I was excited to see my phone 50 mp phone's camera but camera is very bad.In this phone software is very different from any other realme phone.In this phone there is no one app of photos and videos.In this phone settings is very different from any other realme phone.In this phone there is no app lock and no hide apps settings.And there is no option of return in it, so that's why I could not even return this phone.Please Don't ..."
1544,5,Very nice and excellent product considering its price. Perfect 🥰. But camera doesn't seem to be of 50mp as claimed. But overall excellent product.
1545,5,"This smart phone is the best smartphone in this price range. This phone is really value for money phone.Camera- 8/10Best 50MP AI triple camera with 2 MP depth and 2 MP macro camera. Image quality is better than any other smartphone in this price range. Max 1080p full hd video also record by rear camera. HDR and night mode support in the camera8 MP Front camera pic quality is better in this price range comes with front screen flash, HDR mode, ai face beautification.Max 720p video record b..."
1546,5,I have been using this phone since 5 months. fast performance. processor is very good. battery is very good. camera is okay not very good. good purchase. it is cheaper than other phones of the same configuration
1547,4,"The build of the phone is very good and packaging was very good but transparent cover was not given by seller and the front camera is worth 8mp but the rear camera is not worth 50mp.It also does not have many applications likePhoto Gallery,Security Scanner,File Manager,Speed Connection etc.Overall, I would like to give 4 star out of 5 star."
1548,4,Mobile ok
1549,1,Poor camera quality Infact same time not working Poor displayPoor performanceNothing is good in this set
1550,1,Phone Is Value For Maney ..But Camera Is Bad Condition..
1551,4,Osm mobile volue for money 🤑 realme is good company..and thak you so much .. flipkart very fast delivery 🚚
1552,5,Super camera at night
1553,5,Nice phone... best 😍
1554,5,Very nice and excellent product considering its price. Perfect 🥰. But camera doesn't seem to be of 50mp as claimed. But overall excellent product.
1555,5,"This smart phone is the best smartphone in this price range. This phone is really value for money phone.Camera- 8/10Best 50MP AI triple camera with 2 MP depth and 2 MP macro camera. Image quality is better than any other smartphone in this price range. Max 1080p full hd video also record by rear camera. HDR and night mode support in the camera8 MP Front camera pic quality is better in this price range comes with front screen flash, HDR mode, ai face beautification.Max 720p video record b..."
1556,5,I have been using this phone since 5 months. fast performance. processor is very good. battery is very good. camera is okay not very good. good purchase. it is cheaper than other phones of the same configuration
1557,4,"The build of the phone is very good and packaging was very good but transparent cover was not given by seller and the front camera is worth 8mp but the rear camera is not worth 50mp.It also does not have many applications likePhoto Gallery,Security Scanner,File Manager,Speed Connection etc.Overall, I would like to give 4 star out of 5 star."
1558,4,Mobile ok
1559,1,Poor camera quality Infact same time not working Poor displayPoor performanceNothing is good in this set
1560,1,Phone Is Value For Maney ..But Camera Is Bad Condition..
1561,4,Osm mobile volue for money 🤑 realme is good company..and thak you so much .. flipkart very fast delivery 🚚
1562,5,Super camera at night
1563,5,Nice phone... best 😍
1564,5,Very nice and excellent product considering its price. Perfect 🥰. But camera doesn't seem to be of 50mp as claimed. But overall excellent product.
1565,5,"This smart phone is the best smartphone in this price range. This phone is really value for money phone.Camera- 8/10Best 50MP AI triple camera with 2 MP depth and 2 MP macro camera. Image quality is better than any other smartphone in this price range. Max 1080p full hd video also record by rear camera. HDR and night mode support in the camera8 MP Front camera pic quality is better in this price range comes with front screen flash, HDR mode, ai face beautification.Max 720p video record b..."
1566,5,I have been using this phone since 5 months. fast performance. processor is very good. battery is very good. camera is okay not very good. good purchase. it is cheaper than other phones of the same configuration
1567,4,"The build of the phone is very good and packaging was very good but transparent cover was not given by seller and the front camera is worth 8mp but the rear camera is not worth 50mp.It also does not have many applications likePhoto Gallery,Security Scanner,File Manager,Speed Connection etc.Overall, I would like to give 4 star out of 5 star."
1568,4,Mobile ok
1569,1,Poor camera quality Infact same time not working Poor displayPoor performanceNothing is good in this set
1570,1,Phone Is Value For Maney ..But Camera Is Bad Condition..
1571,4,Osm mobile volue for money 🤑 realme is good company..and thak you so much .. flipkart very fast delivery 🚚
1572,5,Super camera at night
1573,5,Nice phone... best 😍
1574,4,Nice packaging by flipkart n timely delivery 2 days before n nice budgeted  phone in this price range very happy to get this Realme C11 2021 nice antislippery back panel  n big screen size 😀
1575,5,Except for Low Ringtone the phone fulfills the parameters specified. Realme Support were helpful in suggesting settings to improve Ringtone volume but downloading a ringtone App from Google Play Store I could get the desired improvement. Product is good & easy to handle. I appreciate the AI Camera with adjustable parameters a good addition in a budget phone.
1576,5,Overall functions are good camera Quility is quit good and nice this is best camera smartphone in this range so any budy can buy it for hard use
1577,5,Nicely delivered Value for money I brought it for my small brother and very satisfied with the product.Also it's big screen is good for online classes and for watch movies
1578,5,Phone is just awesome everything is so good . Charger is also very good. Thanking flipkart for your services . It values for money ; camera is superb ; display is also good.
1579,4,"Best phone in this budgetBut if u have more budget, then dont go for this phone8 megapixel camera is satisfyingProcessor, i expected better performance5000 Mah is good but charger is very bigIts a lcd panel which is 3rd classIt was a satisfying phone in this budget"
1580,1,Waste of money we used only one week display comes black and return time also completed
1581,3,"Realme C11 2021 edition is niceI am Purchased this phone for My big brotherCamera 8mp Rear, 5mp FrontBattery 5000mah I am not satisfy this phones charging SlotBecause Type C charging slot Is better than Micro Usb Fast charging support not Available10w charger and micro usb cable in the boxThis phone not good but Micromax in 1b or 2b is better phone for Cheap buget i Really suggest this Phones.Don't buy this phone because fingerprint sensor is not availableI want Figerprint sensor b..."
1582,5,"According to its price range, it is a very good smartphone. It stutters a bit, but not annoyingly. Considering it's price it is acceptable. Camera is decent. But what is eye catching is the display. Colours are popping and the screen looks beautiful. One of the best mobile's for media consumption.It was a gift for my father. And he absolutely loves it."
1583,5,Such a good product very happy with it best camera should buy best quality
1584,4,Nice packaging by flipkart n timely delivery 2 days before n nice budgeted  phone in this price range very happy to get this Realme C11 2021 nice antislippery back panel  n big screen size 😀
1585,5,Except for Low Ringtone the phone fulfills the parameters specified. Realme Support were helpful in suggesting settings to improve Ringtone volume but downloading a ringtone App from Google Play Store I could get the desired improvement. Product is good & easy to handle. I appreciate the AI Camera with adjustable parameters a good addition in a budget phone.
1586,5,Overall functions are good camera Quility is quit good and nice this is best camera smartphone in this range so any budy can buy it for hard use
1587,5,Nicely delivered Value for money I brought it for my small brother and very satisfied with the product.Also it's big screen is good for online classes and for watch movies
1588,5,Phone is just awesome everything is so good . Charger is also very good. Thanking flipkart for your services . It values for money ; camera is superb ; display is also good.
1589,4,"Best phone in this budgetBut if u have more budget, then dont go for this phone8 megapixel camera is satisfyingProcessor, i expected better performance5000 Mah is good but charger is very bigIts a lcd panel which is 3rd classIt was a satisfying phone in this budget"
1590,1,Waste of money we used only one week display comes black and return time also completed
1591,3,"Realme C11 2021 edition is niceI am Purchased this phone for My big brotherCamera 8mp Rear, 5mp FrontBattery 5000mah I am not satisfy this phones charging SlotBecause Type C charging slot Is better than Micro Usb Fast charging support not Available10w charger and micro usb cable in the boxThis phone not good but Micromax in 1b or 2b is better phone for Cheap buget i Really suggest this Phones.Don't buy this phone because fingerprint sensor is not availableI want Figerprint sensor b..."
1592,5,"According to its price range, it is a very good smartphone. It stutters a bit, but not annoyingly. Considering it's price it is acceptable. Camera is decent. But what is eye catching is the display. Colours are popping and the screen looks beautiful. One of the best mobile's for media consumption.It was a gift for my father. And he absolutely loves it."
1593,5,Such a good product very happy with it best camera should buy best quality
1594,4,"Thanks again Flipkart team the wonderful delivery on time. Kind delivery boy. This product purchased for my Mom 😍 and she is very happy gifted to mom on her birthday 🎉 She is so happy! Amazing product from realme a. Awesome built qualityb. Best Battery 🔋 little bit heavy but, it's fine to handle afterall it has 6000 mh battery 🔋c. Camera is good 🤳 front and back both. It will be better maybe after some updates.d. Display is also good Thanks again!"
1595,5,Very nice mobile and battry is very extra powar and camera is nice this price rangeAnd delivery boy is very honest  ..... Delivery boy rating is 5/5
1596,5,Camera 4/5 if u able to set it properly Battery 5/5 very Good with great charging speed.Display 4/5 its not full hd but HD + with very good brightness and contrastPerformance is too good 5/5Value for MoneySelfie and back camera capture are given below in low light photography in night time....Total 4.5 out of 5 in my vision Hope for best
1597,4,Positive sides :1. Battery is very very powerful. Certainly exceeds your expectations.2. performance wise this phone is a very good purchase . smoothly functioning ..no lag..no heating issue.3. Day light pic quality is above average. Selfie camera good.4. There is dedicated slot for memory card apart from slots for 2 sim cards.Negative sides :1. Both rear and front camera in low light disappointing.2. Display could have been Full HD+ instead of HD+. Realme has disappointed its custome...
1598,5,Excellent!!Very good mobile. I ordered it to my friend and he is very happy with it. Camera quality is good and battery backup is superb. Oxygen blue colour looks very attractive and rich. Highly recommended guys. Go for it.....
1599,5,"Best phone of this best valuable price..I think front camera is not enough in this price...Back camera very very good... My rating is __-Camera-:front-5,back-9,,Battery--:10Performance-:8Storage-:8Colour-:9Processor g85-::::8VALUE of MONEY-;10"
1600,5,Best phone superb design and colour and performance is so good . Value for money i like it.
1601,4,I bought it as a secondary device but was surprised by the camera quality at daylight (low light pics though are bit disappointing)Battery backup is quite good with 2 days of back up with normal usage.Display is also good for the price which one is paying.No lags whatsoever though I haven't tried any high graphics games on this one.Finger print sensor too is very responsive but is slightly misplaced on the back panel(should have been at the centre).Over all a good budget phone(a complete...
1602,4,"It is a decent budgeted smart phone   and main  pros are Durable battery , big display  good performance and good design  with gaming processor from Helio G85. And Android 11The corns are bit heavy and need lots of time to charge and heat bit while charging the phone."
1603,3,Display could have FHD....camera is ok.Rest are ok in this price. I assure you you will not be excited very okies phone. According to you must go another Better options in this price range.
1604,5,Very good working phoneCamera is fantastic.all is well in this phone(Overall excellent phone in this low price) I am very happy to get this phone in this low price
1605,5,"It is a good mobile for normal use .But if you are buying this mobile for gaming you can only play games on the mobile for 1.5 hrs continuously. Then it starts heating up, But it cools down with half an hour.Battery performance is quite goodDisplay is very largeCamera quality is good but the image brusts when we zoom Selfie camera is better than back camera though it has less megapicalProcessor is also quite goodConclusion- Best for normal use but little less for gaming Thank you"
1606,4,"Good budget phone with good features as per the current generation requirement, and got good discounts too. Delivery was very quick by day 2 I ordered, accessories will get by 7-10days so long."
1607,5,"Packaging is good and battery is very good about in one charge the battery will be completely down in 2 days , So the battery is good"
1608,1,"Very worst product don't purchase. if you think budget smartphone please kindly change your mind. In this cost many more mobiles available in market and also in realme. Very low options in settings, display over the apps not function correctly. App cloner not available. I think if you buy this phone go back to 4 yrs back. Network not connecting properly like a 2G,"
1609,1,Slot 1 SIM not saport.After sum times internet disconnect but data is on.and slot 2 insert sim vedio calling not saport.
1610,1,Very bad Mobile phone and flipkart service very very bad
1611,1,"Don't buy this mobile it's really waste of money.Camara quality is poor, charging performance is totally bad,no app lock system,No data show system setting,no app clone system...... it's really bad"
1612,5,Performance and Design is too good. Camera quality is also nice . Smooth running smartphone .light weight . Best  all-rounder phone in this budget .
1613,5,Best phone and thanks for delivery boy he was very good and he treat very well nod talk in rudely best product and best delivery boy
1614,5,Very good working phoneCamera is fantastic.all is well in this phone(Overall excellent phone in this low price) I am very happy to get this phone in this low price
1615,5,"It is a good mobile for normal use .But if you are buying this mobile for gaming you can only play games on the mobile for 1.5 hrs continuously. Then it starts heating up, But it cools down with half an hour.Battery performance is quite goodDisplay is very largeCamera quality is good but the image brusts when we zoom Selfie camera is better than back camera though it has less megapicalProcessor is also quite goodConclusion- Best for normal use but little less for gaming Thank you"
1616,4,"Good budget phone with good features as per the current generation requirement, and got good discounts too. Delivery was very quick by day 2 I ordered, accessories will get by 7-10days so long."
1617,5,"Packaging is good and battery is very good about in one charge the battery will be completely down in 2 days , So the battery is good"
1618,1,"Very worst product don't purchase. if you think budget smartphone please kindly change your mind. In this cost many more mobiles available in market and also in realme. Very low options in settings, display over the apps not function correctly. App cloner not available. I think if you buy this phone go back to 4 yrs back. Network not connecting properly like a 2G,"
1619,1,Slot 1 SIM not saport.After sum times internet disconnect but data is on.and slot 2 insert sim vedio calling not saport.
1620,1,Very bad Mobile phone and flipkart service very very bad
1621,1,"Don't buy this mobile it's really waste of money.Camara quality is poor, charging performance is totally bad,no app lock system,No data show system setting,no app clone system...... it's really bad"
1622,5,Performance and Design is too good. Camera quality is also nice . Smooth running smartphone .light weight . Best  all-rounder phone in this budget .
1623,5,Best phone and thanks for delivery boy he was very good and he treat very well nod talk in rudely best product and best delivery boy
1624,4,"Thanks again Flipkart team the wonderful delivery on time. Kind delivery boy. This product purchased for my Mom 😍 and she is very happy gifted to mom on her birthday 🎉 She is so happy! Amazing product from realme a. Awesome built qualityb. Best Battery 🔋 little bit heavy but, it's fine to handle afterall it has 6000 mh battery 🔋c. Camera is good 🤳 front and back both. It will be better maybe after some updates.d. Display is also good Thanks again!"
1625,5,Very nice mobile and battry is very extra powar and camera is nice this price rangeAnd delivery boy is very honest  ..... Delivery boy rating is 5/5
1626,5,Camera 4/5 if u able to set it properly Battery 5/5 very Good with great charging speed.Display 4/5 its not full hd but HD + with very good brightness and contrastPerformance is too good 5/5Value for MoneySelfie and back camera capture are given below in low light photography in night time....Total 4.5 out of 5 in my vision Hope for best
1627,4,Positive sides :1. Battery is very very powerful. Certainly exceeds your expectations.2. performance wise this phone is a very good purchase . smoothly functioning ..no lag..no heating issue.3. Day light pic quality is above average. Selfie camera good.4. There is dedicated slot for memory card apart from slots for 2 sim cards.Negative sides :1. Both rear and front camera in low light disappointing.2. Display could have been Full HD+ instead of HD+. Realme has disappointed its custome...
1628,5,Excellent!!Very good mobile. I ordered it to my friend and he is very happy with it. Camera quality is good and battery backup is superb. Oxygen blue colour looks very attractive and rich. Highly recommended guys. Go for it.....
1629,5,"Best phone of this best valuable price..I think front camera is not enough in this price...Back camera very very good... My rating is __-Camera-:front-5,back-9,,Battery--:10Performance-:8Storage-:8Colour-:9Processor g85-::::8VALUE of MONEY-;10"
1630,5,Best phone superb design and colour and performance is so good . Value for money i like it.
1631,4,I bought it as a secondary device but was surprised by the camera quality at daylight (low light pics though are bit disappointing)Battery backup is quite good with 2 days of back up with normal usage.Display is also good for the price which one is paying.No lags whatsoever though I haven't tried any high graphics games on this one.Finger print sensor too is very responsive but is slightly misplaced on the back panel(should have been at the centre).Over all a good budget phone(a complete...
1632,4,"It is a decent budgeted smart phone   and main  pros are Durable battery , big display  good performance and good design  with gaming processor from Helio G85. And Android 11The corns are bit heavy and need lots of time to charge and heat bit while charging the phone."
1633,3,Display could have FHD....camera is ok.Rest are ok in this price. I assure you you will not be excited very okies phone. According to you must go another Better options in this price range.
1634,4,"Thanks again Flipkart team the wonderful delivery on time. Kind delivery boy. This product purchased for my Mom 😍 and she is very happy gifted to mom on her birthday 🎉 She is so happy! Amazing product from realme a. Awesome built qualityb. Best Battery 🔋 little bit heavy but, it's fine to handle afterall it has 6000 mh battery 🔋c. Camera is good 🤳 front and back both. It will be better maybe after some updates.d. Display is also good Thanks again!"
1635,5,Very nice mobile and battry is very extra powar and camera is nice this price rangeAnd delivery boy is very honest  ..... Delivery boy rating is 5/5
1636,5,Camera 4/5 if u able to set it properly Battery 5/5 very Good with great charging speed.Display 4/5 its not full hd but HD + with very good brightness and contrastPerformance is too good 5/5Value for MoneySelfie and back camera capture are given below in low light photography in night time....Total 4.5 out of 5 in my vision Hope for best
1637,4,Positive sides :1. Battery is very very powerful. Certainly exceeds your expectations.2. performance wise this phone is a very good purchase . smoothly functioning ..no lag..no heating issue.3. Day light pic quality is above average. Selfie camera good.4. There is dedicated slot for memory card apart from slots for 2 sim cards.Negative sides :1. Both rear and front camera in low light disappointing.2. Display could have been Full HD+ instead of HD+. Realme has disappointed its custome...
1638,5,Excellent!!Very good mobile. I ordered it to my friend and he is very happy with it. Camera quality is good and battery backup is superb. Oxygen blue colour looks very attractive and rich. Highly recommended guys. Go for it.....
1639,5,"Best phone of this best valuable price..I think front camera is not enough in this price...Back camera very very good... My rating is __-Camera-:front-5,back-9,,Battery--:10Performance-:8Storage-:8Colour-:9Processor g85-::::8VALUE of MONEY-;10"
1640,5,Best phone superb design and colour and performance is so good . Value for money i like it.
1641,4,I bought it as a secondary device but was surprised by the camera quality at daylight (low light pics though are bit disappointing)Battery backup is quite good with 2 days of back up with normal usage.Display is also good for the price which one is paying.No lags whatsoever though I haven't tried any high graphics games on this one.Finger print sensor too is very responsive but is slightly misplaced on the back panel(should have been at the centre).Over all a good budget phone(a complete...
1642,4,"It is a decent budgeted smart phone   and main  pros are Durable battery , big display  good performance and good design  with gaming processor from Helio G85. And Android 11The corns are bit heavy and need lots of time to charge and heat bit while charging the phone."
1643,3,Display could have FHD....camera is ok.Rest are ok in this price. I assure you you will not be excited very okies phone. According to you must go another Better options in this price range.
1644,5,"Nice product . In comparison to its predecessor (realme 8i) , it is upgraded in fields of look, battery efficiency,speaker and fast charging . But it's processor is downgraded . So, it's not for heavy gamers . Overall phone is very nice for normal users ."
1645,3,"Everything is good except the camera. Even 3 year old 13mp camera works better than this. If you are looking for a camera centric phone I won't suggest you this phone. Everything else is good. Decent performance better screen quality and even better battery performance real fast charging, gets almost full in half an hour. If you are going for content consumption then only you should consider this.Hope you find it useful."
1646,5,A good Mobile in this Budget..Great 👍 Camera quality is Awesome and look and design is really good...Realme 9i is a best mobile ..Loving it ❤
1647,5,Nice
1648,4,Nice phone
1649,4,Good phone
1650,4,Nice Phone
1651,5,Excellent mobile very nice look
1652,5,Very nice phone
1653,5,Best products realme 9iCamera is so beautiful
1654,4,"Thanks again Flipkart team the wonderful delivery on time. Kind delivery boy. This product purchased for my Mom 😍 and she is very happy gifted to mom on her birthday 🎉 She is so happy! Amazing product from realme a. Awesome built qualityb. Best Battery 🔋 little bit heavy but, it's fine to handle afterall it has 6000 mh battery 🔋c. Camera is good 🤳 front and back both. It will be better maybe after some updates.d. Display is also good Thanks again!"
1655,5,Very nice mobile and battry is very extra powar and camera is nice this price rangeAnd delivery boy is very honest  ..... Delivery boy rating is 5/5
1656,5,Camera 4/5 if u able to set it properly Battery 5/5 very Good with great charging speed.Display 4/5 its not full hd but HD + with very good brightness and contrastPerformance is too good 5/5Value for MoneySelfie and back camera capture are given below in low light photography in night time....Total 4.5 out of 5 in my vision Hope for best
1657,4,Positive sides :1. Battery is very very powerful. Certainly exceeds your expectations.2. performance wise this phone is a very good purchase . smoothly functioning ..no lag..no heating issue.3. Day light pic quality is above average. Selfie camera good.4. There is dedicated slot for memory card apart from slots for 2 sim cards.Negative sides :1. Both rear and front camera in low light disappointing.2. Display could have been Full HD+ instead of HD+. Realme has disappointed its custome...
1658,5,Excellent!!Very good mobile. I ordered it to my friend and he is very happy with it. Camera quality is good and battery backup is superb. Oxygen blue colour looks very attractive and rich. Highly recommended guys. Go for it.....
1659,5,"Best phone of this best valuable price..I think front camera is not enough in this price...Back camera very very good... My rating is __-Camera-:front-5,back-9,,Battery--:10Performance-:8Storage-:8Colour-:9Processor g85-::::8VALUE of MONEY-;10"
1660,5,Best phone superb design and colour and performance is so good . Value for money i like it.
1661,4,I bought it as a secondary device but was surprised by the camera quality at daylight (low light pics though are bit disappointing)Battery backup is quite good with 2 days of back up with normal usage.Display is also good for the price which one is paying.No lags whatsoever though I haven't tried any high graphics games on this one.Finger print sensor too is very responsive but is slightly misplaced on the back panel(should have been at the centre).Over all a good budget phone(a complete...
1662,4,"It is a decent budgeted smart phone   and main  pros are Durable battery , big display  good performance and good design  with gaming processor from Helio G85. And Android 11The corns are bit heavy and need lots of time to charge and heat bit while charging the phone."
1663,3,Display could have FHD....camera is ok.Rest are ok in this price. I assure you you will not be excited very okies phone. According to you must go another Better options in this price range.
1664,5,Wow very nice look. superb mobile phone 🔥🔥🔥🔥🔥⭐⭐⭐ very good
1665,1,"Excellent phone, today I received realme 9i mobile, good processor no legs during game, descent look, salfie camera good, Back 50MP camera good but 2 mp depth camera should 8 mp,Overall this is a good mobile 👍😊"
1666,5,I can say you this phone is very good after using 6 days i m writing review for the this phone this phone is camera quality is very good and over all processe in phone best you must go for this phone
1667,5,"This is really good phone. Here are few things Camera : instead of giving 50mp+2mp+2mp they could have given 48mp+5mp. Even though 50mp is not bad. In this price range you can't expect more but whatever you're getting is good. Screen : One thing they should have gone with 120hz display, 90hz but why? In 8i they've provided 120hz display. Seems like it is a differentiating factor between 8i and 9i along with processor.Processor : SD695 is one of the best processor one can get in this pri..."
1668,3,Today I received my Realme 9i. Mobile looks is so decent and very good performance but the camera is worst both front and back. We could have better camera in this price range.
1669,5,"Great Phone I Think This Price Range Its Fantastic Choice , Efficiency No.1 , 6 Nm Basic Processor Snapd"
1670,3,"Awesome, good quality, fantastic"
1671,5,super
1672,4,Very good 😊
1673,5,Super
1674,5,Wow very nice look. superb mobile phone 🔥🔥🔥🔥🔥⭐⭐⭐ very good
1675,1,"Excellent phone, today I received realme 9i mobile, good processor no legs during game, descent look, salfie camera good, Back 50MP camera good but 2 mp depth camera should 8 mp,Overall this is a good mobile 👍😊"
1676,5,I can say you this phone is very good after using 6 days i m writing review for the this phone this phone is camera quality is very good and over all processe in phone best you must go for this phone
1677,5,"This is really good phone. Here are few things Camera : instead of giving 50mp+2mp+2mp they could have given 48mp+5mp. Even though 50mp is not bad. In this price range you can't expect more but whatever you're getting is good. Screen : One thing they should have gone with 120hz display, 90hz but why? In 8i they've provided 120hz display. Seems like it is a differentiating factor between 8i and 9i along with processor.Processor : SD695 is one of the best processor one can get in this pri..."
1678,3,Today I received my Realme 9i. Mobile looks is so decent and very good performance but the camera is worst both front and back. We could have better camera in this price range.
1679,5,"Great Phone I Think This Price Range Its Fantastic Choice , Efficiency No.1 , 6 Nm Basic Processor Snapd"
1680,3,"Awesome, good quality, fantastic"
1681,5,super
1682,4,Very good 😊
1683,5,Super
1684,5,"Nice product . In comparison to its predecessor (realme 8i) , it is upgraded in fields of look, battery efficiency,speaker and fast charging . But it's processor is downgraded . So, it's not for heavy gamers . Overall phone is very nice for normal users ."
1685,3,"Everything is good except the camera. Even 3 year old 13mp camera works better than this. If you are looking for a camera centric phone I won't suggest you this phone. Everything else is good. Decent performance better screen quality and even better battery performance real fast charging, gets almost full in half an hour. If you are going for content consumption then only you should consider this.Hope you find it useful."
1686,5,A good Mobile in this Budget..Great 👍 Camera quality is Awesome and look and design is really good...Realme 9i is a best mobile ..Loving it ❤
1687,5,Nice
1688,4,Nice phone
1689,4,Good phone
1690,4,Nice Phone
1691,5,Excellent mobile very nice look
1692,5,Very nice phone
1693,5,Best products realme 9iCamera is so beautiful
1694,5,Very nice phone at this price pointProcessor is awesome Camera is average Battery is good FHD +Display is very good but not amoled
1695,5,All things about realme 8i is at the top. But you have to be patient regard it's charging.. it take _> 2 hrs till it's full charge. Camera is osm🥳 loved 💕 it
1696,5,"The smartphone comes with a big display of 6.6 inches with an IPS LCD capacitive touchscreen. The resolution is 1080 x 2412 pixels and the screen PPI is 400. The operating system of the device is Android 11 + Realme UI 2.0. The smartphone is powered by a Mediatek Helio G96 Octa-core processor and the GPU is Mali-G57 MC2. The internal storage is 128 GB with 4 GB RAM. Realme 8i consists of a triple-camera 50 MP (wide) + 2 MP (macro) + 2 MP (depth). On the front, there is a single 16 MP (wide) c..."
1697,4,Best Phone Ever. Don't Think Just buy this guys. Best camera . Also looking awesome. Fast display.Awesime Features.But 1 think is disappointed that is Battery consumption is little bit fast . Otherwise This is the best Phone . Go for It !
1698,3,It is a good phone under this price range. Camera is good along with its UI. O for it if you have a tight budget. There is no earphones available at box so keep it in mind. If you have budget of more than 13000 than go for Mi 10 pro or vivo or poco.
1699,3,You can play pubg with 40fps only smooth plus ultra only   ..for normal gaming this is good enough but for competitive it's not that good ...Camera is good enough at this price Battery is outstandingDisplay is not so good but 120hz  feels better Phone heats while charging and playing heavy games  Finally at this price you can choose this phone there is no better option apart from thisI was disappointed with flipkart for  late  delivery..😓😥
1700,5,"Phone is very good according to the price, its camera quality is Well  good picture is just like iPhone.First you buy it then trust it. Trust in my experience after purchase this phone. The phone is in affordable price. Best battery backup. I have received this phone today. Selfie camera is also good. Overall performance is excellent . Trust me you won't regret this phone."
1701,5,Nice phone 📱 back camera es so nice zoom clean zooming pic sellfie camera nice thank you flipkartI I'm today happy I play free 🔥🔥🔥🔥
1702,2,"Positive Site ::——1. Performance – is very good2. Display – Display is good but it would have been better if it was a little brighter but ok3. Fingerprint sensor and Face unlock is very fastNegative Site ::——1. Camera – The quality of the camera is not good at all, the detailing does not come at all, better than this, photos are clicked in Redmi 9 Power2. Battery – Battery performance is fine but charging is very slow, from 0% to 50% it takes 35 to 40 minutes but it takes 1:30 hours t..."
1703,4,Display was good touch response was also good.. appreciatedCamera and performance was good..no doubt 50mpLovely..Battery capacity was good 1 half day without charge.. quick charge 2 hours..Overall Good At This Price Segment.. Appreciated RealmeG96 was not so stable but it will be fix by updates..No more expectations..G95 was stable and support 60fps.. recording and gaming..
1704,5,Very nice phone at this price pointProcessor is awesome Camera is average Battery is good FHD +Display is very good but not amoled
1705,5,All things about realme 8i is at the top. But you have to be patient regard it's charging.. it take _> 2 hrs till it's full charge. Camera is osm🥳 loved 💕 it
1706,5,"The smartphone comes with a big display of 6.6 inches with an IPS LCD capacitive touchscreen. The resolution is 1080 x 2412 pixels and the screen PPI is 400. The operating system of the device is Android 11 + Realme UI 2.0. The smartphone is powered by a Mediatek Helio G96 Octa-core processor and the GPU is Mali-G57 MC2. The internal storage is 128 GB with 4 GB RAM. Realme 8i consists of a triple-camera 50 MP (wide) + 2 MP (macro) + 2 MP (depth). On the front, there is a single 16 MP (wide) c..."
1707,4,Best Phone Ever. Don't Think Just buy this guys. Best camera . Also looking awesome. Fast display.Awesime Features.But 1 think is disappointed that is Battery consumption is little bit fast . Otherwise This is the best Phone . Go for It !
1708,3,It is a good phone under this price range. Camera is good along with its UI. O for it if you have a tight budget. There is no earphones available at box so keep it in mind. If you have budget of more than 13000 than go for Mi 10 pro or vivo or poco.
1709,3,You can play pubg with 40fps only smooth plus ultra only   ..for normal gaming this is good enough but for competitive it's not that good ...Camera is good enough at this price Battery is outstandingDisplay is not so good but 120hz  feels better Phone heats while charging and playing heavy games  Finally at this price you can choose this phone there is no better option apart from thisI was disappointed with flipkart for  late  delivery..😓😥
1710,5,"Phone is very good according to the price, its camera quality is Well  good picture is just like iPhone.First you buy it then trust it. Trust in my experience after purchase this phone. The phone is in affordable price. Best battery backup. I have received this phone today. Selfie camera is also good. Overall performance is excellent . Trust me you won't regret this phone."
1711,5,Nice phone 📱 back camera es so nice zoom clean zooming pic sellfie camera nice thank you flipkartI I'm today happy I play free 🔥🔥🔥🔥
1712,2,"Positive Site ::——1. Performance – is very good2. Display – Display is good but it would have been better if it was a little brighter but ok3. Fingerprint sensor and Face unlock is very fastNegative Site ::——1. Camera – The quality of the camera is not good at all, the detailing does not come at all, better than this, photos are clicked in Redmi 9 Power2. Battery – Battery performance is fine but charging is very slow, from 0% to 50% it takes 35 to 40 minutes but it takes 1:30 hours t..."
1713,4,Display was good touch response was also good.. appreciatedCamera and performance was good..no doubt 50mpLovely..Battery capacity was good 1 half day without charge.. quick charge 2 hours..Overall Good At This Price Segment.. Appreciated RealmeG96 was not so stable but it will be fix by updates..No more expectations..G95 was stable and support 60fps.. recording and gaming..
1714,4,"Loved the phone, very responsive.Few features I would highlight:1. Face unlock and side thumb are super nice2. UI is awesome3. Can put Jio sim in second slot and still use it when internet enabled for first sim4. can use wifi and carrier internet together to get improved speed (haven't tried yet)5. Case available in box6. metalic lookFew things which are not good:1. No indicator for charging2. Back LED is very dim3. Fingerprint magnet4. No auto call recording5. Call recording f..."
1715,4,"mobile is good. overall design and build is nice and feel good to hold on to it. camera is above average better compere to other phones in this segment. display bright and smooth. speaker is okay. os there is bloat some of em we can remove but not all, the one bad thing is need to accept terms and conditions before using each action like app search, launcher etc there is no options to opt out."
1716,5,"💛Great phone, very very smooth💛⭐📸 Camera is good ⏩: 4.5/5⭐ Better Performance and smoothly MT Helio G96 ⏩:4.5/5⭐ fast changer is great (18w fast changer)⏩ : 4.5/5⭐📱Display is great and silky smooth 120Hz refresh rate(6.6-inch)⏩: 4.5/5⭐🔋 backup is great(5000mah massive battery)⏩: 4.5/5⭐Realme UI 2.0 is awesome👍⭐Dynamic ram is  perfect👍⭐Fingerprint is very very fast😱⭐Face unlock is very very fast😱⭐Touch responding is very fast (180HZ touch    sample rate)👍⭐Brightness is g..."
1717,5,"Very great item. I like the product, colour is awsome, battery is so long, and main thing is display supports 120 hz"
1718,5,This Phone is Very Fast and touch is sensitive and refresh rate  makes it very powerful. It's camera  also capturing awesome pictures. I love this product ....must buy🥰
1719,4,Camera quality overall good . Front camera is good but back camera is not as good as I think 🤔
1720,5,Thanks flipkart for fast delivery I love this phone value for money best camera good battery life. I m doing this review after two weeks after using this phone i recommend realme 8i .
1721,4,This mobile has some new interesting features but it has no auto call recording option and song ringtones will not be appear in this phone. Over all new and stylish so and so satisfied but not fully. Rear camera quality is very good and effective in daylight and night light also. Front camera has Sean clear pictures but not sharpen picture.
1722,1,"I would like to give one star because of its primary camera. Its name only 50mp bt it's actually less than 10mp.2nd most imp point. It's heating issue. Its like an heater after 5min of use.Display is ok, Selfie is like 2mpFinger print is not working properly.Application doesn't work properly.Apps not supporting.Hotspot issue.It's not worth for money.It's price range should be 1000 to 2000 max to max"
1723,2,Good phone.. could have been better if s.amoled display had been added... Fullhd+lcd display is not up to the mark... No clearity when  watching online videos.. smooth working with mediatek Helio ge96 octa core processor.. rear camera is good but front camera is not up to the mark.. specialy I m disappointed with lcd display It has provided...
1724,4,"Loved the phone, very responsive.Few features I would highlight:1. Face unlock and side thumb are super nice2. UI is awesome3. Can put Jio sim in second slot and still use it when internet enabled for first sim4. can use wifi and carrier internet together to get improved speed (haven't tried yet)5. Case available in box6. metalic lookFew things which are not good:1. No indicator for charging2. Back LED is very dim3. Fingerprint magnet4. No auto call recording5. Call recording f..."
1725,4,"mobile is good. overall design and build is nice and feel good to hold on to it. camera is above average better compere to other phones in this segment. display bright and smooth. speaker is okay. os there is bloat some of em we can remove but not all, the one bad thing is need to accept terms and conditions before using each action like app search, launcher etc there is no options to opt out."
1726,5,"💛Great phone, very very smooth💛⭐📸 Camera is good ⏩: 4.5/5⭐ Better Performance and smoothly MT Helio G96 ⏩:4.5/5⭐ fast changer is great (18w fast changer)⏩ : 4.5/5⭐📱Display is great and silky smooth 120Hz refresh rate(6.6-inch)⏩: 4.5/5⭐🔋 backup is great(5000mah massive battery)⏩: 4.5/5⭐Realme UI 2.0 is awesome👍⭐Dynamic ram is  perfect👍⭐Fingerprint is very very fast😱⭐Face unlock is very very fast😱⭐Touch responding is very fast (180HZ touch    sample rate)👍⭐Brightness is g..."
1727,5,"Very great item. I like the product, colour is awsome, battery is so long, and main thing is display supports 120 hz"
1728,5,This Phone is Very Fast and touch is sensitive and refresh rate  makes it very powerful. It's camera  also capturing awesome pictures. I love this product ....must buy🥰
1729,4,Camera quality overall good . Front camera is good but back camera is not as good as I think 🤔
1730,5,Thanks flipkart for fast delivery I love this phone value for money best camera good battery life. I m doing this review after two weeks after using this phone i recommend realme 8i .
1731,4,This mobile has some new interesting features but it has no auto call recording option and song ringtones will not be appear in this phone. Over all new and stylish so and so satisfied but not fully. Rear camera quality is very good and effective in daylight and night light also. Front camera has Sean clear pictures but not sharpen picture.
1732,1,"I would like to give one star because of its primary camera. Its name only 50mp bt it's actually less than 10mp.2nd most imp point. It's heating issue. Its like an heater after 5min of use.Display is ok, Selfie is like 2mpFinger print is not working properly.Application doesn't work properly.Apps not supporting.Hotspot issue.It's not worth for money.It's price range should be 1000 to 2000 max to max"
1733,2,Good phone.. could have been better if s.amoled display had been added... Fullhd+lcd display is not up to the mark... No clearity when  watching online videos.. smooth working with mediatek Helio ge96 octa core processor.. rear camera is good but front camera is not up to the mark.. specialy I m disappointed with lcd display It has provided...
1734,3,Nice looking mobile with amazing color and good camera quality in this range.Only issue was with delivery. I got this after 10 days. Buy overall I satisfied with this product.
1735,5,Thank you realme very very good product best budget mobile thank you Flipkart thank you realme I am happy
1736,4,A budget friendly purchase for sure. The rear camera is good but the front camera is average. Could be better. No finger print sensor available but face lock available.
1737,1,Not a good product from realmePlease don't buy this
1738,1,Look was good but daily task struggle to do and camera poor qualityDon't buy You have better option
1739,1,No advice for this mobile.
1740,1,Camera quality looks very average. It needs some sort of improvement by updates
1741,1,"It's a android go phone , don't go for it if your are buying for yourself. If you are buying for only video call to mother or grand parents , then it's ok. I bought and it's not able to connect to any wifi in two days."
1742,1,Don't purchase this smartphone 👎
1743,1,Loss off money
1744,3,Nice looking mobile with amazing color and good camera quality in this range.Only issue was with delivery. I got this after 10 days. Buy overall I satisfied with this product.
1745,5,Thank you realme very very good product best budget mobile thank you Flipkart thank you realme I am happy
1746,4,A budget friendly purchase for sure. The rear camera is good but the front camera is average. Could be better. No finger print sensor available but face lock available.
1747,1,Not a good product from realmePlease don't buy this
1748,1,Look was good but daily task struggle to do and camera poor qualityDon't buy You have better option
1749,1,No advice for this mobile.
1750,1,Camera quality looks very average. It needs some sort of improvement by updates
1751,1,"It's a android go phone , don't go for it if your are buying for yourself. If you are buying for only video call to mother or grand parents , then it's ok. I bought and it's not able to connect to any wifi in two days."
1752,1,Don't purchase this smartphone 👎
1753,1,Loss off money
1754,4,"Such a awesome handset in this segment.Pro's:- * Good display in this price segment but not compete with amoled display.* Helio G95 performs pretty well ,with 90 hz refresh rate runs smoothly.* 48 Mp rear sensor satisfies in this price segment, etcCon's :- * After 1 hour of gaming I found touch issues and some lags ,hope realme fix it in update* There is no IP rate certification I think so.* There are lot of heating issues , etc"
1755,5,"Nice phone great look, in this range camera quality little bit more better like 64mega pixel or use sony or samsung lens, in this range many brands giving 64 mega pixel. & It's 4g mobile."
1756,5,"Hi,     I need a phone for gaming,and I finally found this perfect gaming phone,If your need a gaming phone just go for itI ordered this phone on Tuesday and It delivered on Thursday the delivery was very fastBuying this product first I read review its really good then on yt i search this phone,after watching some videos of  this phone I found review really very helpful and awesome1) The camera quality is awesome and its has 10x zoom2) charging is very fast (30w) and the battery life is v..."
1757,5,Nice phone at this price range. You should Buy it. Value for money also. At this price range processor is good and we get 90hz refresh rate. With 5000mh battery. Cmaera is decent. Overall i give 4.5/5 marks.
1758,5,Super mobile love it superb performance Awsome picture quality and really realme and one day delivery flipkart thank you
1759,5,"Great phone at this price range. Excellent built, great design, G95 performs very well. Little bit warmer while charging but managable. No heating issues while gaming and regular task. Good cameras. No lags in normal operation. Better go for 6 gb version since OS uses lots of ram. Display brightness is excellent. No flickering issues. All sensors are working fine. It has dual band wifi both 2.4ghz and 5ghz. I am getting 195mpbs on 5ghz for 200 Mbps plan. Carrier aggregation is there for jio i..."
1760,5,Very beautiful Realme Narzo 30 I like this phone battery backup is good camera quality is good
1761,1,Heating problem about 5minitue use then heating problem start.as a average phone not a good quality.the feeling not a joyful idon't like some people recommend then buy.i not a suggestion any feature buy not a good performance waist our money.then mentoly destroyed pressure Flipcart not a good policy for return
1762,5,This mobile better than redmi note 10 the proccer so very good delivery time is past camera is average design is osm ram is osm storage is 128  the proccer is medatik helio G95 best this price front camera is osm back camera is zoom 10x  display full HD display  i am use 1 day to battery grate and charging is better than redmi note 10 fast charging in this mobile provide        My commet is better like me 😎😎💯💯
1763,5,"I always be attentive towards every mobile.I always care which phone is better than which one.I purchase this phone after searching so many thing like reviews on gaming,screen,camera,battery,then i purchased.trust at me.this phone will fully satisfy you like i am satisfied.everythimg ia at top level.and charging speed is very fast as 70-80min tkes to full charge .plz don't think about other phone.trust meThis is best phone even in this price.I am free fire player,i am playing in it with high..."
1764,5,Realme Narzo 50i Is very nice phone I have used this 5 days ago it's perfomance is very good.1.Battery perfomance is very we can use this for 15-16 hours.2.Camera perfomance is not so good but rear camera is good.3.The charger is very fast it can charge phone in 1 hour.So If you want to buy new phone so you can buy this.
1765,1,Bad camera
1766,5,Amazing and good price this is one of best mobile and battery is very good 3 days it will come fast charge and one of best to purchase this mobile and is too big mobile and worth for money and best mobile by real me good price
1767,5,Good products
1768,5,Good quality
1769,5,Very good mobile
1770,5,Excellent phone within budget. Received in just 2 days after ordering so a big shout out to flipkart delivery.
1771,5,Nic cemera thanxss filpcart
1772,5,At the price range It is the best device..5000mah battery good camera 📷 4+64 GB
1773,5,Realme 50 I best
1774,5,Realme Narzo 50i Is very nice phone I have used this 5 days ago it's perfomance is very good.1.Battery perfomance is very we can use this for 15-16 hours.2.Camera perfomance is not so good but rear camera is good.3.The charger is very fast it can charge phone in 1 hour.So If you want to buy new phone so you can buy this.
1775,5,Amazing and good price this is one of best mobile and battery is very good 3 days it will come fast charge and one of best to purchase this mobile and is too big mobile and worth for money and best mobile by real me good price
1776,5,Good products
1777,5,Good quality
1778,5,Very good mobile
1779,5,Excellent phone within budget. Received in just 2 days after ordering so a big shout out to flipkart delivery.
1780,5,Nic cemera thanxss filpcart
1781,5,At the price range It is the best device..5000mah battery good camera 📷 4+64 GB
1782,5,Realme 50 I best
1783,5,Vari nice product
1784,4,"Good handy phone with decent performance. Good for the first time smartphone users. battery backup is pro level, network availability is good,not that heavy. i prefer this to c11 as it has CGG protection."
1785,5,This is such a budget friendly product.It also makes a good first impression as the overall look of the device is really impressive.The device also provides a decent display and camera with a storage space of 32 GB.
1786,4,Good product in perfect value of money. I thought the charger is c-type. But actually it is not. All features are new and sufficient with the low budget phone.
1787,1,"Let me get straight to the point.From day 1 this phone hangs.multitasking performance is very bad.. sometimes wifi gets disconnected automatically..apps like whatsapp take 15 seconds to open.and flipkart 20-25 seconds.In the time of usb type c,we are getting micro usb.charging takes a long time..and 2 gb ram is not sufficient to run apps..phone is good for just to make calls..and do light works.not meant for multi tasking."
1788,5,I HV gifted to my frnd as her bday gift....Seriously when she used this mobile she's got excited and feeling like happy....Think u Fcart for the OSM 😘 mobile in very low budget ......Thank u again
1789,5,Best price best phone
1790,2,"The performance of this c20 is not as expected...apps opening late, something always buffering...2gb ram performance is very less... lagging....not best as what I got previously c3....this time not that much to appreciate realme...cost wise good...for performance pls go for 3 or 4 GB ram...phone getting hanged"
1791,4,1. Camera is very good according to the price range.2. G35 processor plays a good role.3. Smoothness of the scren is very nice.4. Battery backup is powerful.5. Overall performance is splendid in this price range.
1792,5,Cammera is very good and battery is goodPhone is better very good product I love ❤️ this product
1793,1,Bad quality bad performance
1794,4,"Good handy phone with decent performance. Good for the first time smartphone users. battery backup is pro level, network availability is good,not that heavy. i prefer this to c11 as it has CGG protection."
1795,5,This is such a budget friendly product.It also makes a good first impression as the overall look of the device is really impressive.The device also provides a decent display and camera with a storage space of 32 GB.
1796,4,Good product in perfect value of money. I thought the charger is c-type. But actually it is not. All features are new and sufficient with the low budget phone.
1797,1,"Let me get straight to the point.From day 1 this phone hangs.multitasking performance is very bad.. sometimes wifi gets disconnected automatically..apps like whatsapp take 15 seconds to open.and flipkart 20-25 seconds.In the time of usb type c,we are getting micro usb.charging takes a long time..and 2 gb ram is not sufficient to run apps..phone is good for just to make calls..and do light works.not meant for multi tasking."
1798,5,I HV gifted to my frnd as her bday gift....Seriously when she used this mobile she's got excited and feeling like happy....Think u Fcart for the OSM 😘 mobile in very low budget ......Thank u again
1799,5,Best price best phone
1800,2,"The performance of this c20 is not as expected...apps opening late, something always buffering...2gb ram performance is very less... lagging....not best as what I got previously c3....this time not that much to appreciate realme...cost wise good...for performance pls go for 3 or 4 GB ram...phone getting hanged"
1801,4,1. Camera is very good according to the price range.2. G35 processor plays a good role.3. Smoothness of the scren is very nice.4. Battery backup is powerful.5. Overall performance is splendid in this price range.
1802,5,Cammera is very good and battery is goodPhone is better very good product I love ❤️ this product
1803,1,Bad quality bad performance
1804,5,This phone is best in this price Camera very coolPerformance is perfectBattery backup long timeDisplay is very smooth  Charger is so powerfulI am happy after buy this phone
1805,5,Overall it's a superb phone with  good features. Good  choice to buy in this range. Honest review from me = 4/5
1806,5,Perfect Smartphone in this rangeWith a powerful gaming processor...G95Back Camera is superbFront camera is super duper with a sony sensorAnd what a charger means in 60 min 100% guaranteeLove this Love this
1807,4,"Quality wise good , good performance of the price Camera 📸 quality was very good 😍 what ever is as simply awesome ☺️😍 I like this this phone and I'm very happy"
1808,5,Awesome mobile ...Camera: 4/5 Performance 4.5/5Network speed or wifi speed is extraordinary ❤️Battery is just perfect ...It have fast charging support and it charges within 15 to 20min from 50% to 100%... Highly recommend budget mobile .. u can surely believe realme and it never disappoint yours hope 🥲.Value for money . I'm using this mobile for just 3days ... And I posted  pic and that was captured by realme narzo 30 ...I'm very happy with this mobile and veryy fast delivery and it...
1809,5,There is nothing said to be bad . Everything is best . Camera is slightly not good but the chroma boost also fix that gap . All things are perfect I liked it most. I also want to tell you that the live wallpapers gives it a very beautiful look.
1810,5,Love this phone. The camera is very good and the performance is also very good. Overall a nice phone in this budget
1811,4,Review after 2 weeks of usage Camera is good both selfie and rear camera Takes decent photos indoor as well as outdoorBattery life I can say is also good full charge will last for one day and with dart charging phone will be charged almost in 1 hr 10-12 minsNow let's talk about displayI bought this phone for my room mate and I have  poco x3 so i have compared the device on my observation thought it could help others... Display I found  in narzo 30 .. U can say ok okBut can't expec...
1812,5,In the box it has 30 watt fast charger that charg 0 to 50 in 25 minutes.G95 is very powerful processer it has no lag .90hz screen is too good it feels so smooth and display quality is good .48mp back cam and 16mp front are praiseworthy.5000 mah battery is enough for 1 day even in heavy uses.And it is powerful phone no doubt.
1813,5,"First of all thanks to narzo,means wow 😲 what a product everything you want you got in it...I m using this phone from last 15 days I face some little bit problem bt it is resolved by flipkartAnd in this phone everything is perfect1- gaming performance is unexpected itss to lovely yr one side G95 processor and second side 90hrtz refresh rate vow2- on camera selfie camera with sony sensor give uss tooo much good pics nd triplets camera setup in back side of samsung is decent..3- battery d..."
1814,4,"Such a awesome handset in this segment.Pro's:- * Good display in this price segment but not compete with amoled display.* Helio G95 performs pretty well ,with 90 hz refresh rate runs smoothly.* 48 Mp rear sensor satisfies in this price segment, etcCon's :- * After 1 hour of gaming I found touch issues and some lags ,hope realme fix it in update* There is no IP rate certification I think so.* There are lot of heating issues , etc"
1815,5,"Nice phone great look, in this range camera quality little bit more better like 64mega pixel or use sony or samsung lens, in this range many brands giving 64 mega pixel. & It's 4g mobile."
1816,5,"Hi,     I need a phone for gaming,and I finally found this perfect gaming phone,If your need a gaming phone just go for itI ordered this phone on Tuesday and It delivered on Thursday the delivery was very fastBuying this product first I read review its really good then on yt i search this phone,after watching some videos of  this phone I found review really very helpful and awesome1) The camera quality is awesome and its has 10x zoom2) charging is very fast (30w) and the battery life is v..."
1817,5,Nice phone at this price range. You should Buy it. Value for money also. At this price range processor is good and we get 90hz refresh rate. With 5000mh battery. Cmaera is decent. Overall i give 4.5/5 marks.
1818,5,Super mobile love it superb performance Awsome picture quality and really realme and one day delivery flipkart thank you
1819,5,"Great phone at this price range. Excellent built, great design, G95 performs very well. Little bit warmer while charging but managable. No heating issues while gaming and regular task. Good cameras. No lags in normal operation. Better go for 6 gb version since OS uses lots of ram. Display brightness is excellent. No flickering issues. All sensors are working fine. It has dual band wifi both 2.4ghz and 5ghz. I am getting 195mpbs on 5ghz for 200 Mbps plan. Carrier aggregation is there for jio i..."
1820,5,Very beautiful Realme Narzo 30 I like this phone battery backup is good camera quality is good
1821,1,Heating problem about 5minitue use then heating problem start.as a average phone not a good quality.the feeling not a joyful idon't like some people recommend then buy.i not a suggestion any feature buy not a good performance waist our money.then mentoly destroyed pressure Flipcart not a good policy for return
1822,5,This mobile better than redmi note 10 the proccer so very good delivery time is past camera is average design is osm ram is osm storage is 128  the proccer is medatik helio G95 best this price front camera is osm back camera is zoom 10x  display full HD display  i am use 1 day to battery grate and charging is better than redmi note 10 fast charging in this mobile provide        My commet is better like me 😎😎💯💯
1823,5,"I always be attentive towards every mobile.I always care which phone is better than which one.I purchase this phone after searching so many thing like reviews on gaming,screen,camera,battery,then i purchased.trust at me.this phone will fully satisfy you like i am satisfied.everythimg ia at top level.and charging speed is very fast as 70-80min tkes to full charge .plz don't think about other phone.trust meThis is best phone even in this price.I am free fire player,i am playing in it with high..."
1824,5,superb mobile best camara best performance good battery 🔋 all over very very good mobile budget 5g mobile phone
1825,5,Good budget 5g Smartphone.Dimensity 700 it's excellent...(7nm)Battery life is Good.Camera it's not good as expectedBeing an IPS Display it's Quite impressive & Smooth...For My point of view Device is quite Good..at this price Range..
1826,5,"Camera :- good photos , portrait is fabulous, AI is excellentBattery :- very goodDisplay :- very good much like amoled Performance :- fabulous performanceoverall a good allrounder phone go for it"
1827,5,Very very very good phone go for it.At this price range it is very good and nice phone...
1828,5,"After 14 days used, observed get as I expect camara is good , bettery back up is good ,I am Happy with this lv"
1829,3,"Overall a good budget friendly phone at this price.still expected some more smooth performance of some apps, which is missing.there are some apps which don't perform smoothly.The best feature of the phone is it's battery life."
1830,5,Nice mobile I am so happy thanks filpkart I am very halpful display is awesome 😎 smoot & full amolad display ..... Android 11 is best performance 😎😍😍😍👌
1831,5,Super phone in very good camera and very super sounds like very good
1832,5,Mobile design perfect battery backup best ❤️ gaming good smooth  pubg game  play evening photo quality excellent
1833,2,Dimensity 700 is good at this  price but not 30w charging.Realme 8 has Super Amoled display on screen finger print but it has IPS LCD and side mount finger print. Realme 8 has Quad camera setup with 64 mp sensor it has tripal cameras with 48mp main sensor. Realme Focus on only 5G and nothing on other features. Now realme become costly like other smartphone company
1834,5,Good nice phone and super fast I like ram was expend wow amazing like and light weight camera was not bad ok like that phone thank u
1835,5,Awesome colour 💞 smooth to work And many more features and settings Which will make easy for you in ur everyday life Highly recommended for office use
1836,5,Amazing and Very Budget Friendly 5G phone. Love Realme Phones only for It's Ui better Ui then Miui. Go for this phone this will be a great investment for upcoming 5g
1837,4,"all i ll about this device is... a budget phone with great value for money features... although it has plastic back so fingerprints marks shows off but with a tpu case , its good & light weight to hold as well... so overall great job by realme 👍🏻"
1838,5,Nice mobile by realme .. but miss vooc fast charging and could have given more megapixel camera for main camera ... Atleast 64 mp.. even narzo series have fast charging.. realme 8 5g series should have been given with vooc fast charging.. one thing I loved about is supports external card as well upto 1tb.. also Android 11 is bonus... But also some unwanted apps should be removed as it might reduce performance for our needs.. hopefully to get updates in future to cut off those apps..
1839,5,Nice product!Worthy for money... Nyc color😘 I just love the product💖 but I miss vooc fast charging and expected more MP camera for primary... Smooth to work nd one thing I loved many more features nd settings which will make easily... But also some unwanted apps n phone.. default apps... It should be removed as it might reduce performance for our needs... Overall worthy product from realme... Hopefully to get updates in future.........
1840,5,That's really amazing mobile 📲...Realme 8 5G..it colour is beautiful ❤️.I love it colour....and I am so happy 😊.Thanks you flipkart.. value for money 💰.
1841,1,After one month of my review this realme 8 5G very worest mobile many draw backs I found between this one month period.1. No call  recording option not a proper way.2. Conference call feature also not available3. All features are very worest only.4. Cost of this mobile is very high5. No use of this 5g feature6. No notification light.7. Frinds plz don't buy better to go redmi Mobil's only very low cost and good features.
1842,5,"Fantastic product 👌 .. Worthy... recommend to buyCamera ultimate, display very nice... battery long lasting up to 12 hours hard use , performance so fast No fast charging but 2 hours 15 mins required for full charge but it's ok...not an issue ...over all worthy product from Real me......"
1843,5,Realme 8 5g use to today's.. battery performance good and camera well overall to good mobile realme 8 5g mobile using 2 days but still 56 charger left only very good mobile and very good battery and very good camera overall very Super phone thank you Flipkart
1844,5,Great mobile with ample features for this price range. Worth the money. Camera clarity improved after updates.
1845,4,Nice realme.4 star camera.5 star battery.5 star super amoled display. 4 star look.4 star sound quality.5 star clean ui. No third party push notifications.5 star fingerprint scanner in display is too good .no over heating problem.
1846,5,"Photos with both the primary and selfie cameras are unusually enhanced (as you can see in the photo the green is just looking unnaturally bright) and there is no way to switch this effect offOverall a decent product with good in-hand feel and good charging speedGot the phone for my father, he seemed to have liked it a lot... specially the Display is bright with good customisationsAt this price point if camera is not your primary requirement I think it's a decent purchase."
1847,5,"Camera is pretty good , if you know how to use it (only primary camera is useful). I do not recommend it for heavy gaming and battery backup is aslo good ."
1848,4,"My own experience with Flipcart, its  very amazing... I am so happy  😊....  Superb phone... Nice camera... Nice working.... Outstanding performance... Guy's go for it... Thank you Flipcart... 👍👌"
1849,4,"I am writing this after 3days continues used of this phone realme8.1. Battery is very good there have power saving mode and super power saving mode which is very effective. Fully charged in 70min, and drained in 1 and half day 35hours.2. Display is super AMOLED which is very good also have eye comfort mode, OSIE visual effects and  dark and Bright view, having standard and focus modes.3.camera is need to be improvement 64MP don't have zoom, night light camera is okay, selfie having 16MP ca..."
1850,5,A decent product from realme price little bit high but they compensate with features like indispaly finger print like.i am very much happy and camera given very true pictures except low light.light weight and good look.I am a redmi user previous.Honestly told it's near stock android no unwanted app and adds I am very much happy about it as previously experience from redmi.Very good choice and camera you have to choose correct settings more filters available and it's true images are delivere...
1851,5,"Good phone in budget. Battery charged very fast, like they said 65mins and 100% charged. Camera is also good both back and selfish one, very detailed. Processor is really good and also storage wise 6GB is good for this phone. Overall value for money"
1852,5,Superabb ... awesome product..   Really realme 8 ...dare to leap...nyc one...I am happy full 😍🤩 camera .. ultimate battery life extodenary.. gaming ...Boomm ...💥 ... that's inaf realme 8 is Love ..😛🧡
1853,4,Before buying this phone i heard a lot of negative review about its camera quality..first of all i will tell u this camera is not at all bad.it gives quality pictures but according to their specifications it is only average..64mp mode is not good .. u can take quality portraits and the front camera is impressive..This is my second day with this phone and the battery backup is good .display is superbb but not so bigg...sound quality is also good but there is no sterio speakersss..till now i th...
1854,4,"Such a awesome handset in this segment.Pro's:- * Good display in this price segment but not compete with amoled display.* Helio G95 performs pretty well ,with 90 hz refresh rate runs smoothly.* 48 Mp rear sensor satisfies in this price segment, etcCon's :- * After 1 hour of gaming I found touch issues and some lags ,hope realme fix it in update* There is no IP rate certification I think so.* There are lot of heating issues , etc"
1855,5,"Nice phone great look, in this range camera quality little bit more better like 64mega pixel or use sony or samsung lens, in this range many brands giving 64 mega pixel. & It's 4g mobile."
1856,5,"Hi,     I need a phone for gaming,and I finally found this perfect gaming phone,If your need a gaming phone just go for itI ordered this phone on Tuesday and It delivered on Thursday the delivery was very fastBuying this product first I read review its really good then on yt i search this phone,after watching some videos of  this phone I found review really very helpful and awesome1) The camera quality is awesome and its has 10x zoom2) charging is very fast (30w) and the battery life is v..."
1857,5,Nice phone at this price range. You should Buy it. Value for money also. At this price range processor is good and we get 90hz refresh rate. With 5000mh battery. Cmaera is decent. Overall i give 4.5/5 marks.
1858,5,Super mobile love it superb performance Awsome picture quality and really realme and one day delivery flipkart thank you
1859,5,"Great phone at this price range. Excellent built, great design, G95 performs very well. Little bit warmer while charging but managable. No heating issues while gaming and regular task. Good cameras. No lags in normal operation. Better go for 6 gb version since OS uses lots of ram. Display brightness is excellent. No flickering issues. All sensors are working fine. It has dual band wifi both 2.4ghz and 5ghz. I am getting 195mpbs on 5ghz for 200 Mbps plan. Carrier aggregation is there for jio i..."
1860,5,Very beautiful Realme Narzo 30 I like this phone battery backup is good camera quality is good
1861,1,Heating problem about 5minitue use then heating problem start.as a average phone not a good quality.the feeling not a joyful idon't like some people recommend then buy.i not a suggestion any feature buy not a good performance waist our money.then mentoly destroyed pressure Flipcart not a good policy for return
1862,5,This mobile better than redmi note 10 the proccer so very good delivery time is past camera is average design is osm ram is osm storage is 128  the proccer is medatik helio G95 best this price front camera is osm back camera is zoom 10x  display full HD display  i am use 1 day to battery grate and charging is better than redmi note 10 fast charging in this mobile provide        My commet is better like me 😎😎💯💯
1863,5,"I always be attentive towards every mobile.I always care which phone is better than which one.I purchase this phone after searching so many thing like reviews on gaming,screen,camera,battery,then i purchased.trust at me.this phone will fully satisfy you like i am satisfied.everythimg ia at top level.and charging speed is very fast as 70-80min tkes to full charge .plz don't think about other phone.trust meThis is best phone even in this price.I am free fire player,i am playing in it with high..."
1864,5,Nyc and gud
1865,5,Perfect for small family no noise. Giving review after a week. You can buy this without any doubt
1866,4,This is good working low noise
1867,5,"Very nice product , Power is also good ."
1868,5,"I'm happy happy ,good work washing machine"
1869,5,Good
1870,5,God product
1871,5,Must buy .highly recommended. Just go for it .
1872,5,Excellent 👌👌
1873,5,Vary good product I am very happy
1874,5,"Got this product today, it's nice in all aspects. And fits under budget. Little bit of prob is that, it shakes while running may b coz of the wheels! Other wise it deserves 5 star... Easy to operate. And, a big thanks to Team FLIPKART... They opened the product right there and showed me that it is in working condition. This impresses me! Anyone looking to buy this product? Go ahead!"
1875,4,"Outlet pipe is very short. It has to be added by another connecting pipe to make it long as per my convenience so extra expense for me. It can be okay for others. And people have commented that it makes noise while drying and vibrating but it absolutely not. It is normal, not much noise and so not much vibration. At last a good deal.👍  Happy with the purchased. ☺️☺️You can definitely go for it if you want budget friendly, branded, stylish look semi auto washing machine with good colour (gre..."
1876,5,Performance is good and worth it. Must to buy if u want budget friendly since I m using front load IFB also.
1877,5,Nice product we have gifted it for marriage very good product design is also good features are awesome????
1878,5,"This is an wonderful product, very easy to use, and the needed electricity is very much low. Washer and drier both are good"
1879,5,Very good☺️☺️☺️Thank you flipkart
1880,5,"I purchased this product by seeing the review of it.I really liked the product,its exactly the same shown in the picture.Only thing is they didn’t fit it the same day of delivery.But its not very tough also to fit.Overall excellent product .Thanks flipkart.Loved it😍😍😍😍😍😍"
1881,5,"What I find mostly in reviews is lack of knowledge about product usage and first to complaint !I am using 6.2 kgs and 7 kgs washing machine - same model from Whirlpool at a gap of 6 months atleast and both products are simply great for daily use.Washing tub rotation is not as much as our earlier Electrolux machine which I felt is better coz clothes do not tangle much in the tub and chances of getting torn are less. Three speed settings work fine.In Dryer , if you feel extra vibrations /..."
1882,5,Wow guys sach a good product.. Thnank u flipkartApni language me bole to dil khuss kr ditta... 😊😊😊
1883,5,Brilliant
1884,5,I bought this machine for my Mom😍 Now she is happy this. Overall blindly go for it. Good product by Samsung and secured delivery by flipkart and demo is also done good. Worthy Product guys😍👍
1885,5,"I have ordered this product after reviewing a lot of modelsFound this model to be good and worthy with price offered.After using the product for 2 weeks, I am sharing this review, the product has less noise while using, stains are completely removed if you are using soak feature. W.r.t. price of product, it could be little cheaper since it's a best selling product amongst Samsung, IFB, LG within 6 kg.Samsung can introduce more color combinations in this model.If you are a single pers..."
1886,4,"Giving review after 1 month used. Nice product with performance, design, time, electricity and value of money. Delivery on time. Demo as expected, called 3 to 4 times then they will come like in bangalore. Flipkart customer support was good. Overall good experience. Thank you flipkart & team."
1887,5,"I purchased 1mnth ago and reviewing now. The product is very good and worthy for money,It doesn't need stand. Machine washes cloth very clean and dry very neet Special thanks to service engineer who came and installed the product and gave free demo.Overall for 4 family members can use the machine. And at a time maximum 15- 20 cloths can be washed."
1888,4,Machine is excellent for the price paid.... After using it for almost 15 days now.. I am editing my review.. For white cloths machine is not so effective.. It's good for daily cloths.. Did not harm any delicate cloths..  Coming to flipkart service.. terrible.. Worst experience ever had.. Not going to buy any high end products from flipkart now on.. There was no clue of installation from flipkart even when I called up almost daily for 1 week.. Later I gave up and contacted Samsung customer se...
1889,5,"worth it.. its more then 1 year perfectly working and hope for best om future. flipkart helps alot in delivery and provide a samsung guide and in person while installation, and future like to inform don't worry just buy without any second thoughts in mind."
1890,5,"I'm writing this review after using this product since last 3 month. This is the best washing machine by Samsung. Benefits : Very low consumption, Cleaning quality is good, No smell of detergent after wash & Very good quality of dryness (Have to dry 10-30 min after put it out from the washing machine). No headache to cleaning clothes. This is why the fully automatic washing machine recommended. Moreover, I'm satisfied with its performance."
1891,5,"I bought this product 3 months back it's one of the best product i bought it from flipkart. It's aswome low power consumption,less water consumption u r clothes are washed very good really I'm happy with this product"
1892,4,"Happy after initial 10 days.# Delivery and installation was smooth and perfect.# washing machine is easy to use. # great cute compact design & good value for money.# when u have water shortage you can save water by giving only wash or rinse program alone to reuse the water (same as in semi).# we won't get dry as same in semi automatic, but u can give 15 or 30 minutes spin time extra by selecting monsoon mode in this machine.# worth a buy if you need a normal automatic washing machine an..."
1893,1,semi automatic machine is much better than fully automatic bcz the rounds of drum is very short and clothes was not clean as compared as semi automatic
1894,5,"Got this product today, it's nice in all aspects. And fits under budget. Little bit of prob is that, it shakes while running may b coz of the wheels! Other wise it deserves 5 star... Easy to operate. And, a big thanks to Team FLIPKART... They opened the product right there and showed me that it is in working condition. This impresses me! Anyone looking to buy this product? Go ahead!"
1895,4,"Outlet pipe is very short. It has to be added by another connecting pipe to make it long as per my convenience so extra expense for me. It can be okay for others. And people have commented that it makes noise while drying and vibrating but it absolutely not. It is normal, not much noise and so not much vibration. At last a good deal.👍  Happy with the purchased. ☺️☺️You can definitely go for it if you want budget friendly, branded, stylish look semi auto washing machine with good colour (gre..."
1896,5,Performance is good and worth it. Must to buy if u want budget friendly since I m using front load IFB also.
1897,5,Nice product we have gifted it for marriage very good product design is also good features are awesome????
1898,5,"This is an wonderful product, very easy to use, and the needed electricity is very much low. Washer and drier both are good"
1899,5,Very good☺️☺️☺️Thank you flipkart
1900,5,"I purchased this product by seeing the review of it.I really liked the product,its exactly the same shown in the picture.Only thing is they didn’t fit it the same day of delivery.But its not very tough also to fit.Overall excellent product .Thanks flipkart.Loved it😍😍😍😍😍😍"
1901,5,"What I find mostly in reviews is lack of knowledge about product usage and first to complaint !I am using 6.2 kgs and 7 kgs washing machine - same model from Whirlpool at a gap of 6 months atleast and both products are simply great for daily use.Washing tub rotation is not as much as our earlier Electrolux machine which I felt is better coz clothes do not tangle much in the tub and chances of getting torn are less. Three speed settings work fine.In Dryer , if you feel extra vibrations /..."
1902,5,Wow guys sach a good product.. Thnank u flipkartApni language me bole to dil khuss kr ditta... 😊😊😊
1903,5,Brilliant
1904,5,This washing machine is worth for money if anyone looking for budget base washing machine no need of second thought just go for it & the best thing about this washing machine it's shaft drive with inveter motor which means no vibration & no noise. Seriously my rating for this mechanic 5***** for the price and BLDC motor with shaft drive I'm 100% satisfied with my purchase. Best part delivered to chennai as on secluded date and installation same day. Good work by seller and the brand maker.
1905,5,Excellent Washing Machine for the price. The product was delivered on Saturday and the technician arrived on Monday. Have use the twice so far and found it quiet and effective. Samsung is a reliable brand and would recommend it blindly.
1906,5,"Nice and very simple to use it. Even uneducated people can operate this washing machine easily. Strong metal body. Very less noice and vibration(almost nothing to consider). Energy efficient 5star rating. My mother liked it and feeling very relax to compare with semi automatic washing machine. At first she worried about in operating this machine before I’m purchasing it but she find very comfortable in first go. Some reason we installed it in kitchen by buying additional utilities like tap, 3..."
1907,5,"Fantastic piece of Engineering. Loved the washing, cleaning is superb.... I feel even spin quality is also good. Best washing machine in this price segment. Compared many LG and IFB before buying. SAMSUNG offering more overall warranty than LG. And more warrenty on motor than any other in this price range. Made in India."
1908,1,Washing performance of the machine is not good it simply rotate upto 45degree and anti rotate the rotation for washing is not good for that reason clothes are not washing properly after used iam not satisfied with the product
1909,4,"Product is good in this price range , only door  smooth shut  not available its decipoint me.overall good product."
1910,4,"Very silent working because of invertor motor. Tub is smaller than my earlier whirlpool 6.5 kg. But overall wash quality is brilliant, no detergent strains are left after wash even though magic dispenser is not there. Consumes less water and power as compared to conventional fully automatic. Go for invertor motor. Delivered by Flipkart by next day and instalation by samsung technician was done the other day. good demo by technician but they try to push sale pipes and other accessories, not re..."
1911,5,Good looking...fast working....Go for it....
1912,5,I LOVED IT VALUE FOR MONEYPOWER SAVINGSShowing sincere appreciation is one of the easiest ways to build a closer relationship with your FLIPKART AND TEAM  Thanks for being so dedicated and hard-working!SAMSUNG TEAM ( To produced a good washing machine)
1913,5,Product is good ....
1914,5,This washing machine is worth for money if anyone looking for budget base washing machine no need of second thought just go for it & the best thing about this washing machine it's shaft drive with inveter motor which means no vibration & no noise. Seriously my rating for this mechanic 5***** for the price and BLDC motor with shaft drive I'm 100% satisfied with my purchase. Best part delivered to chennai as on secluded date and installation same day. Good work by seller and the brand maker.
1915,5,Excellent Washing Machine for the price. The product was delivered on Saturday and the technician arrived on Monday. Have use the twice so far and found it quiet and effective. Samsung is a reliable brand and would recommend it blindly.
1916,5,"Nice and very simple to use it. Even uneducated people can operate this washing machine easily. Strong metal body. Very less noice and vibration(almost nothing to consider). Energy efficient 5star rating. My mother liked it and feeling very relax to compare with semi automatic washing machine. At first she worried about in operating this machine before I’m purchasing it but she find very comfortable in first go. Some reason we installed it in kitchen by buying additional utilities like tap, 3..."
1917,5,"Fantastic piece of Engineering. Loved the washing, cleaning is superb.... I feel even spin quality is also good. Best washing machine in this price segment. Compared many LG and IFB before buying. SAMSUNG offering more overall warranty than LG. And more warrenty on motor than any other in this price range. Made in India."
1918,1,Washing performance of the machine is not good it simply rotate upto 45degree and anti rotate the rotation for washing is not good for that reason clothes are not washing properly after used iam not satisfied with the product
1919,4,"Product is good in this price range , only door  smooth shut  not available its decipoint me.overall good product."
1920,4,"Very silent working because of invertor motor. Tub is smaller than my earlier whirlpool 6.5 kg. But overall wash quality is brilliant, no detergent strains are left after wash even though magic dispenser is not there. Consumes less water and power as compared to conventional fully automatic. Go for invertor motor. Delivered by Flipkart by next day and instalation by samsung technician was done the other day. good demo by technician but they try to push sale pipes and other accessories, not re..."
1921,5,Good looking...fast working....Go for it....
1922,5,I LOVED IT VALUE FOR MONEYPOWER SAVINGSShowing sincere appreciation is one of the easiest ways to build a closer relationship with your FLIPKART AND TEAM  Thanks for being so dedicated and hard-working!SAMSUNG TEAM ( To produced a good washing machine)
1923,5,Product is good ....
1924,4,"Its a good machine but few feature not available with this model. 1st no filter present, 2nd you cannot wash blankets on this machine as per tech guy came on demo. Its not heavy duty like LG and samsung even MarQ 7.5kg has better features and filter. Last tech guy ask not to use detergent powder instead to use detergent liquid."
1925,4,Easy to operate machine. Quit effective with the wash. Could have a few more water effecient wash options. Quite good after sales and installation services. Definately worth the money. Best suited for someone who would wash it once in a week or week & half. For someone more regular consider a smaller one. Would recommend the filter along with the machine if you have hard water.
1926,4,"Although performance is relevant to the water pressure ,still it could have been a little bit better ,other than that soft closure is a must for these which is not available , everything else is at its best.Overall best price to performance deal."
1927,1,"After 1 year useOverall very good product at this price point.i got this 13170/-RsCONS:-1:- Taking too much time in washing2:- After finished washing not switch off itself,like my old panasonic machine.we need to switch off by pressing button.3:- Stops working in low water pressure.4.after 1 year suddenly started making very loud noises and started shaking.also stopped working,smoke was coming out from insidePRO:-1:-Good washing quality and silent operation.2:-Looks premium.Demo and..."
1928,3,"If you are looking for exchange then forget it. They only exchange with brand new item No dust No minor scratches. Also got some issues with installation, i have to wait 4 days for installation. Overall product is good, many more features."
1929,5,Nice
1930,4,Good go for it
1931,5,Very Good Product Thak you flipkart nd Whirpool washing machine white Magic
1932,5,Nice 👍👍
1933,4,Nice
1934,5,"Wow !! These are awesome, made is Russia, at par with European standards. Got these during SALE at amazing price. Go for it, you will be overwhelmed with the quality it offers, much better than India / China made washing machines."
1935,5,"Awesome product, thanks to flipkart"
1936,5,Very nice machine. Go for it. Flipkart big billion offer was great. Thanks to flipkart.
1937,5,Affordable front load in this range. Loved the design which is more compact and sleek. Just does the job smooth and efficiently.
1938,5,Very good performance
1939,5,Super
1940,4,Nice
1941,5,"Best washing machineI prefer semi automatic machine so selected as per my budget1) This machine got bucket and it's very good facility2) Three pin cable little short so we require extension3) Vibration @ drying and avoid if we use yoga mat4) Design and look is very simple,  cute and best5) Color is white and grey which is very attractive6) Suitable for small family of 3 or 5 members"
1942,4,Vrey good  items useful delevard fast time table Thomson of washingmachines thank you.....
1943,4,"Washer is smoothly working,spinner is noisy and too much shaking on drying"
1944,4,Awesome product
1945,3,Pros:Does the job well. U can use water either thru inlet pipe or thru buckets as well. Quick time for both washing and spinning.Compact for small spaces than other semi auto machines. Easy to use. Very economical if you can bear with other minor issues mentioned above. Has a small wheel in one side which makes it easier to move it around.Cons:Very short wire. Supposedly french technology doesn't factor wore length??makes some noise or the other  at times when washing and drying and mak...
1946,4,Good. Quality
1947,4,Design wise good bt built quality is not upto mark. But still I m Loving it 😍
1948,1,Wire length is very shot...use extensions box..washing machine is mostly used water area...this washing machines very risk to use...you don't care about your loved ones life then buy it...
1949,5,Very good machine . but plastic quality is very low and motor speed nice rpm disin is very good and lite  weight . over all this price range very good machine . i hope service is good next time .
1950,1,waste
1951,3,First to start with the brand...being IFB is a premium brand every one loves to have it at their home so as me...other than this nothing special... it's a very basic model will be best to suit for a small family like couples and their children's... don't believe the demo video..few things are exaggerated in that...I am very new to washing machine usage..and I am disappointed with the Washing quality of this machine...tough stains at shirt collar aswell in phant bottom are not satisfactorily w...
1952,5,We are using this machine for last 3 months. Very good performance. Cleans all types of clothes very well. Cleaning clothes have never been so easy and smooth before. A must buy for all who wants neat and clean clothes with hassle free washing.
1953,1,"Don't buy products like this., They will compel you to buy accessories like trolley, stabilizer. Etc . Actually I am already using same model. Exchanged for a new one, so I don't need accessories. When I said this they told me that I will not be given any warranty. Similar incident I got from Maruthi nexa I don't know why bdy indian companies are like this. People Please review properly when reviewing products. We are buying based on others reviews."
1954,2,"I purchased this machine on 22 Jun 2020 and started using by 29 Jun 2020. Delivery was prompt and ifb installation happened with in 48hrs of delivery. I have purchased this in an offer where I exchanged my 11 years old machine of IFB 5.5Kg Serena model. . But biggest issue which I identified when the ifb installation engineer came to my home when compared to my old machine. These is no separate section in the detergent tray for adding additives like Ujala, comfort fabric etc. But it was avail..."
1955,5,neat and clean wash. the machine is beyond the expectation. the price range is good and good warenty and service provided by the company
1956,5,Amazing product wonderful machine washes very clearly and fresh and installation said very clearly.Recommended for all.And look is very cool.
1957,5,"Was reluctant to go for front load washing machine, as I was using top load past 15 years...Writing this after two months of usage...*Wash quality is too good... No need to brush the shirt collar, before putting into washing machine unlike topload* Low noise( very minimal..) and no vibration*Stylish lookOverall very satisfied and happy with this product :)"
1958,5,"Nice product and we will get same product which they shown in image and Cash back also we will get and compare to market price its very good 1. Quality wise very good and original product2. Same colour and design3. Smart looks4. Shipping also very good and very good packing care with deliver,5. Installation also very fast from IFB and support also very good,6. Price is very available for  every one compare to others 7. Working with good and no sound 8. Good in promise which they commi..."
1959,5,First of all Thanks to flipkart for amazing service and offer.This is my review after 1 week use of productAbout product: product was amazing. I am using IFB washing machine from last 9 years (older model) so no any confusion to me for choose the new machine brand.In my group all have a different IFB washing machine.And this model also superb and cheap model. About flipkart:Very good service by flipkart. Product delivery on time as scheduled. Packing is awesome so no any damage shown on...
1960,5,"Very Useful for Small family. trusted brand IFB, Low cost front load washing machine, Friendly user options.Suggestible for entry level families who are willing to buy washing machine for the first time.Flipkart delivery service is good ,and also installation also done by IFB authorised person. Overall good product recommended to buy for entry level"
1961,5,Well a good washing machine at this level. Doesnt have detergent holder and timer display  and if u think that this two things are not vital for u ghen go for it.... Washes the cloth rinse and spin it in decent time.... not very noisy .... overall a good machine in a good price ....
1962,5,compact and good performance.....have been using Haier (another model) for last 4 years and very happy with it's performance.only thing to be improved in the automatic model is to provide rollers at the bottom so as to enable easy movement of the machine in the house.
1963,5,RecommendedBest value for money fully automatic washing machine.If you are used to fully automatic machine then this is breeze to useFull value for money Metal body Flipkart installation and delivery is seamless best service that you get like while purchasing from outside
1964,3,Honest review 3.8 star from my sideDetailed review At this price produc was amazing Quick wash take 25 min to complete cycle (wash and dry)Ariel wash takes 1.2 hr to complete cycle Top lid is not transparentManufacturer ( assembled in Pune India ) 8 programs Dry clothes upto 80%Not vibration a little bit Body made up of metalFunctional key was plastic Inlet pipe is only 1mtr if u want extention you have to purchase extra 1kg Ariel powder is freeNo led timer displayIam writin...
1965,5,"Very nice product & affordable price.works properly without making any noise,easy to operate,would recommend the product for sure 👍👍color is also very nice,installment done very fastly."
1966,4,"Writing this after 15 days of usage.Quality wise definitely good. Wash is perfect.Design let me down as there is no digital display, not much of an issue.Installation and delivery as perfect as it could be. Better than retail store.Excellent product for a family of 4. Happy."
1967,5,Must buy.. Great product at great price...
1968,4,"After 5 days I use I write the review this machine is good for for small family.nice product.fast delivery from Flipkart , installation fast.service is good thank u all."
1969,4,"In a word, remarkable, perfect in price, very clean and works very well, I have been using it for last three days, no problem at all, there is a slight noise that occurs on almost all machines. There is no timer display on the negative side and there is no tray to hold the detergent inside. But overall pretty good, installation and did it very quickly, I'm satisfied haier at this product. I gave it 4 * 3 out of 5"
1970,4,"Very good design and easy to operate. Needs proper water inlet and outlet facility. Functions are easy, normal Arial cycle is default function and functions automatically starts from the previous cycle if power interrupts. Soak function takes long time to wash."
1971,5,👍  good
1972,4,All over good
1973,4,Nice product nice design but not big actually same 7.5 kg size...
1974,5,Good Product
1975,5,Good one
1976,4,Value for money heavy 520W wash motor big tub and soak process is also fine.
1977,5,Very great...
1978,5,Good
1979,5,Nice
1980,4,"Pros:* Good for small family, clean and simple UI and easy to operate for old age people (specially if you are buying for father/mother/grand father/grand mother)* PAN India LG service, faster installation* 5 Star energy saving variant is good (my purchase is 5 star variant, and recommend the same)* Nearly no sound (sounds little and vibrates a bit during spin [#only during spin])Cons:* Water pressure is little slow"
1981,5,"Super intilgent machine.it is great machine with less buttons which is way convenient for elders or starters who will be easy to use.Just press power button and start button,rest machine is calculating load and it is automatically setting time needed and water needed to finish the wash. Wash quality is good and dry output is around 70%."
1982,5,Dear buyer if your planning to buy top load washing machine please go for LG it's really worth to buy in such a great price. LG washing machine it works so smoothly..not produce sound while in working...thumps up for LG..washing machine
1983,5,"Got delivery ahead of time, nice look and easy features to operate. Value for money than local market and even demo installations was very nice and ahead of time schedule the macine is installed. Mukul, assam"
1984,3,I have purchase this product in the Month of Nov. It was working smoothly from last 4 months but suddenly electrical short circuit in last week so very poor experience with LG&  Still care service not avialable from cmpny due to lockdown.
1985,3,"All things are good but 6.5 Kg model is not efficient enough specially in winters, it doesn't clean 6 winter clothes at a single instance properly. Although it have upto 8 modes but in total it is unable to clean clothes of 3 persons of a full week at a single go.For less clothes its ok but for heavier load one should switch to FRONT LOAD.Posting my review after 6 month uses."
1986,5,Works amazing.
1987,2,"If the machine works, it works fine. The problem is that quite a lot of times the clothes get shifted to a side while washing. As a consequence while attempting to spin the drum crashes into the body of the washing machine making extremely loud sounds that would make you think the machine is done with. I got it checked. The technician checked the level and simply asked me to reduce the weight of clothes i put in (note that there’s no overweight detection in this). Now even with smaller machin..."
1988,1,Bad washing machine not good ward cloth is dirty after 1 hour wash ..more consumption water bad wash quality....west may money....lg service is bad I buy 7 days no any service fot demo.....lg 3 motion is very bad ...any one buy only pusatar wash program.....3 motion is very bad....
1989,4,"It's a base model of LG washing machine. This is enough for a normal family to wash within limited programs.  Good performance giving machine.. I will recommend this honestly.  Delivery was on time. But, installation took much time.. Over all its a good washine machine for good performance and low budget."
1990,4,Easy to use
1991,5,Superb performance washing machine
1992,5,Nice product
1993,4,"Best for a small family, installation was also great. Brand value is also there you can see it from the day of installation."
1994,5,Good
1995,5,"Good product and value of money 💰, performance also good never say anything"
1996,5,Awesome purchase
1997,5,"Excellent washing machine with great features, Whirlpool is a clear winner in the variety of wash function it offers, very powerful motor and a five star rating."
1998,5,Very good product and wash quality is excellent with less power use and water use. Electricity consumption is really low with powerful motor. You can also operate thus machine through your inverter.I am adding my thoughts after 4 months usage no any problem found and it is working fine.You can go for it.....
1999,5,Excellent product!Design - BeautifulBuilt - PremiumPerformance - ExcellentFunctions and sensers - Best in classCloths cleaning - SuperbInstallation - Guy called and came as per the time suggested.
2000,5,Delivered well in advance than given date. Lovely piece liked by family. Next day the engineer came to fix the machine and explained the functionality. Thank you seller.
2001,2,Heavy vibrations... Taking too much time...
2002,2,Don't buy this LOUD NOISE WHILE WASHINGAnd Flipkart doesn't replace this rubbish productVERY BAD SERVICE
2003,1,"Motor sound very high,"
2004,4,Nice products I am Full satisfied
2005,1,Heavy noise..
2006,2,Okay product. It doesn't cleans the clothes very well but its okay for regular use. Sound is a bit more while washing clothes
2007,3,"Though it is 7.5 kg machine, it starts vibrating badly with dryer if dry load is more than 3.5/4 kg. Warm give luke warm wash, hot gives medium temperature wash. Compared to Samsung the temperature setting is much on the lower side. Cloth often gets badly tangled which I have seen in Whirlpool semi automatic washing machine which I purchased 7 years back. Frankly speaking, being Whirlpool, I expected a better product. Till now my experience with Whirlpool has been very good...their refrigerat..."
2008,4,Overall good
2009,5,"Easy to use, works fine .. Good one"
2010,4,I've got it on 25th from FK same day demo and installation also complete from Whirlpool..Not yet checked but the design and quality of the produc is good so satisfied on this prod..Detailed explanation from service person and delivery person  too... I will upload my user experience after one month...
2011,5,"Great machine. I switched to a this from a semi automatic one so it was really a impressive one. It’s lil bit noisy which I found to be ok as it is due to uneven weights of the clothes being washed at a time, when discussed with the installation guy."
2012,5,Qulity super excellent
2013,1,Worst product  electric problem & Heavy vibrations too much sound .....I think reviews all not genuine
2014,5,Nice one
2015,3,Good
2016,4,Very good product and service
2017,5,it's just a awesome product performance is soooooooooo good delivery service also was good the machine is more then I expected I love you Flipkart ❤️💕
2018,4,For first time look like a midium quality plastic body. But after use feel good performance wise and look wise also. Thanks flip kart for timaly service.
2019,4,"giving this review after using it for ten days. this is pretty good at this price. it doesn't take much long to wash clothes. within half an hour , washing will be completed. not making much noise , vibrations. well deserved product. thanks Flipkart for such a nice product."
2020,4,"After reading some negetive review I was in doubt ....But I order it with a risk, but after getting this I really surprised.Delivery boy is very helpful I give for delivery 5 star ..... Machine is new not used and no scratches. packaging is very good So if some one think to buy just buy ....No think it's very good product at this price One this is to improve in it that (so much vibration during drying process ) other wish product is awesome"
2021,5,Super machin work good....
2022,5,"After 1 year of use decided to give feedback because of the performance. When they delivered I felt So sad bcs of quality & light weight but after using sometime my tension went away. When you see at this price I felt quality is good if you won’t use rough. At this price best semi automatic machine small & compact size, value for money(aprx 9k) for small family like 5~6 members enough, Working absolutely fine. Go for it … I also researched a lot( middle class families 😊)for the W. machine an..."
2023,5,Washing machine is very Good overall.At 7.5Kg capacity Good enough even for big family of more than 4 members. Even at 3min drying is Good and cloths can be ready in few hours same day.It has some small inconveniences which can be improved by the maker.Drain pipe rear center position is not convenient.Power cable hanging provision to the machine is not proper.They should better provide a power on indicator.
2024,5,nice deal .. review on basis of usage from past few monthspros:- * value for money* compact as compare to other * spin works so well* rough and tough use* can wash a blanket alsocons* tyres timer and drain pipe quality is not good as expected but yes in this price this is the best one
2025,4,Good product. Writing the review after using it 6 months. Performance is good. Good capacity. Design is also ok. Overall a good experience. Good delivery time.
2026,4,"machine is good and easy to understand , even my mom can operate this machine who is not to much mobile friendly . i got this on a superb price...also whirlpool is a brand i can trust . i like the washing and drying of cloths...it all happened around 20 minutes....also so many features given in a very cheap price like tyres to move the machine top lid as a holding bucket it is just been 7 days but i loved what i ordered."
2027,5,Its is a surprise gift for my mom n she is sooo happy with it.. thank u flipkart for timely delivery🎁 🚚 looks Good ... max 4 bucket water used.. cleans good..... less noise... perfect for family of 4-or 5...65 minutes cycle for daily wash program..3 hour program for heater option..!! Using from just 3-4days .. will update soon 🎉 Happppy with the product. Its our 1st washing machine 😍🥳
2028,4,"Product is a fine one from Samsung.Product looks good but Flipkart description is misleading.This model does not have eco drum clean and smart check,these are for higher end models but that should not be deal breaker for most people.This is a basic model from Samsung that does its job well.Warranty information in Flipkart is also misleading.Warranty is actually 3 years and motor warranty is of 10 years.The motor uses belt and it’s not direct drive but it’s supposed to be power efficient,can ..."
2029,5,Good machine for four member family
2030,5,First thanks to Flipkart. What a speed delivery and same day installation and demo has done. Amazing design and look. We are very happy to have this product. I recommend to go for this Product.
2031,5,Design and easy of operation are good. It's the glass door provided and glass is scratch resistant than fiber. Go for 7 kg variant of you can afford other wise this is enough. Water pressure is required for smooth operation. Watertank should be above 3 meters.
2032,5,Seriously this is awesome ... Less power consumption is a big strength .. very nice product and very good service from Flipkart and Samsung ... thanks both of you ❣️
2033,5,"It's a no nonsense product. Does what it says. Almost silent operation compared to our previous top load machine. At 1000 RPM, the cloth gets dried within no time even if you're using an internal cloth stand.Delivery was not very comfortable as the guy made me lift the old washing machine from the first floor to ground floor. Normally there'd be two people doing this job."
2034,1,"3rd class product with 3rd class flipkart support. I ordered 6kg washing machine and found the actual washing DRUM CAPACITY is very very small, i am able to wash only 5 clothes at a time. I RAISED return request to Upgrade it to 8kg washing machine and they denied. They means Flipkart denied and says only if there is technical fault only then we can replace with same model capacity and colour.Worst flipkart policy worst support. THANK YOU FLIPKART TO GIVE ME THE REASON NOT TO BUY ANYT..."
2035,5,Wonderful productGood packaging
2036,4,"Nice washing machine with quality wash and I loved wide variety of options available for cleaning different clothes. And only disappointment is, it create lots of vibrations and produces noice rest everything is great go for it."
2037,5,"Best washing machineI prefer semi automatic machine so selected as per my budget1) This machine got bucket and it's very good facility2) Three pin cable little short so we require extension3) Vibration @ drying and avoid if we use yoga mat4) Design and look is very simple,  cute and best5) Color is white and grey which is very attractive6) Suitable for small family of 3 or 5 members"
2038,4,Vrey good  items useful delevard fast time table Thomson of washingmachines thank you.....
2039,4,"Washer is smoothly working,spinner is noisy and too much shaking on drying"
2040,4,Awesome product
2041,3,Pros:Does the job well. U can use water either thru inlet pipe or thru buckets as well. Quick time for both washing and spinning.Compact for small spaces than other semi auto machines. Easy to use. Very economical if you can bear with other minor issues mentioned above. Has a small wheel in one side which makes it easier to move it around.Cons:Very short wire. Supposedly french technology doesn't factor wore length??makes some noise or the other  at times when washing and drying and mak...
2042,4,Good. Quality
2043,4,Design wise good bt built quality is not upto mark. But still I m Loving it 😍
2044,1,Wire length is very shot...use extensions box..washing machine is mostly used water area...this washing machines very risk to use...you don't care about your loved ones life then buy it...
2045,5,Very good machine . but plastic quality is very low and motor speed nice rpm disin is very good and lite  weight . over all this price range very good machine . i hope service is good next time .
2046,1,waste
2047,5,"This machine has received India’s most Efficient Cleaning Performance Award. Yes, this product deserve the award as it works like a pro😍. I would suggest to buy it because it fulfills all parameters like Energy Efficient, Hard water wash mode, Compact in Size, Whirlpool as a brand, 7.5 kg huge space, plenty of wash modes..its a All Rounder👌👌"
2048,5,Fantastic product
2049,4,Value for Money & Good Delivery
2050,1,Exchange policy of Flipkart is very poor. Very little rust on my machine but they rejected my exchange and as per their policy they are not following the exchange value. Delivery boy which came was arrogant and have argued a lot. It's a total loss. Be aware all I have been cheated.
2051,5,"I have finalised this model after so much R&D on lots of washing machines.. its size and design is just awesome. Its have almost 12 programs which runs very nicely, you just put your cloths and detergent and got your fresh and clean cloths after 30-40 minutes. Inbuilt heater works very Nicely , very less vibrations, I feel very happy and satisfied customer after getting this product. Whirlpool service is undoubtedly so fast and followup is so impressive. Thankyou Flipkart and whirlpool."
2052,2,"The water inlet is too small so takes a lot amount of time to fill in water in tub. Water part has to be done 3 times so its basically put your clothes and forget for 2 hours.So, too much of time consumption.I asked support if they could help me fix issue with low water flow but no call back."
2053,4,On Time Delivery Good Flipkart And Same Day Installation Done Thanks
2054,4,Very useful machine but timing is very lat Apromaxietly 2 hours
2055,1,Hydraulic door doesn’t work properly. Don’t buy. Waste of money. Looks like used product.
2056,1,The machine sounds like tracktor. I'm not happy with the product .  Wanna send it back.
2057,5,"I ordered this around 5 months ago. I just wanted to see how it works and then write a review.First of all,flipkart delivery is really fast,didn’t expect it to get so sooner than the expected delivery time. Secondly,the packaging was nice and clean.Third,performance wise it’s awesome and it has a very good capacity.For a family of two,it has worked wonders for me. I’m fully satisfied with what I paid and what I got. And yes, you cannot expect all the mechanisms at this price range. It doesn’t..."
2058,5,"I stay with my 4 friends and we always plan to go and buy the WM however the price is so high but when I found this product on Flipkart I booked it and was using it for last 2 weeks tremendous performance....Ppl might say no dryer and all.....But I just want to answer this ""aab itna mai itna hi milta hai :-)""To be honest this WM is designed for Bachelor's only love this product..awsm design....Just go for it without thinking too much"
2059,5,"Really beautiful 🤩🤩 Nice Colour & performance also Good 👌👌👌, really worth for money Thank you FLIPKART 😍😍😍I'm very Happy with it"
2060,4,xlent product from flipcart thanq
2061,5,"In my bachelor's the most unsatisfied thing is cloths washing after purchase this lilliput I am really happy good performance, super washing and valuable for price"
2062,4,Nice product easy to use very comfortable
2063,5,"First I was scared to buy 'onida' brand while there were Samsung, etcetera brands in the market.....trust me.., onida does the job better than them at affordable price. it's awesome...!!!! No dirty remains in the clothes after the wash...!! And it's a 6.5Kg one, so you can wash more clothes at this price......I RECOMMEND IT...!!!!The switches, the tub quality and the speed of the machine are all way better than that Samsung , ifb.....the more important thing is that it is very compact and pl..."
2064,5,value for money and best quality 👌👌👌👌👌👌👌👌
2065,5,Writing this review after using 2 month. Given 5 star in all aspects. Prons : 1. East to use. 2. Will occupy small place. 3. Customer shouldn't have technically strong to understand like fully automatic machines. 4. Personally I like design so muc
2066,5,Its awesome.....for heavy bed sheets .....powerful...... Bt for some cloths like pants which contains metallic hooks its not good because inside body is made of plastic..... Washing capacity like powerful  machines.... So powerful....itte paise  me bahut acha ..... Still using from last four years awesome
2067,1,"I am using a LG machine for 4 years and a samsung one for 3 years. I selected a samsung because its cost was more than LG machine and thought that this one will be more better than LG, BUT when i used it i found that I made a very big mistake. LG machine is even very very much better than it. This makes high noise and i can not wash soft clothes. I had to wash them manually."
2068,5,Very best machine for 5 members of family  . It's in budget . Samsung is   best company. Delivery is also so good . Thanks Flipkart . You have to  must buy it . 😊🥰😍🙂
2069,4,"Nice design and work properly good working, excellent condition"
2070,5,Great washing machine at this range kudos to samsung but their will be vibration during washing but its okay great product worth for money go for it.
2071,4,Good
2072,4,Thanks flipkart
2073,4,It's really nice washing machine and it has great washing power. Got it at an affordable price as compare market price. Build quality is super and really cool design. Just go for it.
2074,5,I am extremely satisfied
2075,4,value for money. on time delivered.
2076,5,Pehle istemal kiya fir visvassh kiya.... 😄 really good product appropriate to but it......
2077,5,"Excellent washing machine with great features, Whirlpool is a clear winner in the variety of wash function it offers, very powerful motor and a five star rating."
2078,5,Very good product and wash quality is excellent with less power use and water use. Electricity consumption is really low with powerful motor. You can also operate thus machine through your inverter.I am adding my thoughts after 4 months usage no any problem found and it is working fine.You can go for it.....
2079,5,Excellent product!Design - BeautifulBuilt - PremiumPerformance - ExcellentFunctions and sensers - Best in classCloths cleaning - SuperbInstallation - Guy called and came as per the time suggested.
2080,5,Delivered well in advance than given date. Lovely piece liked by family. Next day the engineer came to fix the machine and explained the functionality. Thank you seller.
2081,2,Heavy vibrations... Taking too much time...
2082,2,Don't buy this LOUD NOISE WHILE WASHINGAnd Flipkart doesn't replace this rubbish productVERY BAD SERVICE
2083,1,"Motor sound very high,"
2084,4,Nice products I am Full satisfied
2085,1,Heavy noise..
2086,2,Okay product. It doesn't cleans the clothes very well but its okay for regular use. Sound is a bit more while washing clothes
2087,5,Comparable for joint family..
2088,5,"Happy to see these kind of productsWhich always feels us values for moneyMost recommended, Looks awesome, Quite Awesome !!!Thanks to the manufacturer And thanks flipkart for bringing these types of products"
2089,4,Excellent washing machine at this price
2090,5,"This product is worth for money , premium quality product ,I am very happy for ordering this product ."
2091,5,Value for money
2092,5,Nice
2093,4,Very goo product I am very happy
2094,5,Best
2095,5,Best
2096,5,Best
2097,4,At first i got a damaged product but flipkart was fast in arranging a replacement. The replacement effort really increased my faith in online purchases. Thank you flipkart.Monitor is good at this price.You can see some pixelation of text but images look fine. If you are looking for a big screen at a low price and ready to compromise a little on text quality go for it.
2098,5,After all the research I found this product to be best and pocket friendly in the segment. I bought this for 9899/-. The screen quality is awesome. If you are searching for great picture quality in budget this product is for you.
2099,5,"Low price, gud quality"
2100,5,"Good monitor for this price range.It comes with,1. HDMI port2. VGA port3. Audi line out (3.5 mm jack)Got this item within stipulated delivery dates."
2101,5,Super
2102,5,"Great picture Quality!!! satisfying all my needs like in work, entertainment and gaming !!👍Pros:1.Quality of display colours, PPi everything is great for it's price2.Matt finish display is great and 75Hz is more than enough for all kind of tasks! If ur not a hard core gamer!!Cons:1.only one HDMI port I wish there would be 2 HDMI ports in future models"
2103,1,Worst moniter dont buy this
2104,5,Awsummm
2105,5,Extremely satisfied been using for 3 weeks
2106,5,Very good productMust buy
2107,5,"This screen is awesome. I am a software engineer and this screen is perfect for the kind of work that I do. The colors are crisp. Anti-glare is on point, reflecting any ambient light from surroundings.I just wanted to highlight that If you use this screen, always keep the refresh rate at 75hz otherwise you will see some pixel artifact in the display."
2108,4,"Good monitor I'm mostly using it for coding & casual gaming and it's more than good for those purpose. Antiglare is on point, good colour reproduction watching movies on it is a different level experience. However I'm deducting 1star for following things1) Stand is not height adjustable.2) No builtin speaker at this price point one aux port is given    to connect external speaker.3) No user manual is shipped with the monitor. I have to figure out myself to download it's driver from Lenovo..."
2109,5,Outstanding monitor...
2110,4,"As per the specification, the refresh rate is 75. But actually it has only 60 Hz refresh rate."
2111,5,I love it . Its amazing very good product
2112,4,"Good product,.  But delivery very late"
2113,4,"Details of this product mention 75Hz, but it's 60Hz max. Edge to edge window is still not setup. Build quality is good. Screen size is massive."
2114,5,Best Moniter With In range of 10k. GO FOR IT 🤘
2115,5,The monitor is so good. Good delivery
2116,5,Great product 👌
2117,5,"Worth it ,Good HD monitor fully happy satisfied thank u flipkart"
2118,5,Good-quality at affordable price. Excellent picture quality. Packing was so good and on time delivery with in 2 days.Package includes1. Monitor 19 Inch2. VGA Cable - HDMI port is available3. Power Cable4. Stand.HD quality using for CCTv footage
2119,4,Till now (8months gone after purchased) I am getting good service from this monitor...I don't know that how long time it will be gone.....i think this may be give good service in future ❤️...at last I like to say that ..this is a great monitor in this price....I really can't think before buying this purchase that it will come in this price 😅
2120,1,Please don't buy if you want to use it as desktop monitor. I got attracted to lower price and brought it. But now I'm regretting my decision. I'm using it as my desktop monitor. The images looks pixilated when viewed from 1.5 Ft from screen. Smaller texts are hard to read. Screen looks bluish. I've tried all possible settings from the Monitor menu and tried to change display properties from  Windows but the situation hasn't improved. It gives me eyestrain and headache after looking into the m...
2121,5,Very nice monitor at this price range. Picture quality is very good.
2122,4,Good
2123,4,"Good product. Image equality is good. Brightness low. Slim, light wait,design just ok, material little low quality.overall good.That's enough this Price range."
2124,4,"Monitor is good for only CCTV . Height is not Adjustable. Cheap and Best, Monitor brightness is very low. Recommend you all to use for CCTV."
2125,5,Good quality
2126,4,Good product with low price.
2127,5,Nice monitor from acer. I love it.. Slim and white color gives rich look to the monitor.
2128,5,"Superb experience worth buying, thanks Flipkart.Packaging of the LED is very good.Highly recommend for Full-HD video editing as well as gaming of 1920x080p resolution.Frame rate - 75HzPower consumption - 22WattsScreen - Matt finishGlassy White body gives awesome finish.Best value product.Also got in box- HDMI & VGA CablesFinally can say.👍 Awesome 👍"
2129,5,Superb product for this budget but only thing is sound is so effective 😸
2130,5,Nice Product Good Working. Image Quality very Nice.
2131,5,"Just go for it, it's very nice looking and enough size for your regular use, though the speaker's are not that much of good but it's ok, Awesome monitor."
2132,5,Very good quality I am airtel dis direct concept nice monitor good packing excellent peace
2133,5,This is amazing i just got it in very nice price...design is so slim and good for eye sight...it comes with blue light filter which protect your eyes and picture quality is great at this price point you get a full hd display...and i am love with it..i am using this with my laptop.you can definately go for it.
2134,4,"Display is excellent. Good amount of brightness with natural colors. Bezel is thin, with white color, is an absolute beauty. The display is thin giving it the edge over monitors from Dell. At this price point, it's an excellent buy. Couple of shortcomings though. Monitor cannot be tilted or adjusted for height. The speakers are not even audible enough. Even the Mac Mini's internal speakers are better."
2135,4,"Good monitor with options to adjust brightness. Different display modes available for movie, work, sports, racing etc. USB not available. Keyboard and mouse connection on monitor, would be great to have."
2136,5,"Got this beautiful monitor within a day of ordering. This is a best in class, pocket friendly full HD monitor with all the features you can expect for this price range. Got this for 8.3K.Loving it for now..Will update the review after thorough usage."
2137,5,It was an awesome monitor for game and full HD movies 🤩.. and nice performance while full HD videos playing.. refresh rate is 70hz .. Bezel less display totally satisfied with this product 👌👌
2138,4,"Good product , Good Delivery , Delivery boy is Friendly handled. Thanks for support"
2139,5,Packaging is very good and led looks fabulous love it
2140,2,"I ordered the monitor just for it's 1ms response time and the VA Panel. Sadly it didn't turned well. I have been using IPS displays for all my life and switching to VA was a very bad decision. ProsLightGood design and the stand looks way better than any of the monitors out there.Lots of additional features and you get to configure it  according to you. Has multiple modes.(Sports, Movies, and many more)ConsThe VA Panel is not for you if you have been using IPS Displays. Please buy an I..."
2141,5,Best product very good for gaming comes witha n app very cool for gaming it's worth for every penny very recommended you can play games . It gives u the best experience when u play free fire 🔥🔥🔥🔥🔥
2142,5,"Most Value for money Monitor. VA panel, was worried about viewing angles but viewing angle is also good, refresh rate 75HZ, 1ms response time. Very cool stand. Stand is very stable. Screen is movable up down to 15 degrees. Lil bit movable like 3 degrees from left right. up Power consumption is low. Please note it doesn't have speakers which should not be a deal breaker. I have played mortal kombat 11, watched HD, blu ray movies and I work daily from home on this monitor. Warranty is 3 years...."
2143,4,"After using it for a year, i feel the Monitor is good for its price. I have faced no issues with the monitor yet.The colours are good, the Black Levels are adequate and u can adjust it too. It says 1ms response time but by default it is 4ms. You can turn on the VRB mode to get 1ms but it may strain your eyes.I would say there is no such noticeable difference in 60hz or 75hz. For Gaming, You would love playing Story Mode games in this Monitor as the colour output is good. But for Compet..."
2144,5,"Very nice product, very good packaging, overall a very good product for the price, i recommend it to everyone"
2145,5,Best monitor for gaming 75hz 1ms perfect
2146,5,Superb Monitor ...Loved it ❤️
2147,5,nice  product and beautiful monitor 😍😍 very clear screen  I love it so much
2148,5,LG monitor is very good it is budget segment monitor nice viewing angle and with nice features like power saving mode and many more
2149,5,well.....Ist of all package was mind blowing safe and tight. after unbox as usual harsware install. bt after i connect with pc i dont feel any HDness. well its jst a lcd monitor with led in back. thats it.. lest use it for some months.     see ya
2150,4,I like thz product. Low cost and wide screen. But when I see the moniter in top angle the screen is bright and in down angle the screen is dark.
2151,5,"Order on 13th Aug and Delivered on 25th Aug 2018 as mentioned. Firstly screen quality is too awesome, picture is clear. Gaming is better. Crisp display, i would say a better brand and worth the money."
2152,5,"omg!what a terrific purchase i had.though the scheduled delivery date was long but the wait was worth.such awesome packaging!the item got shipped from  Jaipur i think,still this was intact and in perfect condition.awesome display and size.the product is original.comes with a guarantee card too"
2153,5,Excellent product. Very good display. Packaging also very good. Timely delivered. Excellent service by FLIPCART.
2154,4,best in class value for money I am using it since 1 year it is working best loved it. but it is not meant for gaming
2155,5,"The Best Desktop Monitor You Will Get here, Awesome service and Mindblowing Package, The Slimness is Awesome and Excellent Packing.............Just Go For it......"
2156,5,This monitor is good and enough for daily use. it has been 1 month i have been using durable and worth of price
2157,5,"I always prefer Dell product and buying that from Flipkart is amazing fast , reliable ....just grab one can be used as CCTV monitor D2020H  VGA+ HDMI port also available."
2158,5,best Monitor less than 6k Definitely recommended for 19.5 inch monitor Also Hdmi Support i love this product Thanks Dell india
2159,5,Good product. But price varies a lot.. wait for right price and than buy
2160,5,Good product 👍
2161,4,All good. But only matter of concern is that the power cable has very large socket which is not fit in the UPS point. Either you buy a extension or change the cable or else use it directly in the main power system. Got it at 5400. 19.5 inch.
2162,5,This is a good quality. I am satisfied.
2163,5,Good monitor at this price. Usually i could have get HD screen but at the same price I got HD+ with 1600 * 900 resolution. Thanks Flipkart.
2164,5,Nice product
2165,5,dell monitor best view picture quality
2166,4,Good.
2167,4,This Lenovo LED backlit monitor is ideal for prolong office usage brightness not too much sharp eye comfort mode works well HDMI port is useful to other devices connectivity option lightweight and slim shaped beautiful monitor with less bezel must buy for pc and cctv camera footage view purpose
2168,5,It Very good prooduct iliked very much I can use like tv accha product ha
2169,4,"Review using this monitor for last 2 weeks.   I needed a  monitor to use along with my laptop.  My requirement was an 18.5"" HD  Monitor with HDMI  port ..  I was also on a tight budget as I indent to use to for a short duration during my quarantine.     This model ticks all right boxes and price was also reasonable (Rs.4799).   I am using it  as an extended monitor for my laptop ,mainly for coding and occasionally watching  YouTube videos.  This one perfectly suitable for my requirement and t..."
2170,5,Good
2171,5,Very nice and the picture quality is very nice
2172,1,"Monitor is worst .side view is not good heavy clare...cannot watch movie due to Clare.,don't buy.."
2173,5,Good monitor + hdmi + powercable
2174,2,I am very upset because monitor is coming without power cord. So l am very unhappy
2175,1,1 year back my lenovo order not nice very bad ... But y ekada blacks lines vachayee..
2176,2,"My eyes started getting strain, kind of pain, once I used this product"
2177,4,"I ordered two monitors and these look good. You can trust specs of this device. Build quality is not like benq, that I used in past but in 8.5k you get the best value of money."
2178,5,"Amazing monitor, totally worth the price, has a modern look and very thin bezels…colours are vibrant as well…delivered in just 2 days …loved it"
2179,4,Best
2180,5,"It's a very good product has good clarity, adequate refresh rate  and is pretty reasonable priced. I want to specifically mention that though this does not have height adjustment,but INCLUDES TILT ADJUSTMENT. Please check for screws in the cavity of the notch in the stand you are attaching to the back of the monitor.,( They are under a black tape sometimes) else everything is worth the money"
2181,4,As per Specifications all are top of the mark but one thing I would like unhide about this monitor is that when you enable eye saver mode the brightness controller get disable which I personally don't like as I think brightness level is bit high for me to work for long hours. And also there's only one HDMI and one VGA port available here there should be one more DP or HDMI port available on this for smooth work flow with other devices. Otherwise for flipkart side 5 stars for thier delivery be...
2182,5,Very much satisfied with the new monitor. I upgraded my old monitor with this one. Display clarity is great. Registered the product with Samsung product registration online and was able to view the warranty information.
2183,4,"Samsung makes good tv's. With monitors, it's a little different. From 2 feet distance, even the lowest brightness settings on this are severely discomforting. Only way to use this is to turn down rbg individually at zero brightness. Then, this becomes useful.The eye care mode is a joke - the panel would become warm and really bright while the brightness settings are disabled.If you want to buy Samsung - like I did - get this. Good for watching content now n then. For serious 10 hr+ workdays..."
2184,5,Excellent
2185,4,Nice Product
2186,5,Awesome monitor for WFHsize is also perfect.It can be tilted by loosing screws behind black tape of the stand.
2187,5,Monitor is better then I expected!!!!- Brightness is on point.- Screen size is big enough to get your work done.- Some times it lags if I use second screen as the projection mode but other than everything seems fine.- The design is sleek and elegant and takes less space. Easy to install stand and setup provided in the back to accommodate wires.
2188,5,Awesome Product by flipkart..Must Buy.👍
2189,5,I am very happy
2190,4,I Love this product
2191,5,I like this monitor in this price range or it's features are amazing and fast delivery. Overall best monitor in good price range.
2192,4,Nice products
2193,5,Best display at this price range. Accurate color reproduction and really slim bezels. Better than Samsung display at this price.
2194,5,Awesome
2195,5,It would have been great if the speaker had been included as well.Good for other things. The eye feels good. The visuals are pretty sharp and clear. The money given is worth it. It is difficult not to have the facility to hear the sound.
2196,2,Getting 2 Blurred patches on the right hand side of the screen.
2197,5,"Excellent product,looks awesome, performance perfect,only one drawback is no inbuilt speaker.Don't hesitate just go for it."
2198,5,Value for money monitor with IPS panel.
2199,1,HDMI CABLE  VERY POOR QUALITY
2200,5,Excellent....ecome exapress also very fast delivery
2201,5,Awesome👍Comes with HDMI Cable.... Easy to install... Plus point...... Controls on front side.... Overall GREAT 😊
2202,5,Good product ips panel monitors Value for money
2203,5,Monitor is better then I expected!!!!- Brightness is on point.- Screen size is big enough to get your work done.- Some times it lags if I use second screen as the projection mode but other than everything seems fine.- The design is sleek and elegant and takes less space. Easy to install stand and setup provided in the back to accommodate wires.
2204,5,Awesome Product by flipkart..Must Buy.👍
2205,5,I am very happy
2206,4,I Love this product
2207,5,I like this monitor in this price range or it's features are amazing and fast delivery. Overall best monitor in good price range.
2208,4,Nice products
2209,5,Best display at this price range. Accurate color reproduction and really slim bezels. Better than Samsung display at this price.
2210,5,Awesome
2211,5,It would have been great if the speaker had been included as well.Good for other things. The eye feels good. The visuals are pretty sharp and clear. The money given is worth it. It is difficult not to have the facility to hear the sound.
2212,2,Getting 2 Blurred patches on the right hand side of the screen.
2213,5,Except Sound Issues test everything is Good and best Option
2214,5,as expected from dell
2215,5,"Easy to install, looks great, value for money.  Overall, very pleased with the product. Didn't disappoint."
2216,5,Best Product at this price point. I got a defective product before but the customer support service is too quick they processed my replacement after reviewing. Flipkart is Best using it from 6 years. Happy and Satisfied
2217,4,"This is the good one which I have choose from many other in the market. 1. Color quality is pretty good. And its good also who is working with colors.2. 24"" size is perfect for coding.3. You can adjust the flip. Lack:1. Refresh Rate: If this is more then better for this monitor, Why because when you watch the movies/ videos you can clearly see the frame response.2. Speaker: Good to have small mono speakers."
2218,4,It was Good
2219,5,Awesome product full HD screen 24 inch Colours is bright.
2220,4,It looks like LED TV display iam very happy about this product...and also delivery was fast thanks to Flipkart..
2221,5,Bought this for 10k. The delivery was amazing. kudos to flipkart.  The main reason I bought it was for a secondary screen from my laptop. And this monitor does amazing work. following is my review. Pros:1. Amazing screen quality.2. IPS gives good wide range.3. color reproducibility is good.4. The comfort view does give good protection from bluelight and is the most important feature for me as I work for long hours.Cons.1. 16 amps power plug. you will either have to buy a converter or...
2222,5,"Just as promised. It's a good monitor for work. Resolution is full HD and not 4k. But to connect to a laptop and WFH, it is perfect. Contrast and brightness are just fine and totally adjustable based on individual preferences."
2223,5,"I bought this monitor after so much research of finding the best 24 inch IPS monitor.  Here are the pros and cons.Pros:IPS screen provides better colour accuracy & wider viewing angle3 side borderless screen provides that extra diagonal screen width unlike other monitors which provide 23.8 inch only instead of 24.Better picture modes for different needs(Gaming, Cinema, Photo Editing etc)Good refresh rate of 60 hz or 75 Hz with AMD freesyncGood Response time of 5msCons:Like every IP..."
2224,5,Best monitor brand in this price range. 75hrtz and amd free sync are good option. Working absolutely fine. But in order to use amd free sync one need to install radeon graphics app and customize the setting for each game Or universal as you want.
2225,5,"Really best panel good viewing angle loved it LG is best (Gaming, Editing, Etc ) best."
2226,4,"i am from photography field..i would say this moniter is worth money...each n every details can be seen, color details are perfect..."
2227,4,Monitor is great on its own but it wasn't a worthy upgrade for me or my expectations were more from it being an IPS display. I had a samsung monitor previously with VA panel and it was working perfectly. Never faced any issues. The colors were great but the vertical viewing angles were bad which again didn't matter so much. But I got tempted into buying an IPS display monitor after seeing it's features and reviews so I unnecessarily spent money on this.Now comparing it to my 8 year old sams...
2228,4,Nice monitor features are fully loaded.Pros viewing angles is very good Color calibrated monitor colors output is very natural.Amd freesync monitor but it's work also on intel processor 75 HZ refresh rate Cons No power LED indicator
2229,5,"Exactly as i hoped it to be, deeper dark and brighter whites , decent picture quality, less bright though, but nice to watch movies in less illuminated room, don't get bothered about the  ips glow (pretty much acceptable ), all in all best budget ips 75 Hz monitor with freesync."
2230,5,"Bought it for WFH. It's an amazing purchase. The colours are good, bezels are thin (only 3 sides). And the joystick is fun to operate. There is a reader mode in the monitor which blocks blue light. Also it's probably not mentioned here, but vertical angle adjustment is possible. Only thing which took me by surprise is.. The back portion is white coloured which is not obvious from the images shown here. I was fine so kept it."
2231,5,Pros: good price to quality ratio if you get it at 7k.Multiple modes of picture. Single joystick like button very easy and convenient.2 hdmi slot and audio out.Low power consumption.Bezel thin and sturdy build quality.Good viewing angle.Cons:High brightness. Needed to go into settings and adjust contrast to lower the brightness.Plug wire is short 1m only.Color accuracy may be less.Please give some time for screen to calibrate once connected. It will show reddish hue all over scre...
2232,5,awesome product must buy.... recommended for photo and video editing
2233,5,"LG 22MP68VQ.This monitor very good .My personal experience .Videos performs good quality .And this morning looking good. I have not gaming experience share. Because, My lower PC , I have not trying to games and HDMI port. So, I think, this is a best budget monitor. Sorry, My English is not good. Please try to adjustment. That's all."
2234,5,"Fabulous PurchaseI am Writing this review after 10 Days of Purchase!!!And Believe it or notI don't think presently under 10000 price segment any other monitor can c compete with this. This monitor is absolutely awesome. IPS LED bezel-less display 5 millisecond response time, cable manager, with great viewing angles, awesome colours.If You are looking for a budget big screen monitor so you can choose it without any doubt. I have purchased many monitors import segments higher prices and lo..."
2235,5,"This is my first ever 1080p IPS monitor. The display is really nice and the colors are all really vibrant. It supports freesync and upto 75Hz refresh rate. Out of the box it's at 60Hz unless you turn on freesync. You can unlock the 75Hz even on Nvidia graphics cards, except it won't support the AMD freesync technology. You get an HDMI cable out of the box too, even though I didn't see it being mentioned in the product page.Please do note that you can't enter BIOS while having the freesync op..."
2236,5,awesom ips led monitor
2237,5,"22MP68VQ and 22MK600M both have same specification except 3 spec1. 22MP68VQ IS 2016 MODEL BUT  22MK600M IS 2018 MODEL and the Manufacturing date may vary in both  the models2. 22MP68VQ has VGA, DVI, HDMI and audio out ports - 22MK600M has VGA, 2 HDMI and audio out ports3. MOST IMPORTANT IS DISPLAY (Panel Bit depth)22MP68VQ is 8 bits panel and 22MK600M is 8 bits (6 bits + FRC) which is low quality and low cost display than 8 Bits panel.6 Bits + FRC panel is a 6 bits panel and it try to ..."
2238,4,this product has been successfully exported but send a long time ok i am happy
2239,5,Perfect Monitor cum TV for me. Full HD clarity display. I am fully satisfied after buying such affordable Full HD LED Monitor. Actually I have connected Airtel Digital TV and enjoying awesome video experience.
2240,5,"pesa vasool, dont think twice go for it.btw i got it in cc offer at 7200. still thinking? then watch indian gamer review on YouTube."
2241,5,this monitor is best
2242,5,"I am so happy 🤗🤗🤗🤗 after buying this monitor. the picture quality of this monitor is awesome. this monitor's have VGA, HDMI and DVI port. overall this is best budget monitor"
2243,5,"1 Own 3 of these and I must say.....Benq is best at display...Really gives you paperlike feeling at reading mode. Reading text was never so better..On the other hand, the IPS panel of this gives you incredible display with decent black levels that we are used to.If you buy these you will feel style dropping off from these.Its beautiful ;)...Loving it.PLEASE NOTE: THIS IS AUSTRALIAN IMPORT SO NO INDIAN POWER CABLE.........................."
2244,5,Giving review after 10 days.  I am satisfied with this monitor. If you are looking for office work then its great choice. I bought this after reading review. Eye care technology is good. Whenever you go near the monitor sensor detects motion and will adjust brightness. There is sensor attached below monitor that manage the brightness as per your body distance. Speaker is not good and to be honest you cant expect good speaker in this price range. After all i know you are going to attach exte...
2245,5,"Quality is good viewing angles are also good IPS panel display but the sound output is very less, lesser than the mobile phone, inbuilt speakers are useless,One VGA input and one HDMI , also the auto matic brighness feature also working well comparing the price with other available in the market the product is very good."
2246,4,"The monitor was worth an investment. The display is nice and the screen area cover is good too. I am yet to discover all the display features but the options of brightness to be set for reading, net surfing, etc is a good one. To customize brightness, etc is something which I don't see as of now."
2247,5,Review after 7 days !!!Wonderful screen. Picture quality is awesome. Design is very nice. You need to set according to your choice in case you need for better feeling. I have changed the brightness and contrast accordingly. It have eye care technology which will have low blue light emission but I changed to manually to my choice.  It's perfect for coding and other activities. You will be feeling good after working on this screen due to size and quality. Light sensor works perfectly fine. ...
2248,4,"Let's start with real world performance. The monitor looks chic and the slim bezels wows. The brightness is adequate and colours pop decently. The image is pretty sharp too. Now coming to the more technical side, the monitor can be easily over clocked to 75Hz for a smoother gaming experience. I got the monitor for Rs 7700 in sale and at this price it's a steal!!"
2249,5,"A perfect monitor for content creators and students and IT employees. It's been 3 months now working great for me, and you can customize the view angle and adjust for eye vision. Thanks flipkart and local delivery person Mr.Meganathan for the speedy and secure delivery!!!"
2250,5,Monitor is well built and IPS panel is good enough for multimedia consumption and development purposes. Pros: 1.  BI sensor works really great. It adjusts the colour temperatures automatically based on room brightness. 2. Auto turn off feature works just as advertised. It Saves power consumption when it is sitting idle. 3. Quality HDMI cable is given in the box. 4. Out of the box settings are sufficient enough to use it without any extra efforts. Cons: 1. Monitor wake up time is too ...
2251,5,Good product with good price . I recommend to buy it. I love it becoz of its picture quality and style.
2252,4,"Budget monitor with best visual experience. Any kind of high end video it plays smoothly from HD to UHD, the picture modes are very good. Color definitions are good color differentiation is also very good, but one issue is there and that is the sound of the monitor. Don't depend on the inbuilt speakers of the monitor the sounds are very low but the sound quality is good. I would suggest this monitor without a second thought."
2253,5,"1 Own 3 of these and I must say.....Benq is best at display...Really gives you paperlike feeling at reading mode. Reading text was never so better..On the other hand, the IPS panel of this gives you incredible display with decent black levels that we are used to.If you buy these you will feel style dropping off from these.Its beautiful ;)...Loving it.PLEASE NOTE: THIS IS AUSTRALIAN IMPORT SO NO INDIAN POWER CABLE.........................."
2254,5,Giving review after 10 days.  I am satisfied with this monitor. If you are looking for office work then its great choice. I bought this after reading review. Eye care technology is good. Whenever you go near the monitor sensor detects motion and will adjust brightness. There is sensor attached below monitor that manage the brightness as per your body distance. Speaker is not good and to be honest you cant expect good speaker in this price range. After all i know you are going to attach exte...
2255,5,"Quality is good viewing angles are also good IPS panel display but the sound output is very less, lesser than the mobile phone, inbuilt speakers are useless,One VGA input and one HDMI , also the auto matic brighness feature also working well comparing the price with other available in the market the product is very good."
2256,4,"The monitor was worth an investment. The display is nice and the screen area cover is good too. I am yet to discover all the display features but the options of brightness to be set for reading, net surfing, etc is a good one. To customize brightness, etc is something which I don't see as of now."
2257,5,Review after 7 days !!!Wonderful screen. Picture quality is awesome. Design is very nice. You need to set according to your choice in case you need for better feeling. I have changed the brightness and contrast accordingly. It have eye care technology which will have low blue light emission but I changed to manually to my choice.  It's perfect for coding and other activities. You will be feeling good after working on this screen due to size and quality. Light sensor works perfectly fine. ...
2258,4,"Let's start with real world performance. The monitor looks chic and the slim bezels wows. The brightness is adequate and colours pop decently. The image is pretty sharp too. Now coming to the more technical side, the monitor can be easily over clocked to 75Hz for a smoother gaming experience. I got the monitor for Rs 7700 in sale and at this price it's a steal!!"
2259,5,"A perfect monitor for content creators and students and IT employees. It's been 3 months now working great for me, and you can customize the view angle and adjust for eye vision. Thanks flipkart and local delivery person Mr.Meganathan for the speedy and secure delivery!!!"
2260,5,Monitor is well built and IPS panel is good enough for multimedia consumption and development purposes. Pros: 1.  BI sensor works really great. It adjusts the colour temperatures automatically based on room brightness. 2. Auto turn off feature works just as advertised. It Saves power consumption when it is sitting idle. 3. Quality HDMI cable is given in the box. 4. Out of the box settings are sufficient enough to use it without any extra efforts. Cons: 1. Monitor wake up time is too ...
2261,5,Good product with good price . I recommend to buy it. I love it becoz of its picture quality and style.
2262,4,"Budget monitor with best visual experience. Any kind of high end video it plays smoothly from HD to UHD, the picture modes are very good. Color definitions are good color differentiation is also very good, but one issue is there and that is the sound of the monitor. Don't depend on the inbuilt speakers of the monitor the sounds are very low but the sound quality is good. I would suggest this monitor without a second thought."
2263,5,Great Monitor Overall 🔥! 165 hz really immerse pleasing experience. Great for visual designing and gaming.  Would have been better if they had added the vertical tilt.
2264,5,Monitor is better then I expected!!!!- Brightness is on point.- Screen size is big enough to get your work done.- Some times it lags if I use second screen as the projection mode but other than everything seems fine.- The design is sleek and elegant and takes less space. Easy to install stand and setup provided in the back to accommodate wires.
2265,5,Awesome Product by flipkart..Must Buy.👍
2266,5,I am very happy
2267,4,I Love this product
2268,5,I like this monitor in this price range or it's features are amazing and fast delivery. Overall best monitor in good price range.
2269,4,Nice products
2270,5,Best display at this price range. Accurate color reproduction and really slim bezels. Better than Samsung display at this price.
2271,5,Awesome
2272,5,It would have been great if the speaker had been included as well.Good for other things. The eye feels good. The visuals are pretty sharp and clear. The money given is worth it. It is difficult not to have the facility to hear the sound.
2273,2,Getting 2 Blurred patches on the right hand side of the screen.
2274,5,"This one is absolutely perfect for work productivity. In terms of features, it has almost everything a developer needs😎. Adjustments are really great. Everything is superb at the price point. Apart from features, aesthitically very cool and pleasing to look at. Definitely worth buying. 👌"
2275,5,Nice performance
2276,5,best prise good quAlity
2277,5,It's great Monitor color and looks awesome... over all it's nice but bit costly...
2278,5,dell 27 in perfect size..........super
2279,5,"This monitor takes my design to another level 🥰👌🏻,  Excellent product 😍👏🏻🤝.."
2280,5,"Awesome 👍Just go for it... After lot of research I ordered Dell, and no regret. Happy. Dell always delever best design and monitor is best for designers."
2281,5,"Best pick for office work like Motion graphics,  graphic design,  3d and software engineer..... upto 60fps for games.... good for games as normal play"
2282,5,"It's just a wow product. The quality, the built, the screen feels just amazing to view. It's the best balanced monitor currently available with IPS panel with USB hub for connection. This product serves the purpose very well at a reasonable price"
2283,5,Good product amazing
2284,3,"Pros - Slim border line style. Lightweight & compact. 3 year acer warranteeCons- Too much LED backlight,Back light leaks too much.Due to excessive LED backlight picture quality is whitissh.Those who are used to use LCD monitor without backlight they will definitely make complaint. I got replacement. But replacement was also had this quality issues.In fact it is not manufacturing defect. It is design error.Sad thing is that Flipkart avoided to give refund by giving false assurances ..."
2285,5,Amazing work good quality display mind-blowing super fast delivery
2286,5,perfect  product with this price.  fully satisfied... thanks flipkart for fast delivery...👌👍
2287,4,"good product , sound need to be improved , sound is given by company but not useful. but all other things are vary good , i love this product in this range it is actually lcd moniter with led backlight, when black. colour comes on screen it looks too darker like almoded display"
2288,5,The product was great I am loving it and it's working properly and nice packaging nice monitor
2289,4,Happy With the quick delivery of flipkart. But the actual resolution of the monitor is 1366 x 768 not 1600 x 900 as written on the description.so beware of that. And the other thing. I only got this product today so I can't say more about this monitor. But I can say one thing for sure this monitor is pretty much satisfactory for its cost. Maybe I will re-edit this review after using this product for some days.
2290,4,Using this product for 2 months now and is truly worth the money. The pixel quality is very clear and the menu options are very easy. The size of the Monitor is so big so as to give a theatre experience for movies and awesome experience for games.
2291,5,I am writing this review after making fair and reasonable used the Monitor for 1 month.The product quantity:The Acer monitor is a good quality monitor. I am satisfied with the product. It is running fine till date. It is promptly delivered as described in the Flipkart. I say my sincere thanks to Acer Team and Flipkart team.
2292,5,This is a great product within its price range. I had initially trouble setting its colours since the instructions booklet writes meagerly about how to customise it to your needs. I used the computer gtaphics methods to make it function according to my requirements. I use it as a TV also since I have an internal TV tuner card. Though an LCD monitor its colours and 3D effect are stunning. It is an ace among monitors and a great value for money..I do hope it will  give years of service. Thank y...
2293,3,I am little bit angry. This is LCD Monitor not HD + LED described by your heading line.Speaker have no sound. Lastly I love it ❤️ ... because LCD 19.5 inch good and fit with the price.Nice Packaging.Thank you Flipkart.
2294,5,The device is really nice and stand is sturdy as well.Will totally recommend this for a multiple monitor setup since the bezels are really thin.
2295,4,"Considering the price its a great deal.. However, the max brightness is slightly less than ideal.. And the refresh rate isn't great while watching videos.."
2296,5,Awesome display. Best to use WFH for coders. Display is sharp and no bleeding cell. Just perfect 👍
2297,2,The product from MSI is good. But the service from flipkart is horrible. The sound quality of monitor is average and wanted to return it and buy some other monitor with better sound quality. But flipkart won't allow it. For me it's noting more than a junk. Total waste. If you have extra money and need a junk that seems pretty go and buy products from flipkart.I am keeping this in my store room as a souvenir from Flipkart.*Can't you guys even publish a genuine feedback*
2298,5,"Cool and best in below 9000 prize range ,go for it"
2299,5,"Great display, accurate colours at this price range"
2300,5,Superb monitor first brought 1 used for 2 months and after that bought another one .
2301,5,Awesome
2302,5,Only one issue with adapter
2303,5,Worth the money u spend for this monitor Great deal Using for cctv footage monitorWonderful built MSI brand which we can trust for
